[10:38:17] App Pro started.
[10:38:17] Mode: both | Schedule: 10:00-19:30 Mon-Fri (Active)
[10:39:23] skip: keyboard (user active)
[10:39:28] skip: mouse (user active)
[10:39:33] skip: mouse_slow_wide_drift (user interrupted)
[10:39:38] skip: keyboard (user active)
[10:39:43] skip: keyboard (user active)
[10:39:48] skip: mouse (user active)
[10:39:53] skip: mouse_vertical_move (user interrupted)
[10:39:59] skip: key_alt_tab_bounce(10) (user interrupted)
[10:40:04] skip: keyboard (user active)
[10:40:09] skip: mouse (user active)
[10:40:14] skip: keyboard (user active)
[10:40:19] skip: key_double_tap(shiftright) (user interrupted)
[10:40:24] skip: mouse (user active)
[10:40:29] skip: mouse (user active)
[10:40:34] skip: mouse (user active)
[10:40:39] skip: mouse (user active)
[10:40:44] skip: mouse (user active)
[10:40:49] skip: mouse (user active)
[10:40:54] skip: mouse_slow_wide_drift (user interrupted)
[10:40:59] skip: mouse_tiny_step (user interrupted)
[10:41:04] skip: mouse_curved_ease_in_out (user interrupted)
[10:41:09] keyboard: key_hold(shiftleft, (0.1, 0.4)) - 2m51s
[10:42:02] skip: mouse_zigzag_three_segments (user interrupted)
[10:42:07] skip: keyboard (user active)
[10:42:12] skip: mouse (user active)
[10:42:17] skip: mouse_curved_ease_in_out (user interrupted)
[10:42:22] skip: keyboard (user active)
[10:42:27] skip: mouse (user active)
[10:42:32] skip: keyboard (user active)
[10:42:37] skip: keyboard (user active)
[10:42:42] skip: keyboard (user active)
[10:42:47] skip: keyboard (user active)
[10:42:52] skip: keyboard (user active)
[10:42:57] skip: mouse (user active)
[10:43:02] skip: keyboard (user active)
[10:43:07] skip: keyboard (user active)
[10:43:12] skip: mouse (user active)
[10:43:17] skip: keyboard (user active)
[10:43:22] skip: mouse_long_diagonal_sweep (user interrupted)
[10:43:27] skip: keyboard (user active)
[10:43:33] skip: key_sequential_tap(shiftleft, ctrlright) (user interrupted)
[10:43:38] skip: keyboard (user active)
[10:43:43] skip: keyboard (user active)
[10:43:48] skip: keyboard (user active)
[10:43:53] skip: mouse (user active)
[10:43:58] skip: keyboard (user active)
[10:44:03] skip: keyboard (user active)
[10:44:08] skip: keyboard (user active)
[10:44:13] skip: keyboard (user active)
[10:44:18] skip: mouse (user active)
[10:44:23] skip: mouse (user active)
[10:44:28] skip: keyboard (user active)
[10:44:33] skip: key_triple_tap(ctrlleft) (user interrupted)
[10:44:38] skip: keyboard (user active)
[10:44:43] skip: keyboard (user active)
[10:44:48] skip: mouse (user active)
[10:44:53] skip: mouse (user active)
[10:44:58] skip: keyboard (user active)
[10:45:03] skip: mouse (user active)
[10:45:08] skip: keyboard (user active)
[10:45:13] skip: keyboard (user active)
[10:45:18] skip: keyboard (user active)
[10:45:23] skip: keyboard (user active)
[10:45:28] skip: keyboard (user active)
[10:45:33] skip: mouse (user active)
[10:45:38] skip: keyboard (user active)
[10:45:43] skip: mouse_zigzag_two_segments (user interrupted)
[10:45:48] skip: keyboard (user active)
[10:45:53] skip: keyboard (user active)
[10:45:58] skip: mouse (user active)
[10:46:03] skip: keyboard (user active)
[10:46:08] skip: keyboard (user active)
[10:46:13] skip: keyboard (user active)
[10:46:18] skip: keyboard (user active)
[10:46:23] skip: mouse (user active)
[10:46:28] skip: mouse (user active)
[10:46:33] skip: mouse (user active)
[10:46:38] skip: keyboard (user active)
[10:46:43] skip: mouse (user active)
[10:46:48] skip: mouse_horizontal_move (user interrupted)
[10:46:53] skip: mouse_long_diagonal_sweep (user interrupted)
[10:46:58] skip: mouse_reverse_curve (user interrupted)
[10:47:03] skip: mouse_zigzag_two_segments (user interrupted)
[10:47:08] skip: keyboard (user active)
[10:47:14] skip: key_alt_tab_bounce(2) (user interrupted)
[10:47:19] skip: mouse_short_move (user interrupted)
[10:47:24] keyboard: key_hold(shiftleft, (0.5, 1.2)) - 6m14s
[10:48:29] skip: mouse_big_jump (user interrupted)
[10:48:34] skip: mouse_random_walk_chain (user interrupted)
[10:48:39] keyboard: key_hold(ctrlleft, (0.5, 1.2)) - 1m15s
[10:49:14] skip: key_triple_tap(shiftleft) (user interrupted)
[10:49:19] keyboard: key_tap(shiftright) - 0m40s
[10:50:16] skip: keyboard (user active)
[10:50:21] skip: mouse_long_move (user interrupted)
[10:50:27] skip: key_sequential_tap(ctrlright, shiftleft) (user interrupted)
[10:50:32] keyboard: key_hold(shift, (0.5, 1.2)) - 1m12s
[10:51:21] skip: key_lock_toggle(scrolllock, 2) (user interrupted)
[10:51:26] keyboard: key_tap(ctrlleft) - 0m54s
[10:52:36] keyboard: key_tap(ctrlleft) - 1m10s
[10:53:20] skip: key_sequential_tap(shift, ctrl) (user interrupted)
[10:53:25] skip: key_triple_tap(shiftright) (user interrupted)
[10:53:30] skip: mouse_diagonal_move (user interrupted)
[10:53:35] keyboard: key_tap(shiftleft) - 0m58s
[10:54:49] keyboard: key_hold(shift, (0.1, 0.4)) - 1m14s
[10:55:59] skip: keyboard (user active)
[10:56:04] skip: mouse_slow_wide_drift (user interrupted)
[10:56:09] skip: keyboard (user active)
[10:56:14] skip: mouse (user active)
[10:56:19] skip: keyboard (user active)
[10:56:24] skip: mouse (user active)
[10:56:29] skip: keyboard (user active)
[10:56:34] skip: mouse_reverse_curve (user interrupted)
[10:56:39] skip: keyboard (user active)
[10:56:44] skip: mouse (user active)
[10:56:49] skip: mouse (user active)
[10:56:54] skip: keyboard (user active)
[10:56:59] skip: keyboard (user active)
[10:57:04] skip: mouse (user active)
[10:57:09] skip: keyboard (user active)
[10:57:14] skip: keyboard (user active)
[10:57:19] skip: mouse (user active)
[10:57:24] skip: mouse (user active)
[10:57:29] skip: mouse (user active)
[10:57:34] skip: mouse (user active)
[10:57:39] skip: keyboard (user active)
[10:57:45] skip: key_triple_tap(ctrlright) (user interrupted)
[10:57:50] skip: mouse_zigzag_two_segments (user interrupted)
[10:57:55] skip: key_lock_toggle(numlock, 2) (user interrupted)
[10:58:00] keyboard: key_tap(ctrlright) - 3m10s
[10:58:54] skip: keyboard (user active)
[10:58:59] skip: keyboard (user active)
[10:59:04] skip: mouse (user active)
[10:59:09] skip: keyboard (user active)
[10:59:14] skip: keyboard (user active)
[10:59:19] keyboard: key_hold(shiftright, (0.5, 1.2)) - 1m19s
[11:00:07] skip: mouse_random_walk_chain (user interrupted)
[11:00:13] skip: key_double_tap(shiftright) (user interrupted)
[11:00:18] keyboard: key_hold(shift, (0.5, 1.2)) - 0m58s
[11:01:09] skip: mouse (user active)
[11:01:14] skip: keyboard (user active)
[11:01:19] skip: keyboard (user active)
[11:01:24] skip: keyboard (user active)
[11:01:29] skip: mouse_horizontal_move (user interrupted)
[11:01:34] skip: mouse (user active)
[11:01:39] skip: keyboard (user active)
[11:01:44] skip: keyboard (user active)
[11:01:49] skip: mouse (user active)
[11:01:54] skip: mouse (user active)
[11:01:59] skip: keyboard (user active)
[11:02:04] skip: mouse (user active)
[11:02:09] skip: keyboard (user active)
[11:02:14] skip: keyboard (user active)
[11:02:19] skip: keyboard (user active)
[11:02:24] skip: mouse (user active)
[11:02:29] skip: keyboard (user active)
[11:02:34] skip: keyboard (user active)
[11:02:39] skip: keyboard (user active)
[11:02:44] skip: mouse (user active)
[11:02:49] skip: mouse_curved_ease_out (user interrupted)
[11:02:54] skip: keyboard (user active)
[11:02:59] skip: mouse (user active)
[11:03:04] skip: key_modifier_medley(2) (user interrupted)
[11:03:09] skip: mouse (user active)
[11:03:14] skip: mouse (user active)
[11:03:19] skip: mouse (user active)
[11:03:24] skip: keyboard (user active)
[11:03:29] skip: mouse (user active)
[11:03:34] skip: keyboard (user active)
[11:03:39] skip: key_triple_tap(shiftright) (user interrupted)
[11:03:44] skip: mouse_diagonal_move (user interrupted)
[11:03:50] keyboard: key_hold(shiftright, (0.5, 1.2)) - 3m31s
[11:04:44] skip: key_double_tap(ctrl) (user interrupted)
[11:04:49] skip: mouse_zigzag_two_segments (user interrupted)
[11:04:54] skip: keyboard (user active)
[11:04:59] skip: mouse_micro_jitter (user interrupted)
[11:05:04] skip: key_triple_tap(shift) (user interrupted)
[11:05:09] keyboard: key_hold(shift, (0.5, 1.2)) - 1m19s
[11:06:23] skip: mouse_curved_ease_in (user interrupted)
[11:06:28] keyboard: key_hold(shiftleft, (0.5, 1.2)) - 1m19s
[11:07:41] skip: mouse_vertical_move (user interrupted)
[11:07:46] skip: mouse_medium_move (user interrupted)
[11:07:51] skip: mouse_long_move (user interrupted)
[11:07:56] skip: mouse_random_walk_chain (user interrupted)
[11:08:01] skip: mouse_big_jump (user interrupted)
[11:08:06] keyboard: key_hold(ctrl, (0.5, 1.2)) - 1m37s
[11:08:50] skip: key_triple_tap(ctrlleft) (user interrupted)
[11:08:55] skip: key_alt_tab_bounce(6) (user interrupted)
[11:09:00] skip: mouse_random_walk_chain (user interrupted)
[11:09:06] keyboard: key_tap(shiftright) - 0m59s
[11:10:00] skip: key_double_tap(shiftright) (user interrupted)
[11:10:05] skip: mouse_long_diagonal_sweep (user interrupted)
[11:10:10] skip: mouse_curved_ease_in (user interrupted)
[11:10:15] skip: key_modifier_medley(4) (user interrupted)
[11:10:20] skip: mouse_random_walk_chain (user interrupted)
[11:10:25] skip: keyboard (user active)
[11:10:30] skip: mouse (user active)
[11:10:35] skip: mouse (user active)
[11:10:40] skip: keyboard (user active)
[11:10:45] skip: mouse_zigzag_two_segments (user interrupted)
[11:10:50] skip: mouse_zigzag_two_segments (user interrupted)
[11:10:56] skip: key_triple_tap(ctrlleft) (user interrupted)
[11:11:01] skip: keyboard (user active)
[11:11:06] skip: key_alt_tab_bounce(6) (user interrupted)
[11:11:11] skip: keyboard (user active)
[11:11:16] skip: key_triple_tap(shiftright) (user interrupted)
[11:11:22] keyboard: key_hold(ctrlright, (0.5, 1.2)) - 2m15s
[11:12:15] skip: mouse (user active)
[11:12:20] skip: mouse (user active)
[11:12:25] skip: mouse_big_jump (user interrupted)
[11:12:30] skip: keyboard (user active)
[11:12:35] skip: mouse (user active)
[11:12:40] keyboard: key_hold(ctrlleft, (0.5, 1.2)) - 1m18s
[11:13:12] skip: keyboard (user active)
[11:13:17] skip: mouse_curved_ease_in (user interrupted)
[11:13:22] skip: keyboard (user active)
[11:13:27] skip: key_alt_tab_bounce(2) (user interrupted)
[11:13:32] skip: keyboard (user active)
[11:13:37] skip: mouse (user active)
[11:13:42] skip: keyboard (user active)
[11:13:47] skip: keyboard (user active)
[16:54:59] App Pro started.
[16:54:59] Mode: both | Schedule: 10:00-19:30 Mon-Fri (Active)
[16:55:52] skip: mouse_fast_flick (user interrupted)
[16:55:57] skip: key_sequential_tap(ctrlright, shiftleft) (user interrupted)
[16:56:02] keyboard: key_hold(shiftleft, (0.1, 0.4)) - 1m3s
[16:56:37] skip: keyboard (user active)
[16:56:42] skip: keyboard (user active)
[16:56:47] keyboard: key_hold(shiftright, (0.5, 1.2)) - 0m45s
[16:57:54] skip: key_lock_toggle(scrolllock, 2) (user interrupted)
[16:57:59] skip: mouse_long_diagonal_sweep (user interrupted)
[16:58:04] skip: keyboard (user active)
[16:58:09] skip: mouse_curved_ease_out (user interrupted)
[16:58:14] keyboard: key_hold(shiftleft, (0.1, 0.4)) - 1m26s
[16:59:09] skip: keyboard (user active)
[16:59:14] skip: mouse (user active)
[16:59:19] skip: mouse_random_walk_chain (user interrupted)
[16:59:24] skip: mouse_reverse_curve (user interrupted)
[16:59:30] skip: key_alt_tab_bounce(2) (user interrupted)
[16:59:35] skip: key_sequential_tap(shiftleft, ctrlright) (user interrupted)
[16:59:41] skip: key_lock_toggle(scrolllock, 2) (user interrupted)
[16:59:46] keyboard: key_hold(shiftleft, (0.1, 0.4)) - 1m31s
[17:00:46] skip: mouse_vertical_move (user interrupted)
[17:00:51] skip: mouse_curved_ease_in_out (user interrupted)
[17:00:56] keyboard: key_tap(pause) - 1m10s
[17:02:10] skip: mouse_reverse_curve (user interrupted)
[17:02:15] skip: mouse_big_jump (user interrupted)
[17:02:20] skip: mouse_zigzag_three_segments (user interrupted)
[17:02:25] keyboard: key_hold(ctrl, (0.5, 1.2)) - 1m29s [Battery]
[17:04:15] skip: mouse_slow_drift (user interrupted)
[17:04:20] skip: mouse_slow_wide_drift (user interrupted)
[17:04:25] skip: mouse_big_jump (user interrupted)
[17:04:30] skip: mouse_tiny_step (user interrupted)
[17:04:35] skip: keyboard (user active)
[17:04:40] skip: mouse_medium_move (user interrupted)
[17:04:45] keyboard: key_hold(ctrlleft, (0.5, 1.2)) - 2m20s [Battery]
[17:06:19] skip: key_lock_toggle(capslock, 2) (user interrupted)
[17:06:24] skip: key_triple_tap(shiftright) (user interrupted)
[17:06:29] skip: mouse_zigzag_two_segments (user interrupted)
[17:06:34] skip: mouse_slow_drift (user interrupted)
[17:06:39] keyboard: key_hold(ctrlleft, (0.1, 0.4)) - 1m53s [Battery]
[17:08:09] skip: mouse_vertical_move (user interrupted)
[17:08:14] skip: mouse (user active)
[17:08:19] skip: keyboard (user active)
[17:08:24] skip: mouse_long_move (user interrupted)
[17:08:29] keyboard: key_hold(shiftright, (0.1, 0.4)) - 1m50s [Battery]
[17:09:37] keyboard: key_hold(ctrlright, (0.1, 0.4)) - 1m7s [Battery]
[17:11:27] keyboard: key_hold(ctrlright, (0.1, 0.4)) - 1m50s [Battery]
[17:13:00] skip: mouse (user active)
[17:13:05] skip: key_triple_tap(ctrlleft) (user interrupted)
[17:13:10] skip: mouse_horizontal_move (user interrupted)
[17:13:15] skip: keyboard (user active)
[17:13:20] skip: mouse (user active)
[17:13:25] skip: mouse (user active)
[17:13:30] keyboard: key_tap(ctrl) - 2m3s [Battery]
[17:14:48] skip: keyboard (user active)
[17:14:53] skip: keyboard (user active)
[17:14:58] skip: mouse (user active)
[17:15:03] skip: keyboard (user active)
[17:15:08] skip: mouse (user active)
[17:15:14] skip: key_sequential_tap(ctrl, shift) (user interrupted)
[17:15:19] skip: keyboard (user active)
[17:15:24] skip: keyboard (user active)
[17:15:29] skip: mouse_diagonal_move (user interrupted)
[17:15:34] skip: mouse (user active)
[17:15:39] skip: mouse_vertical_move (user interrupted)
[17:15:44] skip: mouse (user active)
[17:15:49] skip: mouse (user active)
[17:15:54] skip: keyboard (user active)
[17:15:59] skip: keyboard (user active)
[17:16:04] skip: mouse (user active)
[17:16:09] skip: mouse (user active)
[17:16:14] skip: keyboard (user active)
[17:16:19] skip: keyboard (user active)
[17:16:24] skip: mouse (user active)
[17:16:29] skip: mouse (user active)
[17:16:34] skip: keyboard (user active)
[17:16:39] skip: keyboard (user active)
[17:16:44] skip: mouse (user active)
[17:16:49] skip: key_sequential_tap(shiftright, ctrlleft) (user interrupted)
[17:16:54] skip: key_sequential_tap(ctrl, shift) (user interrupted)
[17:17:00] keyboard: key_hold(ctrl, (0.1, 0.4)) - 3m29s [Battery]
[17:18:19] skip: mouse_vertical_move (user interrupted)
[17:18:24] skip: mouse (user active)
[17:18:29] skip: mouse (user active)
[17:18:34] skip: mouse (user active)
[17:18:39] skip: mouse (user active)
[17:18:44] skip: key_lock_toggle(capslock, 2) (user interrupted)
[17:18:50] skip: key_sequential_tap(ctrlright, shiftleft) (user interrupted)
[17:18:55] skip: mouse_slow_wide_drift (user interrupted)
[17:19:00] skip: mouse_random_walk_chain (user interrupted)
[17:19:05] skip: mouse_curved_ease_in_out (user interrupted)
[17:19:10] skip: keyboard (user active)
[17:19:15] skip: keyboard (user active)
[17:19:20] skip: mouse (user active)
[17:19:25] skip: mouse (user active)
[17:19:30] skip: keyboard (user active)
[17:19:35] skip: key_triple_tap(ctrlleft) (user interrupted)
[17:19:40] skip: mouse_short_move (user interrupted)
[17:19:45] skip: key_double_tap(ctrlright) (user interrupted)
[17:19:50] skip: mouse_slow_wide_drift (user interrupted)
[17:19:55] skip: mouse_reverse_curve (user interrupted)
[17:20:00] skip: keyboard (user active)
[17:20:05] skip: mouse_curved_ease_in_out (user interrupted)
[17:20:10] skip: keyboard (user active)
[17:20:15] skip: mouse_long_move (user interrupted)
[17:20:20] keyboard: key_hold(ctrl, (0.1, 0.4)) - 3m20s [Battery]
[17:21:55] skip: keyboard (user active)
[17:22:00] skip: mouse (user active)
[17:22:05] skip: mouse_curved_ease_out (user interrupted)
[17:22:10] keyboard: key_hold(ctrlleft, (0.1, 0.4)) - 1m49s [Battery]
[17:23:22] skip: keyboard (user active)
[17:23:27] skip: mouse (user active)
[17:23:32] skip: mouse_curved_ease_in_out (user interrupted)
[17:23:37] skip: mouse (user active)
[17:23:42] skip: keyboard (user active)
[17:23:47] keyboard: key_hold(ctrl, (0.1, 0.4)) - 1m37s [Battery]
[17:25:32] skip: keyboard (user active)
[17:25:37] skip: keyboard (user active)
[17:25:42] skip: keyboard (user active)
[17:25:47] skip: keyboard (user active)
[17:25:52] skip: keyboard (user active)
[17:25:57] skip: keyboard (user active)
[17:26:02] skip: mouse (user active)
[17:26:07] skip: mouse_big_jump (user interrupted)
[17:26:12] skip: keyboard (user active)
[17:26:17] skip: keyboard (user active)
[17:26:22] skip: mouse (user active)
[17:26:27] skip: keyboard (user active)
[17:26:32] skip: keyboard (user active)
[17:26:37] skip: mouse (user active)
[17:26:42] skip: mouse (user active)
[17:26:47] skip: keyboard (user active)
[17:26:52] skip: keyboard (user active)
[17:26:57] skip: mouse (user active)
[17:27:02] skip: keyboard (user active)
[17:27:07] skip: mouse (user active)
[17:27:12] skip: keyboard (user active)
[17:27:17] skip: keyboard (user active)
[17:27:22] skip: keyboard (user active)
[17:27:27] skip: mouse (user active)
[17:27:32] keyboard: key_hold(ctrl, (0.5, 1.2)) - 3m45s [Battery]
[17:29:05] skip: mouse (user active)
[17:29:10] skip: keyboard (user active)
[17:29:15] skip: mouse (user active)
[17:29:20] skip: mouse (user active)
[17:29:25] skip: keyboard (user active)
[17:29:30] skip: mouse (user active)
[17:29:35] skip: mouse (user active)
[17:29:40] skip: keyboard (user active)
[17:29:45] skip: mouse (user active)
[17:29:50] skip: keyboard (user active)
[17:29:55] skip: keyboard (user active)
[17:30:00] skip: mouse (user active)
[17:30:05] skip: mouse (user active)
[17:30:10] skip: keyboard (user active)
[17:30:15] skip: keyboard (user active)
[17:30:20] skip: mouse (user active)
[17:30:25] skip: mouse (user active)
[17:30:30] skip: mouse_short_move (user interrupted)
[17:30:35] skip: mouse (user active)
[17:30:40] skip: keyboard (user active)
[17:30:45] skip: keyboard (user active)
[17:30:50] skip: mouse (user active)
[17:30:55] skip: mouse (user active)
[17:31:00] skip: keyboard (user active)
[17:31:05] skip: keyboard (user active)
[17:31:10] skip: mouse (user active)
[17:31:15] skip: mouse (user active)
[17:31:20] skip: mouse_curved_ease_in_out (user interrupted)
[17:31:25] skip: mouse_big_jump (user interrupted)
[17:31:30] skip: mouse_short_move (user interrupted)
[17:31:35] skip: mouse_zigzag_three_segments (user interrupted)
[17:31:40] skip: mouse (user active)
[17:31:45] skip: keyboard (user active)
[17:31:50] skip: mouse (user active)
[17:31:55] skip: keyboard (user active)
[17:32:00] skip: keyboard (user active)
[17:32:05] skip: mouse (user active)
[17:32:10] skip: keyboard (user active)
[17:32:15] skip: keyboard (user active)
[17:32:21] keyboard: key_hold(shiftright, (0.1, 0.4)) - 4m48s [Battery]
[17:34:12] skip: keyboard (user active)
[17:34:17] skip: keyboard (user active)
[17:34:22] skip: keyboard (user active)
[17:34:27] skip: mouse (user active)
[17:34:32] skip: mouse (user active)
[17:34:37] skip: keyboard (user active)
[17:34:42] skip: mouse (user active)
[17:34:47] skip: keyboard (user active)
[17:34:52] skip: mouse (user active)
[17:34:57] skip: keyboard (user active)
[17:35:02] skip: mouse (user active)
[17:35:07] skip: mouse (user active)
[17:35:12] skip: mouse (user active)
[17:35:17] skip: mouse (user active)
[17:35:22] skip: keyboard (user active)
[17:35:27] skip: mouse (user active)
[17:35:32] skip: mouse (user active)
[17:35:37] skip: mouse (user active)
[17:35:42] skip: keyboard (user active)
[17:35:47] skip: mouse (user active)
[17:35:52] skip: mouse (user active)
[17:35:57] skip: keyboard (user active)
[17:36:02] skip: mouse (user active)
[17:36:07] skip: mouse (user active)
[17:36:12] skip: keyboard (user active)
[17:36:17] skip: keyboard (user active)
[17:36:22] skip: mouse (user active)
[17:36:27] skip: mouse (user active)
[17:36:32] skip: mouse (user active)
[17:36:37] skip: keyboard (user active)
[17:36:42] skip: mouse (user active)
[17:36:47] skip: mouse_curved_ease_out (user interrupted)
[17:36:52] skip: keyboard (user active)
[17:36:57] skip: mouse (user active)
[17:37:02] skip: keyboard (user active)
[17:37:07] skip: keyboard (user active)
[17:37:12] skip: keyboard (user active)
[17:37:17] skip: mouse (user active)
[17:37:22] skip: mouse (user active)
[17:37:27] skip: mouse (user active)
[17:37:32] skip: keyboard (user active)
[17:37:37] skip: mouse (user active)
[17:37:42] skip: mouse (user active)
[17:37:47] skip: mouse (user active)
[17:37:52] skip: mouse (user active)
[17:37:57] skip: keyboard (user active)
[17:38:02] skip: mouse_slow_drift (user interrupted)
[17:38:07] skip: keyboard (user active)
[17:38:12] skip: keyboard (user active)
[17:38:17] skip: mouse (user active)
[17:38:22] skip: mouse (user active)
[17:38:27] skip: mouse (user active)
[17:38:32] skip: keyboard (user active)
[17:38:37] skip: keyboard (user active)
[17:38:42] skip: keyboard (user active)
[17:38:47] skip: keyboard (user active)
[17:38:52] skip: mouse (user active)
[17:38:57] skip: mouse_slow_drift (user interrupted)
[17:39:02] skip: mouse (user active)
[17:39:07] keyboard: key_hold(shiftleft, (0.1, 0.4)) - 6m46s [Battery]
[17:40:05] skip: mouse_long_diagonal_sweep (user interrupted)
[17:40:10] skip: mouse (user active)
[17:40:15] skip: keyboard (user active)
[17:40:20] skip: keyboard (user active)
[17:40:25] skip: mouse_fast_flick (user interrupted)
[17:40:30] skip: mouse_zigzag_three_segments (user interrupted)
[17:40:35] skip: keyboard (user active)
[17:40:40] skip: mouse_vertical_move (user interrupted)
[17:40:45] skip: keyboard (user active)
[17:40:50] skip: mouse (user active)
[17:40:55] skip: mouse (user active)
[17:41:00] skip: keyboard (user active)
[17:41:05] skip: keyboard (user active)
[17:41:10] skip: keyboard (user active)
[17:41:15] skip: mouse (user active)
[17:41:20] skip: keyboard (user active)
[17:41:25] skip: mouse (user active)
[17:41:30] skip: mouse (user active)
[17:41:35] skip: keyboard (user active)
[17:41:40] skip: keyboard (user active)
[17:41:45] skip: keyboard (user active)
[17:41:50] skip: mouse (user active)
[17:41:55] skip: mouse_big_jump (user interrupted)
[17:42:00] keyboard: key_hold(shiftleft, (0.5, 1.2)) - 2m53s [Battery]
[17:42:59] skip: keyboard (user active)
[17:43:04] skip: keyboard (user active)
[17:43:09] skip: mouse (user active)
[17:43:14] skip: keyboard (user active)
[17:43:19] skip: mouse (user active)
[17:43:24] skip: keyboard (user active)
[17:43:29] skip: mouse_curved_ease_in_out (user interrupted)
[17:43:34] skip: keyboard (user active)
[17:43:39] skip: mouse (user active)
[17:43:44] skip: mouse (user active)
[17:43:50] skip: key_sequential_tap(shiftright, ctrlleft) (user interrupted)
[17:43:55] skip: key_double_tap(shift) (user interrupted)
[17:44:00] keyboard: key_hold(ctrl, (0.1, 0.4)) - 1m59s [Battery]
[17:45:27] skip: mouse (user active)
[17:45:32] skip: keyboard (user active)
[17:45:37] skip: keyboard (user active)
[17:45:42] skip: mouse (user active)
[17:45:47] skip: keyboard (user active)
[17:45:52] skip: mouse_random_walk_chain (user interrupted)
[17:45:57] skip: key_sequential_tap(shiftright, ctrlleft) (user interrupted)
[17:46:03] keyboard: key_hold(ctrlright, (0.5, 1.2)) - 2m2s [Battery]
[17:47:54] skip: keyboard (user active)
[17:47:59] skip: keyboard (user active)
[17:48:04] skip: mouse (user active)
[17:48:09] skip: mouse_curved_ease_out (user interrupted)
[17:48:14] skip: mouse_curved_ease_in (user interrupted)
[17:48:19] skip: key_triple_tap(shift) (user interrupted)
[17:48:24] skip: mouse (user active)
[17:48:29] skip: mouse (user active)
[17:48:34] skip: keyboard (user active)
[17:48:39] skip: keyboard (user active)
[17:48:44] skip: keyboard (user active)
[17:48:49] skip: mouse_random_walk_chain (user interrupted)
[17:48:54] skip: mouse (user active)
[17:48:59] skip: mouse_tiny_step (user interrupted)
[17:49:04] skip: mouse_curved_ease_out (user interrupted)
[17:49:09] skip: keyboard (user active)
[17:49:14] skip: mouse (user active)
[17:49:19] skip: keyboard (user active)
[17:49:24] skip: keyboard (user active)
[17:49:29] skip: mouse_slow_drift (user interrupted)
[17:49:34] skip: keyboard (user active)
[17:49:39] skip: keyboard (user active)
[17:49:44] skip: keyboard (user active)
[17:49:49] skip: keyboard (user active)
[17:49:54] skip: mouse_zigzag_three_segments (user interrupted)
[17:49:59] skip: mouse (user active)
[17:50:04] skip: keyboard (user active)
[17:50:09] skip: keyboard (user active)
[17:50:14] skip: keyboard (user active)
[17:50:19] skip: mouse_curved_ease_out (user interrupted)
[17:50:24] skip: keyboard (user active)
[17:50:29] skip: keyboard (user active)
[17:50:34] skip: keyboard (user active)
[17:50:39] skip: mouse (user active)
[17:50:44] skip: keyboard (user active)
[17:50:49] skip: mouse (user active)
[17:50:54] skip: mouse (user active)
[17:50:59] skip: mouse (user active)
[17:51:04] skip: keyboard (user active)
[17:51:09] skip: keyboard (user active)
[17:51:14] skip: keyboard (user active)
[17:51:19] skip: mouse (user active)
[17:51:24] skip: mouse (user active)
[17:51:29] skip: mouse (user active)
[17:51:34] skip: keyboard (user active)
[17:51:39] skip: keyboard (user active)
[17:51:44] skip: keyboard (user active)
[17:51:49] skip: mouse (user active)
[17:51:54] skip: keyboard (user active)
[17:51:59] skip: mouse (user active)
[17:52:04] skip: mouse (user active)
[17:52:09] skip: keyboard (user active)
[17:52:14] skip: mouse (user active)
[17:52:19] skip: mouse (user active)
[17:52:24] skip: keyboard (user active)
[17:52:29] skip: keyboard (user active)
[17:52:34] skip: mouse (user active)
[17:52:39] skip: mouse (user active)
[17:52:44] skip: mouse (user active)
[17:52:49] skip: keyboard (user active)
[17:52:54] skip: keyboard (user active)
[17:52:59] skip: mouse_big_jump (user interrupted)
[17:53:04] skip: mouse (user active)
[17:53:09] skip: mouse (user active)
[17:53:14] skip: mouse (user active)
[17:53:19] skip: mouse (user active)
[17:53:24] skip: keyboard (user active)
[17:53:29] skip: keyboard (user active)
[17:53:34] skip: mouse (user active)
[17:53:39] skip: mouse (user active)
[17:53:44] skip: keyboard (user active)
[17:53:49] skip: mouse (user active)
[17:53:54] skip: keyboard (user active)
[17:53:59] skip: mouse (user active)
[17:54:04] skip: keyboard (user active)
[17:54:09] skip: keyboard (user active)
[17:54:14] skip: keyboard (user active)
[17:54:19] skip: keyboard (user active)
[17:54:24] skip: mouse (user active)
[17:54:29] skip: mouse (user active)
[17:54:34] skip: keyboard (user active)
[17:54:39] skip: mouse (user active)
[17:54:44] skip: keyboard (user active)
[17:54:49] skip: mouse_zigzag_three_segments (user interrupted)
[17:54:54] skip: mouse_tiny_step (user interrupted)
[17:54:59] skip: keyboard (user active)
[17:55:04] skip: keyboard (user active)
[17:55:09] skip: mouse (user active)
[17:55:14] skip: keyboard (user active)
[17:55:19] skip: keyboard (user active)
[17:55:24] keyboard: key_tap(ctrlleft) - 9m21s [Battery]
[17:56:38] skip: keyboard (user active)
[17:56:43] skip: keyboard (user active)
[17:56:48] skip: mouse (user active)
[17:56:53] skip: keyboard (user active)
[17:56:58] skip: mouse (user active)
[17:57:04] skip: key_lock_toggle(numlock, 2) (user interrupted)
[17:57:09] skip: keyboard (user active)
[17:57:14] skip: mouse (user active)
[17:57:19] skip: keyboard (user active)
[17:57:24] skip: keyboard (user active)
[17:57:29] keyboard: key_tap(ctrlleft) - 2m4s [Battery]
[17:58:59] skip: key_sequential_tap(ctrl, shift) (user interrupted)
[17:59:04] skip: mouse_fast_flick (user interrupted)
[17:59:09] skip: keyboard (user active)
[17:59:14] skip: mouse (user active)
[17:59:19] skip: mouse (user active)
[17:59:24] skip: mouse (user active)
[17:59:29] skip: key_double_tap(shiftright) (user interrupted)
[17:59:34] keyboard: key_tap(shiftright) - 2m5s [Battery]
[18:00:49] skip: mouse_long_move (user interrupted)
[18:00:54] skip: key_sequential_tap(ctrl, shift) (user interrupted)
[18:00:59] skip: mouse_slow_drift (user interrupted)
[18:01:04] skip: mouse_fast_flick (user interrupted)
[18:01:09] skip: key_lock_toggle(scrolllock, 2) (user interrupted)
[18:01:14] keyboard: key_hold(shift, (0.5, 1.2)) - 1m39s
[18:02:27] skip: mouse (user active)
[18:02:32] skip: keyboard (user active)
[18:02:37] skip: keyboard (user active)
[18:02:42] skip: mouse (user active)
[18:02:47] skip: keyboard (user active)
[18:02:52] skip: keyboard (user active)
[18:02:57] skip: mouse (user active)
[18:03:02] skip: keyboard (user active)
[18:03:07] skip: keyboard (user active)
[18:03:12] skip: mouse (user active)
[18:03:17] skip: mouse (user active)
[18:03:22] skip: keyboard (user active)
[18:03:27] skip: mouse (user active)
[18:03:32] skip: keyboard (user active)
[18:03:37] skip: keyboard (user active)
[18:03:42] skip: mouse (user active)
[18:03:47] skip: keyboard (user active)
[18:03:52] skip: keyboard (user active)
[18:03:57] skip: keyboard (user active)
[18:04:02] skip: keyboard (user active)
[18:04:07] skip: keyboard (user active)
[18:04:12] skip: mouse (user active)
[18:04:17] skip: keyboard (user active)
[18:04:22] skip: keyboard (user active)
[18:04:27] skip: mouse (user active)
[18:04:32] skip: mouse (user active)
[18:04:37] skip: mouse (user active)
[18:04:42] skip: keyboard (user active)
[18:04:47] skip: keyboard (user active)
[18:04:52] skip: mouse (user active)
[18:04:57] skip: keyboard (user active)
[18:05:02] skip: mouse (user active)
[18:05:07] skip: keyboard (user active)
[18:05:12] skip: mouse (user active)
[18:05:17] skip: mouse (user active)
[18:05:22] skip: mouse (user active)
[18:05:27] skip: keyboard (user active)
[18:05:32] skip: mouse (user active)
[18:05:37] skip: mouse (user active)
[18:05:42] skip: mouse (user active)
[18:05:47] skip: keyboard (user active)
[18:05:52] skip: mouse (user active)
[18:05:58] skip: mouse (user active)
[18:06:03] skip: keyboard (user active)
[18:06:08] skip: keyboard (user active)
[18:06:13] skip: keyboard (user active)
[18:06:18] skip: mouse (user active)
[18:06:23] skip: mouse (user active)
[18:06:28] skip: keyboard (user active)
[18:06:33] skip: mouse (user active)
[18:06:38] skip: mouse (user active)
[18:06:43] skip: mouse (user active)
[18:06:48] skip: mouse (user active)
[18:06:53] skip: mouse (user active)
[18:06:58] skip: keyboard (user active)
[18:07:03] skip: mouse (user active)
[18:07:08] skip: keyboard (user active)
[18:07:13] skip: mouse (user active)
[18:07:18] skip: mouse (user active)
[18:07:23] skip: keyboard (user active)
[18:07:28] skip: mouse (user active)
[18:07:33] skip: keyboard (user active)
[18:07:38] skip: keyboard (user active)
[18:07:43] skip: mouse (user active)
[18:07:48] skip: keyboard (user active)
[18:07:53] skip: keyboard (user active)
[18:07:58] skip: keyboard (user active)
[18:08:03] skip: mouse (user active)
[18:08:08] skip: mouse (user active)
[18:08:13] skip: mouse (user active)
[18:08:18] skip: mouse (user active)
[18:08:23] skip: keyboard (user active)
[18:08:28] skip: keyboard (user active)
[18:08:33] skip: mouse (user active)
[18:08:38] skip: keyboard (user active)
[18:08:43] skip: mouse (user active)
[18:08:48] skip: mouse (user active)
[18:08:53] skip: mouse (user active)
[18:08:58] skip: mouse (user active)
[18:09:03] skip: mouse (user active)
[18:09:08] skip: mouse_tiny_step (user interrupted)
[18:09:13] skip: mouse (user active)
[18:09:18] skip: keyboard (user active)
[18:09:23] skip: keyboard (user active)
[18:09:28] skip: mouse (user active)
[18:09:33] skip: mouse (user active)
[18:09:38] skip: keyboard (user active)
[18:09:43] skip: mouse (user active)
[18:09:48] skip: mouse (user active)
[18:09:53] skip: keyboard (user active)
[18:09:58] skip: mouse (user active)
[18:10:03] skip: keyboard (user active)
[18:10:08] skip: mouse (user active)
[18:10:13] keyboard: key_hold(shiftright, (0.5, 1.2)) - 8m58s
[18:10:58] skip: mouse_medium_move (user interrupted)
[18:11:03] skip: mouse_fast_flick (user interrupted)
[18:11:08] skip: mouse_fast_flick (user interrupted)
[18:11:13] skip: mouse_slow_wide_drift (user interrupted)
[18:11:18] skip: mouse (user active)
[18:11:23] skip: keyboard (user active)
[18:11:28] skip: key_double_tap(shift) (user interrupted)
[18:11:33] skip: mouse (user active)
[18:11:38] skip: keyboard (user active)
[18:11:43] skip: mouse (user active)
[18:11:48] skip: mouse (user active)
[18:11:53] skip: mouse (user active)
[18:11:58] skip: mouse (user active)
[18:12:03] skip: keyboard (user active)
[18:12:08] skip: keyboard (user active)
[18:12:13] skip: mouse (user active)
[18:12:18] skip: keyboard (user active)
[18:12:23] skip: mouse (user active)
[18:12:28] skip: keyboard (user active)
[18:12:33] skip: mouse_horizontal_move (user interrupted)
[18:12:38] skip: mouse_short_move (user interrupted)
[18:12:44] skip: key_lock_toggle(numlock, 4) (user interrupted)
[18:12:49] skip: key_lock_toggle(capslock, 4) (user interrupted)
[18:12:54] skip: mouse_slow_wide_drift (user interrupted)
[18:12:59] skip: mouse_slow_wide_drift (user interrupted)
[18:13:04] skip: mouse (user active)
[18:13:09] skip: mouse_curved_ease_in (user interrupted)
[18:13:14] skip: mouse_curved_ease_out (user interrupted)
[18:13:20] skip: key_lock_toggle(capslock, 4) (user interrupted)
[18:13:25] skip: mouse_curved_ease_in (user interrupted)
[18:13:30] skip: mouse_slow_wide_drift (user interrupted)
[18:13:35] skip: mouse_slow_drift (user interrupted)
[18:13:40] keyboard: key_tap(ctrl) - 3m26s
[18:14:47] skip: keyboard (user active)
[18:14:52] skip: keyboard (user active)
[18:14:57] skip: mouse (user active)
[18:15:02] skip: mouse (user active)
[18:15:07] skip: mouse (user active)
[18:15:12] skip: mouse_tiny_step (user interrupted)
[18:15:17] skip: mouse (user active)
[18:15:22] skip: mouse (user active)
[18:15:27] skip: mouse (user active)
[18:15:32] skip: mouse (user active)
[18:15:37] skip: keyboard (user active)
[18:15:42] skip: mouse (user active)
[18:15:47] skip: keyboard (user active)
[18:15:52] skip: mouse (user active)
[18:15:57] skip: key_sequential_tap(shift, ctrl) (user interrupted)
[18:16:02] skip: mouse_micro_jitter (user interrupted)
[18:16:07] skip: key_sequential_tap(ctrlright, shiftleft) (user interrupted)
[18:16:12] skip: mouse (user active)
[18:16:17] skip: mouse (user active)
[18:16:22] skip: keyboard (user active)
[18:16:28] skip: key_alt_tab_bounce(4) (user interrupted)
[18:16:33] skip: mouse (user active)
[18:16:38] skip: keyboard (user active)
[18:16:43] skip: mouse (user active)
[18:16:48] skip: mouse (user active)
[18:16:53] skip: mouse (user active)
[18:16:58] skip: keyboard (user active)
[18:17:03] skip: mouse (user active)
[18:17:08] skip: mouse (user active)
[18:17:13] skip: keyboard (user active)
[18:17:18] skip: mouse (user active)
[18:17:23] skip: mouse (user active)
[18:17:28] skip: mouse (user active)
[18:17:33] skip: mouse (user active)
[18:17:38] skip: keyboard (user active)
[18:17:43] skip: mouse (user active)
[18:17:48] skip: mouse (user active)
[18:17:53] skip: mouse (user active)
[18:17:58] skip: mouse (user active)
[18:18:03] skip: keyboard (user active)
[18:18:08] skip: mouse (user active)
[18:18:13] skip: mouse (user active)
[18:18:18] skip: mouse (user active)
[18:18:23] skip: keyboard (user active)
[18:18:28] skip: keyboard (user active)
[18:18:33] skip: keyboard (user active)
[18:18:38] skip: mouse (user active)
[18:18:43] skip: keyboard (user active)
[18:18:48] skip: keyboard (user active)
[18:18:53] skip: keyboard (user active)
[18:18:58] skip: mouse (user active)
[18:19:03] skip: keyboard (user active)
[18:19:08] skip: keyboard (user active)
[18:19:13] skip: keyboard (user active)
[18:19:18] skip: keyboard (user active)
[18:19:23] skip: mouse (user active)
[18:19:28] skip: keyboard (user active)
[18:19:33] skip: keyboard (user active)
[18:19:38] skip: mouse (user active)
[18:19:43] skip: keyboard (user active)
[18:19:48] skip: keyboard (user active)
[18:19:53] keyboard: key_tap(ctrlright) - 6m13s [Battery]
[18:20:40] skip: mouse (user active)
[18:20:45] skip: keyboard (user active)
[18:20:50] skip: mouse (user active)
[18:20:55] skip: keyboard (user active)
[18:21:00] skip: keyboard (user active)
[18:21:05] skip: keyboard (user active)
[18:21:10] skip: mouse (user active)
[18:21:15] skip: mouse (user active)
[18:21:20] skip: keyboard (user active)
[18:21:25] skip: keyboard (user active)
[18:21:30] skip: mouse (user active)
[18:21:35] skip: keyboard (user active)
[18:21:40] skip: mouse (user active)
[18:21:45] skip: keyboard (user active)
[18:21:50] skip: mouse (user active)
[18:21:55] skip: keyboard (user active)
[18:22:00] skip: mouse (user active)
[18:22:05] skip: mouse (user active)
[18:22:10] skip: mouse_curved_ease_in (user interrupted)
[18:22:15] skip: mouse_curved_ease_in_out (user interrupted)
[18:22:20] skip: mouse_big_jump (user interrupted)
[18:22:25] keyboard: key_tap(ctrlright) - 2m32s [Battery]
[18:24:12] skip: keyboard (user active)
[18:24:17] skip: keyboard (user active)
[18:24:22] skip: keyboard (user active)
[18:24:27] skip: mouse (user active)
[18:24:32] skip: keyboard (user active)
[18:24:37] skip: keyboard (user active)
[18:24:42] skip: mouse (user active)
[18:24:47] skip: mouse (user active)
[18:24:52] keyboard: key_hold(ctrlright, (0.5, 1.2)) - 2m27s [Battery]
[18:26:11] skip: mouse_short_move (user interrupted)
[18:26:16] skip: mouse_reverse_curve (user interrupted)
[18:26:22] skip: key_alt_tab_bounce(6) (user interrupted)
[18:26:27] skip: key_lock_toggle(capslock, 4) (user interrupted)
[18:26:32] keyboard: key_hold(shiftright, (0.5, 1.2)) - 1m39s [Battery]
[18:27:46] keyboard: key_hold(shiftright, (0.5, 1.2)) - 1m13s [Battery]
[18:29:10] skip: mouse (user active)
[18:29:15] skip: keyboard (user active)
[18:29:20] skip: mouse (user active)
[18:29:25] skip: key_sequential_tap(shiftright, ctrlleft) (user interrupted)
[18:29:30] skip: mouse_zigzag_three_segments (user interrupted)
[18:29:35] keyboard: key_tap(shiftright) - 1m49s [Battery]
[18:30:46] skip: mouse_random_walk_chain (user interrupted)
[18:30:51] skip: mouse (user active)
[18:30:57] skip: key_alt_tab_bounce(6) (user interrupted)
[18:31:02] keyboard: key_tap(ctrlleft) - 1m26s [Battery]
[18:32:29] skip: mouse (user active)
[18:32:34] skip: mouse_diagonal_move (user interrupted)
[18:32:39] skip: mouse_long_move (user interrupted)
[18:32:44] skip: mouse_tiny_step (user interrupted)
[18:32:49] skip: keyboard (user active)
[18:32:54] skip: keyboard (user active)
[18:32:59] skip: mouse_curved_ease_in (user interrupted)
[18:33:04] skip: keyboard (user active)
[18:33:09] skip: mouse (user active)
[18:33:14] skip: key_triple_tap(shift) (user interrupted)
[18:33:19] skip: keyboard (user active)
[18:33:24] skip: keyboard (user active)
[18:33:29] skip: mouse (user active)
[18:33:34] skip: keyboard (user active)
[18:33:39] skip: keyboard (user active)
[18:33:44] skip: mouse (user active)
[18:33:49] skip: mouse (user active)
[18:33:54] skip: mouse (user active)
[18:33:59] skip: keyboard (user active)
[18:34:04] skip: keyboard (user active)
[18:34:09] skip: keyboard (user active)
[18:34:14] skip: mouse (user active)
[18:34:19] skip: keyboard (user active)
[18:34:24] skip: keyboard (user active)
[18:34:29] skip: mouse (user active)
[18:34:34] skip: mouse (user active)
[18:34:39] skip: mouse (user active)
[18:34:44] skip: keyboard (user active)
[18:34:49] skip: mouse_slow_drift (user interrupted)
[18:34:54] keyboard: key_tap(ctrl) - 3m52s [Battery]
[18:36:20] skip: key_double_tap(shiftleft) (user interrupted)
[18:36:25] skip: mouse (user active)
[18:36:30] skip: mouse (user active)
[18:36:35] skip: mouse (user active)
[18:36:40] skip: mouse (user active)
[18:36:45] skip: keyboard (user active)
[18:36:50] skip: mouse_vertical_move (user interrupted)
[18:36:56] keyboard: key_tap(pause) - 2m1s [Battery]
[18:38:17] skip: key_sequential_tap(ctrl, shift) (user interrupted)
[18:38:22] skip: key_double_tap(shiftright) (user interrupted)
[18:38:27] skip: mouse_horizontal_move (user interrupted)
[18:38:32] skip: mouse_medium_move (user interrupted)
[18:38:37] keyboard: key_tap(ctrl) - 1m41s [Battery]
[18:40:22] skip: key_sequential_tap(shiftleft, ctrlright) (user interrupted)
[18:40:28] skip: key_lock_toggle(scrolllock, 2) (user interrupted)
[18:40:33] skip: key_double_tap(shift) (user interrupted)
[18:40:38] skip: mouse_long_diagonal_sweep (user interrupted)
[18:40:43] skip: mouse_horizontal_move (user interrupted)
[18:40:49] skip: key_alt_tab_bounce(2) (user interrupted)
[18:40:54] keyboard: key_tap(ctrlright) - 2m16s [Battery]
[18:42:32] skip: mouse_zigzag_two_segments (user interrupted)
[18:42:37] keyboard: key_tap(shiftright) - 1m43s [Battery]
[18:43:52] skip: mouse_curved_ease_out (user interrupted)
[18:43:57] keyboard: key_hold(shiftleft, (0.1, 0.4)) - 1m20s [Battery]
[18:45:38] skip: mouse_tiny_step (user interrupted)
[18:45:43] keyboard: key_hold(ctrl, (0.1, 0.4)) - 1m46s [Battery]
[18:46:50] skip: keyboard (user active)
[18:46:56] skip: key_double_tap(ctrlright) (user interrupted)
[18:47:01] skip: mouse_curved_ease_in (user interrupted)
[18:47:06] skip: keyboard (user active)
[18:47:11] skip: keyboard (user active)
[18:47:16] skip: mouse (user active)
[18:47:21] keyboard: key_hold(ctrlleft, (0.5, 1.2)) - 1m37s [Battery]
[18:49:03] skip: mouse (user active)
[18:49:08] skip: keyboard (user active)
[18:49:13] skip: mouse (user active)
[18:49:18] skip: mouse (user active)
[18:49:23] skip: mouse (user active)
[18:49:28] skip: keyboard (user active)
[18:49:33] skip: keyboard (user active)
[18:49:38] skip: keyboard (user active)
[18:49:43] skip: mouse (user active)
[18:49:48] skip: mouse (user active)
[18:49:53] skip: keyboard (user active)
[18:49:58] skip: keyboard (user active)
[18:50:03] skip: keyboard (user active)
[18:50:08] skip: mouse (user active)
[18:50:13] skip: keyboard (user active)
[18:50:18] skip: keyboard (user active)
[18:50:23] skip: mouse (user active)
[18:50:28] skip: mouse (user active)
[18:50:33] skip: key_modifier_medley(2) (user interrupted)
[18:50:38] skip: mouse_diagonal_move (user interrupted)
[18:50:43] skip: mouse (user active)
[18:50:48] skip: keyboard (user active)
[18:50:53] skip: mouse (user active)
[18:50:58] skip: keyboard (user active)
[18:51:03] skip: mouse (user active)
[18:51:08] skip: mouse (user active)
[18:51:13] skip: keyboard (user active)
[18:51:18] skip: mouse (user active)
[18:51:23] skip: keyboard (user active)
[18:51:28] skip: mouse (user active)
[18:51:33] skip: mouse (user active)
[18:51:38] skip: keyboard (user active)
[18:51:43] skip: mouse (user active)
[18:51:48] skip: mouse (user active)
[18:51:53] skip: keyboard (user active)
[18:51:58] skip: keyboard (user active)
[18:52:03] skip: keyboard (user active)
[18:52:08] skip: keyboard (user active)
[18:52:13] skip: keyboard (user active)
[18:52:18] skip: mouse (user active)
[18:52:23] skip: mouse (user active)
[18:52:28] skip: keyboard (user active)
[18:52:33] skip: keyboard (user active)
[18:52:38] skip: mouse (user active)
[18:52:44] skip: key_alt_tab_bounce(8) (user interrupted)
[18:52:49] skip: keyboard (user active)
[18:52:54] skip: mouse_vertical_move (user interrupted)
[18:52:59] skip: mouse (user active)
[18:53:04] skip: mouse (user active)
[18:53:09] skip: mouse (user active)
[18:53:14] skip: mouse (user active)
[18:53:19] skip: mouse (user active)
[18:53:24] skip: keyboard (user active)
[18:53:29] skip: key_double_tap(ctrlright) (user interrupted)
[18:53:34] skip: mouse (user active)
[18:53:39] skip: mouse (user active)
[18:53:44] skip: keyboard (user active)
[18:53:49] skip: keyboard (user active)
[18:53:54] skip: keyboard (user active)
[18:53:59] skip: keyboard (user active)
[18:54:04] skip: mouse (user active)
[18:54:09] skip: mouse_random_walk_chain (user interrupted)
[18:54:14] skip: key_sequential_tap(ctrlleft, shiftright) (user interrupted)
[18:54:19] skip: keyboard (user active)
[18:54:24] skip: keyboard (user active)
[18:54:29] skip: mouse (user active)
[18:54:34] skip: mouse_zigzag_three_segments (user interrupted)
[18:54:39] skip: mouse_random_walk_chain (user interrupted)
[18:54:44] skip: keyboard (user active)
[18:54:49] skip: keyboard (user active)
[18:54:54] skip: mouse (user active)
[18:54:59] skip: mouse (user active)
[18:55:04] skip: keyboard (user active)
[18:55:09] skip: mouse (user active)
[18:55:14] skip: mouse (user active)
[18:55:19] skip: keyboard (user active)
[18:55:24] skip: keyboard (user active)
[18:55:29] skip: keyboard (user active)
[18:55:34] skip: keyboard (user active)
[18:55:39] skip: keyboard (user active)
[18:55:45] keyboard: key_hold(shiftright, (0.1, 0.4)) - 8m23s [Battery]
[18:57:17] skip: keyboard (user active)
[18:57:22] skip: mouse (user active)
[18:57:27] skip: key_alt_tab_bounce(10) (user interrupted)
[18:57:32] skip: mouse_zigzag_three_segments (user interrupted)
[18:57:37] skip: key_sequential_tap(ctrlright, shiftleft) (user interrupted)
[18:57:42] skip: mouse_medium_move (user interrupted)
[18:57:47] skip: mouse_slow_wide_drift (user interrupted)
[18:57:52] skip: mouse_zigzag_three_segments (user interrupted)
[18:57:58] keyboard: key_tap(pause) - 2m12s [Battery]
[18:59:41] skip: mouse (user active)
[18:59:46] skip: mouse (user active)
[18:59:51] skip: mouse_curved_ease_out (user interrupted)
[18:59:56] skip: key_triple_tap(ctrlright) (user interrupted)
[19:00:01] skip: keyboard (user active)
[19:00:06] skip: keyboard (user active)
[19:00:11] skip: mouse (user active)
[19:00:16] skip: mouse_curved_ease_in (user interrupted)
[19:00:21] skip: key_sequential_tap(ctrl, shift) (user interrupted)
[19:00:27] skip: key_triple_tap(ctrlleft) (user interrupted)
[19:00:32] skip: key_double_tap(shift) (user interrupted)
[19:00:37] skip: mouse_diagonal_move (user interrupted)
[19:00:42] skip: mouse_medium_move (user interrupted)
[19:00:47] skip: keyboard (user active)
[19:00:52] skip: keyboard (user active)
[19:00:57] skip: mouse_curved_ease_in_out (user interrupted)
[19:01:02] skip: key_double_tap(ctrlleft) (user interrupted)
[19:01:07] skip: key_modifier_medley(4) (user interrupted)
[19:01:12] skip: mouse_medium_move (user interrupted)
[19:01:17] skip: mouse_zigzag_three_segments (user interrupted)
[19:01:22] skip: keyboard (user active)
[19:01:27] skip: keyboard (user active)
[19:01:33] skip: key_modifier_medley(4) (user interrupted)
[19:01:38] skip: mouse (user active)
[19:01:43] skip: mouse (user active)
[19:01:48] skip: keyboard (user active)
[19:01:53] skip: key_lock_toggle(capslock, 4) (user interrupted)
[19:01:58] skip: keyboard (user active)
[10:56:18] App Pro started.
[10:56:18] Mode: both | Schedule: 10:00-19:30 Mon-Fri (Active)
[10:57:26] skip: mouse (user active)
[10:57:31] skip: mouse_micro_jitter (user interrupted)
[10:57:36] keyboard: key_tap(shift) - 1m18s
[10:58:31] skip: key_double_tap(shiftright) (user interrupted)
[10:58:37] skip: key_triple_tap(ctrl) (user interrupted)
[10:58:42] skip: key_modifier_medley(4) (user interrupted)
[10:58:47] skip: mouse_curved_ease_in (user interrupted)
[10:58:52] skip: mouse_curved_ease_in_out (user interrupted)
[10:58:57] skip: mouse_long_move (user interrupted)
[10:59:02] skip: keyboard (user active)
[10:59:07] skip: mouse_fast_flick (user interrupted)
[10:59:12] skip: mouse (user active)
[10:59:17] skip: mouse_curved_ease_out (user interrupted)
[10:59:22] skip: mouse_horizontal_move (user interrupted)
[10:59:27] skip: mouse_micro_jitter (user interrupted)
[10:59:32] skip: mouse_medium_move (user interrupted)
[10:59:37] skip: key_sequential_tap(ctrl, shift) (user interrupted)
[10:59:42] skip: mouse_reverse_curve (user interrupted)
[10:59:47] skip: mouse_horizontal_move (user interrupted)
[10:59:52] skip: mouse (user active)
[10:59:57] skip: keyboard (user active)
[11:00:02] skip: mouse (user active)
[11:00:07] skip: keyboard (user active)
[11:00:12] skip: mouse (user active)
[11:00:17] skip: keyboard (user active)
[11:00:22] skip: keyboard (user active)
[11:00:28] keyboard: key_hold(shiftleft, (0.5, 1.2)) - 2m51s
[11:01:43] skip: key_sequential_tap(ctrlleft, shiftright) (user interrupted)
[11:01:48] keyboard: key_hold(ctrl, (0.1, 0.4)) - 1m20s
[11:02:19] skip: mouse_medium_move (user interrupted)
[11:02:24] skip: mouse_curved_ease_out (user interrupted)
[11:02:29] keyboard: key_tap(shiftright) - 0m41s
[11:03:38] skip: mouse (user active)
[11:03:43] skip: mouse (user active)
[11:03:48] skip: keyboard (user active)
[11:03:53] skip: keyboard (user active)
[11:03:59] skip: key_modifier_medley(4) (user interrupted)
[11:04:04] skip: keyboard (user active)
[11:04:09] skip: mouse (user active)
[11:04:14] skip: mouse (user active)
[11:04:19] skip: mouse (user active)
[11:04:24] skip: keyboard (user active)
[11:04:29] skip: mouse (user active)
[11:04:34] skip: mouse_vertical_move (user interrupted)
[11:04:39] skip: keyboard (user active)
[11:04:44] skip: keyboard (user active)
[11:04:49] skip: mouse (user active)
[11:04:54] skip: keyboard (user active)
[11:04:59] skip: mouse (user active)
[11:05:04] skip: key_double_tap(shift) (user interrupted)
[11:05:09] skip: mouse_curved_ease_in_out (user interrupted)
[11:05:14] skip: mouse_medium_move (user interrupted)
[11:05:19] skip: key_triple_tap(shiftleft) (user interrupted)
[11:05:24] skip: keyboard (user active)
[11:05:29] skip: keyboard (user active)
[11:05:34] skip: mouse (user active)
[11:05:39] skip: mouse (user active)
[11:05:44] skip: mouse (user active)
[11:05:49] skip: keyboard (user active)
[11:05:54] skip: mouse_random_walk_chain (user interrupted)
[11:05:59] skip: mouse_short_move (user interrupted)
[11:06:04] keyboard: key_hold(ctrlleft, (0.5, 1.2)) - 3m34s
[11:06:38] skip: mouse_zigzag_three_segments (user interrupted)
[11:06:44] skip: key_double_tap(shiftleft) (user interrupted)
[11:06:49] skip: mouse_short_move (user interrupted)
[11:06:54] skip: mouse_curved_ease_in (user interrupted)
[11:06:59] skip: mouse_fast_flick (user interrupted)
[11:07:04] skip: key_sequential_tap(shiftleft, ctrlright) (user interrupted)
[11:07:09] skip: mouse_slow_wide_drift (user interrupted)
[11:07:14] skip: mouse_vertical_move (user interrupted)
[11:07:19] skip: keyboard (user active)
[11:07:24] keyboard: key_tap(shift) - 1m19s
[11:08:11] skip: keyboard (user active)
[11:08:16] skip: keyboard (user active)
[11:08:21] skip: mouse (user active)
[11:08:26] skip: mouse_long_move (user interrupted)
[11:08:31] skip: mouse_micro_jitter (user interrupted)
[11:08:36] skip: mouse_medium_move (user interrupted)
[11:08:41] skip: mouse (user active)
[11:08:46] skip: mouse (user active)
[11:08:51] skip: keyboard (user active)
[11:08:56] skip: keyboard (user active)
[11:09:01] skip: mouse (user active)
[11:09:06] skip: keyboard (user active)
[11:09:11] skip: keyboard (user active)
[11:09:16] skip: mouse (user active)
[11:09:21] skip: mouse (user active)
[11:09:26] skip: mouse (user active)
[11:09:31] skip: mouse (user active)
[11:09:36] skip: mouse (user active)
[11:09:41] skip: mouse (user active)
[11:09:46] skip: keyboard (user active)
[11:09:51] skip: mouse (user active)
[11:09:56] skip: keyboard (user active)
[11:10:01] skip: mouse_curved_ease_out (user interrupted)
[11:10:06] skip: mouse (user active)
[11:10:11] skip: mouse (user active)
[11:10:16] skip: key_alt_tab_bounce(4) (user interrupted)
[11:10:21] skip: keyboard (user active)
[11:10:26] skip: mouse (user active)
[11:10:31] skip: keyboard (user active)
[11:10:36] skip: mouse_medium_move (user interrupted)
[11:10:41] skip: mouse_slow_drift (user interrupted)
[11:10:47] skip: key_sequential_tap(ctrlright, shiftleft) (user interrupted)
[11:10:52] skip: keyboard (user active)
[11:10:57] skip: keyboard (user active)
[11:11:02] skip: key_alt_tab_bounce(8) (user interrupted)
[11:11:07] skip: mouse (user active)
[11:11:12] skip: mouse (user active)
[11:11:17] skip: mouse_tiny_step (user interrupted)
[11:11:22] skip: keyboard (user active)
[11:11:27] skip: mouse (user active)
[11:11:32] skip: mouse (user active)
[11:11:37] skip: mouse (user active)
[11:11:42] skip: mouse (user active)
[11:11:47] skip: mouse (user active)
[11:11:52] skip: mouse (user active)
[11:11:58] skip: key_double_tap(ctrl) (user interrupted)
[11:12:03] skip: key_sequential_tap(shiftleft, ctrlright) (user interrupted)
[11:12:08] skip: key_triple_tap(ctrl) (user interrupted)
[11:12:14] skip: key_sequential_tap(shiftleft, ctrlright) (user interrupted)
[11:12:19] skip: mouse_diagonal_move (user interrupted)
[11:12:24] skip: mouse (user active)
[11:12:29] skip: keyboard (user active)
[11:12:34] skip: mouse (user active)
[11:12:39] skip: mouse (user active)
[11:12:44] skip: keyboard (user active)
[11:12:49] skip: keyboard (user active)
[11:12:54] skip: keyboard (user active)
[11:12:59] skip: keyboard (user active)
[11:13:04] skip: mouse (user active)
[11:13:09] skip: keyboard (user active)
[11:13:14] skip: mouse (user active)
[11:13:19] skip: mouse (user active)
[11:13:24] skip: mouse (user active)
[11:13:29] skip: mouse (user active)
[11:13:34] skip: mouse (user active)
[11:13:39] skip: keyboard (user active)
[11:13:44] skip: mouse (user active)
[11:13:49] skip: mouse (user active)
[11:13:54] skip: key_triple_tap(ctrl) (user interrupted)
[11:13:59] skip: mouse_curved_ease_out (user interrupted)
[11:14:04] keyboard: key_hold(shiftleft, (0.1, 0.4)) - 6m39s
[11:15:13] skip: mouse (user active)
[11:15:18] skip: mouse (user active)
[11:15:23] skip: keyboard (user active)
[11:15:28] skip: keyboard (user active)
[11:15:33] skip: mouse (user active)
[11:15:38] skip: mouse (user active)
[11:15:43] skip: keyboard (user active)
[11:15:48] skip: keyboard (user active)
[11:15:53] skip: mouse (user active)
[11:15:58] skip: keyboard (user active)
[11:16:03] skip: keyboard (user active)
[11:16:08] skip: mouse (user active)
[11:16:13] skip: keyboard (user active)
[11:16:18] skip: keyboard (user active)
[11:16:23] skip: key_modifier_medley(4) (user interrupted)
[11:16:28] skip: keyboard (user active)
[11:16:33] skip: keyboard (user active)
[11:16:38] skip: keyboard (user active)
[11:16:43] skip: keyboard (user active)
[11:16:48] skip: keyboard (user active)
[11:16:53] skip: mouse_fast_flick (user interrupted)
[11:16:59] skip: key_triple_tap(ctrlright) (user interrupted)
[11:17:04] skip: mouse_micro_jitter (user interrupted)
[11:17:09] skip: key_lock_toggle(capslock, 4) (user interrupted)
[11:17:14] skip: key_double_tap(shiftleft) (user interrupted)
[11:17:19] skip: mouse_vertical_move (user interrupted)
[11:17:24] skip: keyboard (user active)
[11:17:30] skip: key_lock_toggle(numlock, 4) (user interrupted)
[11:17:35] skip: keyboard (user active)
[11:17:40] skip: mouse (user active)
[11:17:45] skip: mouse (user active)
[11:17:50] skip: mouse (user active)
[11:17:55] skip: key_triple_tap(ctrlright) (user interrupted)
[11:18:00] skip: mouse (user active)
[11:18:05] skip: mouse (user active)
[11:18:10] skip: keyboard (user active)
[11:18:15] skip: mouse (user active)
[11:18:20] skip: keyboard (user active)
[11:18:25] skip: key_double_tap(ctrl) (user interrupted)
[11:18:30] skip: mouse_reverse_curve (user interrupted)
[11:18:35] skip: mouse (user active)
[11:18:40] skip: keyboard (user active)
[11:18:45] skip: mouse (user active)
[11:18:50] keyboard: key_hold(ctrlleft, (0.1, 0.4)) - 4m46s
[11:19:26] skip: mouse (user active)
[11:19:31] skip: keyboard (user active)
[11:19:36] skip: keyboard (user active)
[11:19:41] skip: keyboard (user active)
[11:19:46] skip: keyboard (user active)
[11:19:51] skip: keyboard (user active)
[11:19:56] skip: keyboard (user active)
[11:20:01] skip: keyboard (user active)
[11:20:06] skip: keyboard (user active)
[11:20:11] skip: keyboard (user active)
[11:20:16] skip: keyboard (user active)
[11:20:21] skip: mouse (user active)
[11:20:26] skip: mouse (user active)
[11:20:31] skip: mouse (user active)
[11:20:36] skip: keyboard (user active)
[11:20:41] skip: keyboard (user active)
[11:20:46] skip: mouse (user active)
[11:20:51] skip: mouse (user active)
[11:20:56] skip: keyboard (user active)
[11:21:01] skip: keyboard (user active)
[11:21:06] skip: keyboard (user active)
[11:21:11] skip: keyboard (user active)
[11:21:16] skip: mouse (user active)
[11:21:21] skip: keyboard (user active)
[11:21:26] skip: keyboard (user active)
[11:21:31] skip: mouse (user active)
[11:21:36] skip: keyboard (user active)
[11:21:41] skip: keyboard (user active)
[11:21:46] skip: keyboard (user active)
[11:21:51] skip: keyboard (user active)
[11:21:56] skip: mouse (user active)
[11:22:01] skip: keyboard (user active)
[11:22:06] skip: keyboard (user active)
[11:22:11] skip: keyboard (user active)
[11:22:16] skip: keyboard (user active)
[11:22:21] skip: mouse (user active)
[11:22:26] skip: mouse_long_diagonal_sweep (user interrupted)
[11:22:31] skip: mouse_medium_move (user interrupted)
[11:22:37] skip: key_double_tap(shiftright) (user interrupted)
[11:22:42] skip: key_sequential_tap(shift, ctrl) (user interrupted)
[11:22:47] skip: mouse_long_move (user interrupted)
[11:22:52] skip: mouse (user active)
[11:22:57] skip: keyboard (user active)
[11:23:02] skip: mouse_horizontal_move (user interrupted)
[11:23:07] skip: keyboard (user active)
[11:23:12] skip: mouse_zigzag_two_segments (user interrupted)
[11:23:17] skip: mouse_zigzag_two_segments (user interrupted)
[11:23:22] skip: mouse (user active)
[11:23:27] skip: keyboard (user active)
[11:23:32] skip: mouse (user active)
[11:23:37] skip: mouse (user active)
[11:23:42] skip: mouse (user active)
[11:23:47] skip: keyboard (user active)
[11:23:52] skip: mouse (user active)
[11:23:57] skip: keyboard (user active)
[11:24:02] skip: keyboard (user active)
[11:24:07] skip: keyboard (user active)
[11:24:12] skip: mouse (user active)
[11:24:17] skip: keyboard (user active)
[11:24:22] skip: mouse (user active)
[11:24:27] skip: mouse (user active)
[11:24:32] skip: mouse (user active)
[11:24:37] skip: mouse (user active)
[11:24:42] skip: mouse (user active)
[11:24:47] skip: mouse (user active)
[11:24:52] skip: keyboard (user active)
[11:24:57] skip: keyboard (user active)
[11:25:02] skip: keyboard (user active)
[11:25:07] skip: mouse (user active)
[11:25:12] skip: mouse (user active)
[11:25:17] skip: mouse (user active)
[11:25:22] skip: mouse (user active)
[11:25:27] skip: keyboard (user active)
[11:25:32] skip: keyboard (user active)
[11:25:37] skip: mouse (user active)
[11:25:42] skip: mouse (user active)
[11:25:47] skip: mouse_long_diagonal_sweep (user interrupted)
[11:25:52] keyboard: key_tap(ctrlleft) - 7m1s
[11:26:42] skip: keyboard (user active)
[11:26:47] skip: keyboard (user active)
[11:26:52] skip: key_triple_tap(shift) (user interrupted)
[11:26:58] skip: key_alt_tab_bounce(8) (user interrupted)
[11:27:03] skip: keyboard (user active)
[11:27:08] skip: keyboard (user active)
[11:27:13] skip: keyboard (user active)
[11:27:18] skip: mouse (user active)
[11:27:23] skip: mouse (user active)
[11:27:28] skip: mouse_slow_wide_drift (user interrupted)
[11:27:33] skip: keyboard (user active)
[11:27:38] skip: mouse_tiny_step (user interrupted)
[11:27:43] keyboard: key_hold(shiftleft, (0.5, 1.2)) - 1m50s
[11:28:37] keyboard: key_hold(ctrlright, (0.5, 1.2)) - 0m54s
[11:29:39] skip: key_lock_toggle(numlock, 4) (user interrupted)
[11:29:44] skip: mouse_slow_drift (user interrupted)
[11:29:49] skip: mouse_fast_flick (user interrupted)
[11:29:54] skip: keyboard (user active)
[11:29:59] skip: mouse (user active)
[11:30:04] skip: keyboard (user active)
[11:30:09] skip: mouse (user active)
[11:30:14] skip: mouse (user active)
[11:30:19] skip: mouse (user active)
[11:30:24] skip: mouse (user active)
[11:30:29] skip: keyboard (user active)
[11:30:34] skip: keyboard (user active)
[11:30:39] skip: mouse_curved_ease_in (user interrupted)
[11:30:44] skip: keyboard (user active)
[11:30:49] skip: mouse_fast_flick (user interrupted)
[11:30:54] keyboard: key_hold(ctrl, (0.5, 1.2)) - 2m16s
[11:31:35] skip: keyboard (user active)
[11:31:40] skip: keyboard (user active)
[11:31:45] skip: mouse (user active)
[11:31:50] skip: keyboard (user active)
[11:31:55] skip: keyboard (user active)
[11:32:00] skip: mouse (user active)
[11:32:05] skip: mouse (user active)
[11:32:10] skip: keyboard (user active)
[11:32:15] skip: mouse (user active)
[11:32:20] skip: keyboard (user active)
[11:32:25] skip: mouse (user active)
[11:32:30] skip: keyboard (user active)
[11:32:35] skip: mouse (user active)
[11:32:40] skip: keyboard (user active)
[11:32:45] skip: keyboard (user active)
[11:32:50] skip: mouse (user active)
[11:32:55] skip: keyboard (user active)
[11:33:00] skip: mouse (user active)
[11:33:05] skip: mouse (user active)
[11:33:10] skip: keyboard (user active)
[11:33:15] skip: key_double_tap(shiftright) (user interrupted)
[11:33:20] keyboard: key_tap(shiftleft) - 2m26s
[11:34:33] skip: mouse_fast_flick (user interrupted)
[11:34:38] skip: keyboard (user active)
[11:34:43] skip: keyboard (user active)
[11:34:48] skip: keyboard (user active)
[11:34:53] skip: keyboard (user active)
[11:34:58] skip: keyboard (user active)
[11:35:03] skip: keyboard (user active)
[11:35:08] skip: keyboard (user active)
[11:35:13] skip: mouse (user active)
[11:35:18] skip: keyboard (user active)
[11:35:23] skip: keyboard (user active)
[11:35:28] skip: keyboard (user active)
[11:35:33] skip: keyboard (user active)
[11:35:38] skip: mouse (user active)
[11:35:43] skip: keyboard (user active)
[11:35:48] skip: keyboard (user active)
[11:35:53] skip: keyboard (user active)
[11:35:59] skip: key_sequential_tap(shiftleft, ctrlright) (user interrupted)
[11:36:04] skip: mouse (user active)
[11:36:09] skip: keyboard (user active)
[11:36:14] skip: mouse (user active)
[11:36:19] skip: mouse (user active)
[11:36:24] skip: mouse (user active)
[11:36:29] skip: keyboard (user active)
[11:36:34] skip: keyboard (user active)
[11:36:39] skip: keyboard (user active)
[11:36:44] skip: keyboard (user active)
[11:36:49] skip: mouse_slow_drift (user interrupted)
[11:36:54] skip: keyboard (user active)
[11:36:59] skip: mouse (user active)
[11:37:04] skip: mouse (user active)
[11:37:09] skip: keyboard (user active)
[11:37:14] skip: key_sequential_tap(ctrl, shift) (user interrupted)
[11:37:19] skip: keyboard (user active)
[11:37:24] skip: keyboard (user active)
[11:37:29] skip: keyboard (user active)
[11:37:34] skip: mouse (user active)
[11:37:39] skip: mouse (user active)
[11:37:44] skip: keyboard (user active)
[11:37:49] skip: mouse (user active)
[11:37:54] skip: keyboard (user active)
[11:37:59] skip: mouse_zigzag_two_segments (user interrupted)
[11:38:04] keyboard: key_hold(ctrlright, (0.5, 1.2)) - 4m43s
[11:38:45] skip: mouse_long_move (user interrupted)
[11:38:50] skip: mouse_slow_wide_drift (user interrupted)
[11:38:55] skip: key_triple_tap(shiftleft) (user interrupted)
[11:39:00] skip: mouse_short_move (user interrupted)
[11:39:05] skip: keyboard (user active)
[11:39:10] skip: keyboard (user active)
[11:39:15] skip: keyboard (user active)
[11:39:20] skip: mouse_long_move (user interrupted)
[11:39:25] skip: keyboard (user active)
[11:39:30] skip: keyboard (user active)
[11:39:35] skip: keyboard (user active)
[11:39:40] skip: mouse_micro_jitter (user interrupted)
[11:39:45] skip: mouse (user active)
[11:39:50] skip: mouse (user active)
[11:39:55] skip: keyboard (user active)
[11:40:00] skip: mouse (user active)
[11:40:05] skip: keyboard (user active)
[11:40:10] skip: mouse_tiny_step (user interrupted)
[11:40:15] skip: keyboard (user active)
[11:40:20] skip: keyboard (user active)
[11:40:25] skip: keyboard (user active)
[11:40:30] skip: mouse (user active)
[11:40:35] skip: mouse (user active)
[11:40:41] skip: key_triple_tap(ctrlright) (user interrupted)
[11:40:46] skip: key_lock_toggle(numlock, 2) (user interrupted)
[11:40:51] keyboard: key_hold(shiftleft, (0.1, 0.4)) - 2m46s
[11:41:24] skip: mouse (user active)
[11:41:29] skip: mouse (user active)
[11:41:34] skip: keyboard (user active)
[11:41:39] skip: keyboard (user active)
[11:41:44] skip: keyboard (user active)
[11:41:49] skip: keyboard (user active)
[11:41:54] skip: keyboard (user active)
[11:41:59] skip: mouse (user active)
[11:42:04] skip: mouse (user active)
[11:42:09] skip: mouse (user active)
[11:42:14] skip: mouse_long_move (user interrupted)
[11:42:19] skip: mouse (user active)
[11:42:24] skip: mouse (user active)
[11:42:29] keyboard: key_tap(shiftright) - 1m38s
[11:43:11] skip: keyboard (user active)
[11:43:16] skip: keyboard (user active)
[11:43:21] skip: keyboard (user active)
[11:43:26] skip: mouse (user active)
[11:43:31] skip: mouse (user active)
[11:43:36] skip: keyboard (user active)
[11:43:41] skip: keyboard (user active)
[11:43:46] skip: keyboard (user active)
[11:43:51] skip: mouse (user active)
[11:43:56] skip: keyboard (user active)
[11:44:01] skip: mouse (user active)
[11:44:06] skip: mouse (user active)
[11:44:11] skip: keyboard (user active)
[11:44:16] skip: keyboard (user active)
[11:44:21] skip: mouse (user active)
[11:44:26] skip: keyboard (user active)
[11:44:31] skip: keyboard (user active)
[11:44:36] skip: mouse (user active)
[11:44:41] skip: keyboard (user active)
[11:44:46] skip: keyboard (user active)
[11:44:51] skip: mouse (user active)
[11:44:56] skip: mouse (user active)
[11:45:01] skip: keyboard (user active)
[11:45:06] skip: keyboard (user active)
[11:45:11] skip: mouse (user active)
[11:45:16] skip: keyboard (user active)
[11:45:21] skip: keyboard (user active)
[11:45:26] skip: keyboard (user active)
[11:45:31] skip: mouse (user active)
[11:45:36] skip: keyboard (user active)
[11:45:41] skip: mouse (user active)
[11:45:46] skip: keyboard (user active)
[11:45:51] skip: keyboard (user active)
[11:45:56] skip: keyboard (user active)
[11:46:01] skip: mouse (user active)
[11:46:06] skip: keyboard (user active)
[11:46:11] skip: keyboard (user active)
[11:46:16] skip: keyboard (user active)
[11:46:21] skip: mouse (user active)
[11:46:26] skip: mouse (user active)
[11:46:31] skip: keyboard (user active)
[11:46:36] skip: mouse (user active)
[11:46:41] skip: mouse (user active)
[11:46:46] skip: mouse (user active)
[11:46:51] skip: keyboard (user active)
[11:46:56] skip: keyboard (user active)
[11:47:01] skip: keyboard (user active)
[11:47:06] skip: keyboard (user active)
[11:47:11] skip: keyboard (user active)
[11:47:16] skip: keyboard (user active)
[11:47:21] skip: keyboard (user active)
[11:47:26] skip: mouse_curved_ease_in (user interrupted)
[11:47:31] skip: mouse (user active)
[11:47:36] skip: mouse_zigzag_two_segments (user interrupted)
[11:47:41] skip: mouse_slow_wide_drift (user interrupted)
[11:47:46] skip: mouse_curved_ease_in_out (user interrupted)
[11:47:52] skip: key_lock_toggle(scrolllock, 2) (user interrupted)
[11:47:57] skip: key_triple_tap(shift) (user interrupted)
[11:48:02] skip: mouse_zigzag_two_segments (user interrupted)
[11:48:07] skip: keyboard (user active)
[11:48:12] skip: key_triple_tap(shiftright) (user interrupted)
[11:48:17] skip: mouse_long_diagonal_sweep (user interrupted)
[11:48:22] skip: mouse_tiny_step (user interrupted)
[11:48:27] keyboard: key_hold(ctrlright, (0.5, 1.2)) - 5m57s
[11:49:27] keyboard: key_hold(shiftright, (0.1, 0.4)) - 0m59s
[11:50:17] skip: keyboard (user active)
[11:50:22] skip: keyboard (user active)
[11:50:27] skip: keyboard (user active)
[11:50:32] skip: keyboard (user active)
[11:50:37] skip: keyboard (user active)
[11:50:42] skip: keyboard (user active)
[11:50:47] skip: mouse (user active)
[11:50:52] skip: mouse (user active)
[11:50:57] skip: mouse_short_move (user interrupted)
[11:51:02] skip: mouse (user active)
[11:51:07] skip: mouse (user active)
[11:51:12] skip: keyboard (user active)
[11:51:17] skip: keyboard (user active)
[11:51:22] skip: keyboard (user active)
[11:51:27] skip: mouse (user active)
[11:51:32] skip: mouse (user active)
[11:51:37] skip: keyboard (user active)
[11:51:42] skip: mouse (user active)
[11:51:47] skip: keyboard (user active)
[11:51:52] skip: keyboard (user active)
[11:51:57] skip: mouse (user active)
[11:52:02] skip: keyboard (user active)
[11:52:07] skip: keyboard (user active)
[11:52:12] skip: keyboard (user active)
[11:52:17] skip: keyboard (user active)
[11:52:22] skip: keyboard (user active)
[11:52:27] skip: mouse (user active)
[11:52:32] skip: keyboard (user active)
[11:52:37] skip: keyboard (user active)
[11:52:42] skip: keyboard (user active)
[11:52:47] skip: key_sequential_tap(shiftright, ctrlleft) (user interrupted)
[11:52:52] skip: mouse (user active)
[11:52:57] skip: mouse (user active)
[11:53:02] skip: keyboard (user active)
[11:53:07] skip: keyboard (user active)
[11:53:12] skip: mouse (user active)
[11:53:17] skip: mouse (user active)
[11:53:22] keyboard: key_hold(shift, (0.1, 0.4)) - 3m55s
[11:54:04] skip: keyboard (user active)
[11:54:09] skip: mouse (user active)
[11:54:14] skip: keyboard (user active)
[11:54:19] skip: keyboard (user active)
[11:54:24] skip: keyboard (user active)
[11:54:29] skip: keyboard (user active)
[11:54:34] skip: mouse (user active)
[11:54:39] skip: mouse (user active)
[11:54:44] skip: keyboard (user active)
[11:54:49] skip: mouse (user active)
[11:54:54] skip: keyboard (user active)
[11:54:59] skip: keyboard (user active)
[11:55:04] skip: keyboard (user active)
[11:55:09] skip: mouse_fast_flick (user interrupted)
[11:55:14] skip: keyboard (user active)
[11:55:19] skip: mouse_curved_ease_in_out (user interrupted)
[11:55:24] skip: mouse (user active)
[11:55:29] skip: mouse_vertical_move (user interrupted)
[11:55:34] skip: mouse_curved_ease_in (user interrupted)
[11:55:39] skip: mouse_curved_ease_in (user interrupted)
[11:55:44] skip: mouse_short_move (user interrupted)
[11:55:50] keyboard: key_hold(shift, (0.1, 0.4)) - 2m27s
[11:56:21] skip: key_double_tap(ctrlright) (user interrupted)
[11:56:26] skip: mouse_micro_jitter (user interrupted)
[11:56:31] skip: mouse (user active)
[11:56:36] skip: mouse_curved_ease_out (user interrupted)
[11:56:41] skip: mouse_zigzag_three_segments (user interrupted)
[11:56:46] skip: mouse_random_walk_chain (user interrupted)
[11:56:51] skip: mouse_long_move (user interrupted)
[11:56:56] skip: mouse_zigzag_two_segments (user interrupted)
[11:57:01] skip: mouse_horizontal_move (user interrupted)
[11:57:06] skip: key_double_tap(ctrl) (user interrupted)
[11:57:11] skip: mouse_long_move (user interrupted)
[11:57:16] keyboard: key_tap(ctrl) - 1m26s
[11:58:01] skip: key_sequential_tap(ctrlright, shiftleft) (user interrupted)
[11:58:06] skip: key_lock_toggle(numlock, 4) (user interrupted)
[11:58:11] skip: mouse_long_diagonal_sweep (user interrupted)
[11:58:16] skip: mouse_vertical_move (user interrupted)
[11:58:22] skip: key_alt_tab_bounce(4) (user interrupted)
[11:58:27] skip: mouse_zigzag_three_segments (user interrupted)
[11:58:32] skip: key_sequential_tap(ctrl, shift) (user interrupted)
[11:58:37] skip: mouse_big_jump (user interrupted)
[11:58:42] skip: mouse_horizontal_move (user interrupted)
[11:58:47] skip: mouse_diagonal_move (user interrupted)
[11:58:52] keyboard: key_hold(shift, (0.5, 1.2)) - 1m35s
[12:00:00] skip: keyboard (user active)
[12:00:06] skip: key_triple_tap(shiftleft) (user interrupted)
[12:00:11] skip: keyboard (user active)
[12:00:16] skip: mouse_horizontal_move (user interrupted)
[12:00:21] skip: mouse_short_move (user interrupted)
[12:00:26] skip: mouse_slow_drift (user interrupted)
[12:00:31] skip: key_sequential_tap(ctrlleft, shiftright) (user interrupted)
[12:00:36] keyboard: key_tap(pause) - 1m43s
[12:01:16] skip: mouse (user active)
[12:01:21] skip: keyboard (user active)
[12:01:26] skip: mouse (user active)
[12:01:31] skip: keyboard (user active)
[12:01:36] skip: keyboard (user active)
[12:01:41] skip: mouse (user active)
[12:01:46] skip: keyboard (user active)
[12:01:51] keyboard: key_tap(shift) - 1m15s
[12:02:34] skip: mouse_long_move (user interrupted)
[12:02:39] skip: mouse_tiny_step (user interrupted)
[12:02:44] skip: mouse_curved_ease_out (user interrupted)
[12:02:49] skip: mouse_fast_flick (user interrupted)
[12:02:54] skip: key_double_tap(ctrlright) (user interrupted)
[12:02:59] skip: mouse_short_move (user interrupted)
[12:03:05] skip: key_sequential_tap(ctrlleft, shiftright) (user interrupted)
[12:03:10] keyboard: key_hold(ctrl, (0.1, 0.4)) - 1m18s
[12:04:24] skip: mouse_short_move (user interrupted)
[12:04:29] skip: mouse_vertical_move (user interrupted)
[12:04:34] skip: mouse_long_move (user interrupted)
[12:04:39] skip: mouse_zigzag_three_segments (user interrupted)
[12:04:44] skip: mouse_reverse_curve (user interrupted)
[12:04:49] skip: key_triple_tap(shift) (user interrupted)
[12:04:54] skip: mouse_zigzag_two_segments (user interrupted)
[12:04:59] skip: key_double_tap(ctrlleft) (user interrupted)
[12:05:04] skip: mouse_diagonal_move (user interrupted)
[12:05:09] skip: mouse_medium_move (user interrupted)
[12:05:15] skip: key_double_tap(ctrl) (user interrupted)
[12:05:20] skip: key_double_tap(ctrlright) (user interrupted)
[12:05:25] skip: mouse_short_move (user interrupted)
[12:05:30] keyboard: key_tap(ctrlleft) - 2m20s
[12:06:05] skip: mouse_slow_drift (user interrupted)
[12:06:10] skip: key_alt_tab_bounce(4) (user interrupted)
[12:06:15] skip: mouse_diagonal_move (user interrupted)
[12:06:21] skip: key_triple_tap(shiftright) (user interrupted)
[12:06:26] skip: key_double_tap(ctrlleft) (user interrupted)
[12:06:31] skip: mouse_fast_flick (user interrupted)
[12:06:36] skip: mouse_diagonal_move (user interrupted)
[12:06:41] skip: key_modifier_medley(4) (user interrupted)
[12:06:46] skip: mouse_long_move (user interrupted)
[12:06:52] skip: key_lock_toggle(numlock, 2) (user interrupted)
[12:06:57] skip: mouse_vertical_move (user interrupted)
[12:07:02] keyboard: key_hold(ctrlright, (0.1, 0.4)) - 1m31s
[12:07:37] keyboard: key_hold(shiftright, (0.1, 0.4)) - 0m35s
[12:08:39] skip: mouse_diagonal_move (user interrupted)
[12:08:44] skip: mouse_reverse_curve (user interrupted)
[12:08:49] skip: mouse_medium_move (user interrupted)
[12:08:55] skip: key_lock_toggle(capslock, 4) (user interrupted)
[12:09:00] skip: key_alt_tab_bounce(4) (user interrupted)
[12:09:05] keyboard: key_hold(ctrlleft, (0.1, 0.4)) - 1m27s
[12:10:11] skip: mouse_diagonal_move (user interrupted)
[12:10:16] skip: mouse_slow_drift (user interrupted)
[12:10:21] keyboard: key_hold(ctrlright, (0.1, 0.4)) - 1m16s
[12:11:13] skip: key_sequential_tap(ctrl, shift) (user interrupted)
[12:11:18] keyboard: key_hold(ctrl, (0.5, 1.2)) - 0m56s
[12:12:23] skip: keyboard (user active)
[12:12:28] skip: mouse (user active)
[12:12:33] skip: keyboard (user active)
[12:12:38] skip: mouse (user active)
[12:12:43] skip: mouse_medium_move (user interrupted)
[12:12:48] skip: mouse (user active)
[12:12:53] skip: mouse (user active)
[12:12:58] skip: keyboard (user active)
[12:13:03] skip: keyboard (user active)
[12:13:08] skip: keyboard (user active)
[12:13:13] skip: keyboard (user active)
[12:13:18] skip: keyboard (user active)
[12:13:23] skip: keyboard (user active)
[12:13:28] skip: keyboard (user active)
[12:13:33] skip: keyboard (user active)
[12:13:38] skip: key_sequential_tap(shiftleft, ctrlright) (user interrupted)
[12:13:44] skip: key_sequential_tap(shift, ctrl) (user interrupted)
[12:13:49] skip: mouse_short_move (user interrupted)
[12:13:54] skip: mouse (user active)
[12:13:59] skip: mouse (user active)
[12:14:04] skip: keyboard (user active)
[12:14:09] skip: keyboard (user active)
[12:14:14] skip: mouse (user active)
[12:14:19] skip: mouse_reverse_curve (user interrupted)
[12:14:24] skip: keyboard (user active)
[12:14:29] skip: mouse (user active)
[12:14:34] skip: mouse (user active)
[12:14:39] skip: keyboard (user active)
[12:14:44] skip: mouse_horizontal_move (user interrupted)
[12:14:49] keyboard: key_hold(ctrlright, (0.1, 0.4)) - 3m30s
[12:15:58] skip: mouse_long_move (user interrupted)
[12:16:03] skip: mouse_random_walk_chain (user interrupted)
[12:16:08] skip: mouse_tiny_step (user interrupted)
[12:16:13] skip: mouse_zigzag_two_segments (user interrupted)
[12:16:18] skip: mouse_big_jump (user interrupted)
[12:16:23] skip: mouse_medium_move (user interrupted)
[12:16:29] skip: key_alt_tab_bounce(2) (user interrupted)
[12:16:34] skip: key_double_tap(shiftleft) (user interrupted)
[12:16:39] skip: mouse_micro_jitter (user interrupted)
[12:16:44] skip: key_lock_toggle(numlock, 4) (user interrupted)
[12:16:49] skip: mouse_curved_ease_out (user interrupted)
[12:16:55] skip: key_double_tap(shiftright) (user interrupted)
[12:17:00] skip: key_alt_tab_bounce(10) (user interrupted)
[12:17:05] skip: mouse_micro_jitter (user interrupted)
[12:17:10] skip: key_double_tap(shiftright) (user interrupted)
[12:17:15] skip: mouse_reverse_curve (user interrupted)
[12:17:21] skip: key_triple_tap(ctrlleft) (user interrupted)
[12:17:26] skip: mouse_zigzag_two_segments (user interrupted)
[12:17:31] skip: mouse_curved_ease_in_out (user interrupted)
[12:17:36] skip: mouse_curved_ease_out (user interrupted)
[12:17:41] skip: mouse_horizontal_move (user interrupted)
[12:17:46] skip: mouse_vertical_move (user interrupted)
[12:17:51] skip: mouse_curved_ease_out (user interrupted)
[12:17:56] keyboard: key_hold(ctrlright, (0.1, 0.4)) - 3m6s
[12:19:05] skip: mouse_short_move (user interrupted)
[12:19:10] skip: key_triple_tap(ctrlright) (user interrupted)
[12:19:15] skip: mouse_curved_ease_in (user interrupted)
[12:19:20] skip: mouse_vertical_move (user interrupted)
[12:19:26] skip: key_lock_toggle(capslock, 4) (user interrupted)
[12:19:31] skip: mouse_fast_flick (user interrupted)
[12:19:36] skip: key_lock_toggle(numlock, 2) (user interrupted)
[12:19:41] skip: key_alt_tab_bounce(8) (user interrupted)
[12:19:47] skip: key_alt_tab_bounce(10) (user interrupted)
[12:19:52] skip: mouse_long_diagonal_sweep (user interrupted)
[12:19:57] skip: mouse_long_move (user interrupted)
[12:20:02] skip: key_alt_tab_bounce(6) (user interrupted)
[12:20:07] skip: mouse_slow_drift (user interrupted)
[12:20:12] skip: key_double_tap(ctrlleft) (user interrupted)
[12:20:17] skip: mouse_micro_jitter (user interrupted)
[12:20:22] skip: keyboard (user active)
[12:20:27] skip: mouse (user active)
[12:20:33] skip: key_sequential_tap(shift, ctrl) (user interrupted)
[12:20:38] skip: keyboard (user active)
[12:20:43] skip: mouse (user active)
[12:20:48] skip: mouse_long_move (user interrupted)
[12:20:53] skip: mouse_slow_drift (user interrupted)
[12:20:58] skip: key_double_tap(ctrlleft) (user interrupted)
[12:21:03] skip: key_double_tap(ctrlright) (user interrupted)
[12:21:08] skip: mouse (user active)
[12:21:13] skip: mouse (user active)
[12:21:18] skip: mouse (user active)
[12:21:23] skip: mouse_long_move (user interrupted)
[12:21:28] skip: keyboard (user active)
[12:21:33] skip: mouse_horizontal_move (user interrupted)
[12:21:39] keyboard: key_tap(shiftright) - 3m42s
[12:22:18] skip: mouse_micro_jitter (user interrupted)
[12:22:23] skip: key_alt_tab_bounce(10) (user interrupted)
[12:22:28] skip: keyboard (user active)
[12:22:33] skip: keyboard (user active)
[12:22:38] skip: keyboard (user active)
[12:22:43] skip: mouse_slow_wide_drift (user interrupted)
[12:22:48] skip: mouse_slow_drift (user interrupted)
[12:22:53] skip: mouse_reverse_curve (user interrupted)
[12:22:58] skip: mouse_vertical_move (user interrupted)
[12:23:03] keyboard: key_hold(shift, (0.1, 0.4)) - 1m24s
[12:23:52] skip: keyboard (user active)
[12:23:57] skip: mouse (user active)
[12:24:02] skip: keyboard (user active)
[12:24:07] skip: keyboard (user active)
[12:24:12] skip: mouse (user active)
[12:24:17] skip: mouse (user active)
[12:24:22] skip: keyboard (user active)
[12:24:28] skip: key_double_tap(shift) (user interrupted)
[12:24:33] skip: mouse_long_move (user interrupted)
[12:24:38] skip: mouse_big_jump (user interrupted)
[12:24:43] skip: key_triple_tap(ctrlleft) (user interrupted)
[12:24:48] skip: keyboard (user active)
[12:24:53] skip: mouse (user active)
[12:24:58] skip: keyboard (user active)
[12:25:03] skip: mouse (user active)
[12:25:08] skip: mouse_fast_flick (user interrupted)
[12:25:13] skip: key_triple_tap(ctrl) (user interrupted)
[12:25:18] skip: mouse_micro_jitter (user interrupted)
[12:25:24] skip: key_alt_tab_bounce(6) (user interrupted)
[12:25:29] skip: mouse_short_move (user interrupted)
[12:25:34] skip: mouse (user active)
[12:25:39] skip: keyboard (user active)
[12:25:44] skip: keyboard (user active)
[12:25:49] skip: mouse (user active)
[12:25:54] skip: mouse (user active)
[12:25:59] skip: mouse (user active)
[12:26:04] skip: keyboard (user active)
[12:26:09] skip: mouse_horizontal_move (user interrupted)
[12:26:14] skip: key_double_tap(shift) (user interrupted)
[12:26:19] skip: key_double_tap(ctrlleft) (user interrupted)
[12:26:24] skip: mouse_fast_flick (user interrupted)
[12:26:29] skip: mouse_slow_wide_drift (user interrupted)
[12:26:34] skip: mouse_medium_move (user interrupted)
[12:26:39] skip: key_triple_tap(ctrlright) (user interrupted)
[12:26:45] skip: key_lock_toggle(capslock, 4) (user interrupted)
[12:26:50] skip: mouse_medium_move (user interrupted)
[12:26:55] skip: key_lock_toggle(numlock, 4) (user interrupted)
[12:27:00] skip: mouse_short_move (user interrupted)
[12:27:06] skip: key_alt_tab_bounce(8) (user interrupted)
[12:27:11] keyboard: key_tap(shift) - 4m7s
[12:28:18] skip: mouse (user active)
[12:28:23] skip: keyboard (user active)
[12:28:28] skip: mouse (user active)
[12:28:33] skip: keyboard (user active)
[12:28:38] skip: mouse (user active)
[12:28:43] skip: keyboard (user active)
[12:28:48] skip: keyboard (user active)
[12:28:53] skip: keyboard (user active)
[12:28:58] keyboard: key_tap(ctrlleft) - 1m47s
[12:29:57] skip: mouse_curved_ease_in_out (user interrupted)
[12:30:02] skip: keyboard (user active)
[12:30:07] skip: key_sequential_tap(ctrl, shift) (user interrupted)
[12:30:12] skip: keyboard (user active)
[12:30:17] skip: mouse_diagonal_move (user interrupted)
[12:30:23] skip: key_double_tap(shiftright) (user interrupted)
[12:30:28] skip: keyboard (user active)
[12:30:33] skip: mouse (user active)
[12:30:38] skip: keyboard (user active)
[12:30:43] skip: mouse (user active)
[12:30:48] skip: keyboard (user active)
[12:30:53] skip: mouse_micro_jitter (user interrupted)
[12:30:58] skip: key_alt_tab_bounce(6) (user interrupted)
[12:31:03] skip: keyboard (user active)
[12:31:08] skip: key_modifier_medley(4) (user interrupted)
[12:31:13] skip: mouse (user active)
[12:31:18] skip: mouse_random_walk_chain (user interrupted)
[12:31:23] skip: keyboard (user active)
[12:31:28] skip: mouse (user active)
[12:31:33] skip: mouse_curved_ease_out (user interrupted)
[12:31:38] skip: mouse (user active)
[12:31:43] skip: mouse (user active)
[12:31:48] skip: mouse (user active)
[12:31:53] skip: keyboard (user active)
[12:31:58] skip: keyboard (user active)
[12:32:03] skip: keyboard (user active)
[12:32:08] skip: mouse (user active)
[12:32:13] skip: keyboard (user active)
[12:32:18] skip: mouse (user active)
[12:32:24] skip: mouse_big_jump (user interrupted)
[12:32:29] skip: mouse_curved_ease_in_out (user interrupted)
[12:32:34] skip: keyboard (user active)
[12:32:39] skip: keyboard (user active)
[12:32:44] skip: keyboard (user active)
[12:32:49] skip: keyboard (user active)
[12:32:54] skip: keyboard (user active)
[12:32:59] skip: mouse (user active)
[12:33:04] skip: key_alt_tab_bounce(4) (user interrupted)
[12:33:09] skip: keyboard (user active)
[12:33:14] skip: keyboard (user active)
[12:33:19] skip: keyboard (user active)
[12:33:24] skip: keyboard (user active)
[12:33:29] skip: keyboard (user active)
[12:33:34] skip: mouse (user active)
[12:33:39] keyboard: key_tap(ctrlleft) - 4m40s
[12:34:44] skip: mouse_zigzag_two_segments (user interrupted)
[12:34:49] keyboard: key_tap(shift) - 1m10s
[12:35:37] skip: keyboard (user active)
[12:35:42] skip: mouse_random_walk_chain (user interrupted)
[12:35:47] skip: mouse_micro_jitter (user interrupted)
[12:35:53] skip: key_triple_tap(ctrlright) (user interrupted)
[12:35:58] skip: key_triple_tap(ctrl) (user interrupted)
[12:36:03] skip: mouse (user active)
[12:36:08] skip: key_triple_tap(ctrl) (user interrupted)
[12:36:14] skip: key_alt_tab_bounce(10) (user interrupted)
[12:36:19] skip: keyboard (user active)
[12:36:24] skip: mouse_slow_drift (user interrupted)
[12:36:29] skip: key_sequential_tap(shiftleft, ctrlright) (user interrupted)
[12:36:34] skip: key_alt_tab_bounce(2) (user interrupted)
[12:36:39] skip: mouse_long_diagonal_sweep (user interrupted)
[12:36:45] skip: key_alt_tab_bounce(10) (user interrupted)
[12:36:50] skip: mouse_medium_move (user interrupted)
[12:36:55] skip: key_alt_tab_bounce(6) (user interrupted)
[12:37:00] keyboard: key_tap(shiftleft) - 2m11s
[12:37:49] skip: key_alt_tab_bounce(6) (user interrupted)
[12:37:54] skip: mouse_short_move (user interrupted)
[12:37:59] skip: key_sequential_tap(ctrlleft, shiftright) (user interrupted)
[12:38:04] keyboard: key_tap(shiftright) - 1m3s
[12:39:15] keyboard: key_hold(shift, (0.5, 1.2)) - 1m11s
[12:40:28] skip: key_double_tap(ctrlleft) (user interrupted)
[12:40:33] skip: key_double_tap(ctrlleft) (user interrupted)
[12:40:38] skip: key_lock_toggle(scrolllock, 2) (user interrupted)
[12:40:43] skip: mouse_diagonal_move (user interrupted)
[12:40:48] skip: mouse_tiny_step (user interrupted)
[12:40:53] skip: mouse_curved_ease_in_out (user interrupted)
[12:40:59] skip: key_modifier_medley(2) (user interrupted)
[12:41:04] skip: mouse_horizontal_move (user interrupted)
[12:41:09] skip: mouse_tiny_step (user interrupted)
[12:41:14] skip: keyboard (user active)
[12:41:19] skip: mouse (user active)
[12:41:24] skip: keyboard (user active)
[12:41:29] skip: mouse (user active)
[12:41:34] skip: keyboard (user active)
[12:41:39] skip: keyboard (user active)
[12:41:44] skip: keyboard (user active)
[12:41:49] skip: keyboard (user active)
[12:41:54] skip: keyboard (user active)
[12:41:59] skip: keyboard (user active)
[12:42:04] skip: mouse_zigzag_two_segments (user interrupted)
[12:42:09] skip: key_triple_tap(shift) (user interrupted)
[12:42:14] skip: mouse_fast_flick (user interrupted)
[12:42:19] skip: key_double_tap(shiftleft) (user interrupted)
[12:42:24] skip: mouse_short_move (user interrupted)
[12:42:29] keyboard: key_hold(shiftleft, (0.5, 1.2)) - 3m13s
[12:43:25] skip: mouse_horizontal_move (user interrupted)
[12:43:31] skip: key_lock_toggle(scrolllock, 2) (user interrupted)
[12:43:36] skip: keyboard (user active)
[12:43:41] skip: keyboard (user active)
[12:43:46] skip: mouse (user active)
[12:43:51] skip: mouse (user active)
[12:43:56] skip: keyboard (user active)
[12:44:01] skip: keyboard (user active)
[12:44:06] skip: keyboard (user active)
[12:44:11] skip: mouse (user active)
[12:44:16] skip: mouse (user active)
[12:44:21] skip: mouse (user active)
[12:44:26] skip: keyboard (user active)
[12:44:31] skip: mouse_zigzag_two_segments (user interrupted)
[12:44:36] skip: mouse_reverse_curve (user interrupted)
[12:44:41] skip: keyboard (user active)
[12:44:46] skip: keyboard (user active)
[12:44:51] skip: keyboard (user active)
[12:44:56] skip: mouse (user active)
[12:45:01] skip: mouse (user active)
[12:45:06] skip: keyboard (user active)
[12:45:11] skip: key_alt_tab_bounce(10) (user interrupted)
[12:45:16] skip: mouse (user active)
[12:45:21] skip: mouse (user active)
[12:45:26] skip: keyboard (user active)
[12:45:31] skip: mouse_vertical_move (user interrupted)
[12:45:37] skip: key_lock_toggle(numlock, 4) (user interrupted)
[12:45:42] skip: key_alt_tab_bounce(10) (user interrupted)
[12:45:47] skip: keyboard (user active)
[12:45:52] skip: keyboard (user active)
[12:45:57] skip: mouse (user active)
[12:46:02] skip: mouse (user active)
[12:46:07] skip: key_alt_tab_bounce(8) (user interrupted)
[12:46:12] skip: mouse (user active)
[12:46:17] skip: mouse (user active)
[12:46:22] skip: keyboard (user active)
[12:46:27] skip: keyboard (user active)
[12:46:32] skip: mouse (user active)
[12:46:37] skip: mouse (user active)
[12:46:42] skip: keyboard (user active)
[12:46:47] skip: mouse (user active)
[12:46:52] skip: keyboard (user active)
[12:46:58] skip: key_sequential_tap(shift, ctrl) (user interrupted)
[12:47:03] skip: key_modifier_medley(2) (user interrupted)
[12:47:08] skip: mouse_curved_ease_out (user interrupted)
[12:47:13] skip: mouse_zigzag_three_segments (user interrupted)
[12:47:18] skip: mouse_slow_drift (user interrupted)
[12:47:23] skip: mouse_vertical_move (user interrupted)
[12:47:29] skip: key_alt_tab_bounce(10) (user interrupted)
[12:47:34] skip: mouse_long_move (user interrupted)
[12:47:39] keyboard: key_hold(shift, (0.5, 1.2)) - 5m9s
[12:48:19] skip: keyboard (user active)
[12:48:24] skip: keyboard (user active)
[12:48:29] skip: mouse (user active)
[12:48:34] skip: keyboard (user active)
[12:48:39] skip: keyboard (user active)
[12:48:44] skip: mouse (user active)
[12:48:49] skip: mouse (user active)
[12:48:54] skip: mouse (user active)
[12:48:59] skip: keyboard (user active)
[12:49:04] skip: keyboard (user active)
[12:49:09] skip: keyboard (user active)
[12:49:14] skip: keyboard (user active)
[12:49:19] skip: keyboard (user active)
[12:49:24] skip: keyboard (user active)
[12:49:29] skip: keyboard (user active)
[12:49:34] skip: keyboard (user active)
[12:49:39] skip: keyboard (user active)
[12:49:44] skip: keyboard (user active)
[12:49:49] skip: mouse (user active)
[12:49:54] skip: keyboard (user active)
[12:49:59] skip: mouse (user active)
[12:50:04] skip: keyboard (user active)
[12:50:09] skip: mouse (user active)
[12:50:14] skip: keyboard (user active)
[12:50:19] skip: keyboard (user active)
[12:50:24] skip: mouse (user active)
[12:50:29] skip: keyboard (user active)
[12:50:34] skip: mouse (user active)
[12:50:39] skip: key_alt_tab_bounce(8) (user interrupted)
[12:50:44] skip: keyboard (user active)
[12:50:49] skip: mouse_horizontal_move (user interrupted)
[12:50:54] keyboard: key_tap(ctrlleft) - 3m15s
[12:52:02] skip: key_alt_tab_bounce(10) (user interrupted)
[12:52:07] skip: mouse_slow_wide_drift (user interrupted)
[12:52:12] skip: key_alt_tab_bounce(2) (user interrupted)
[12:52:18] skip: key_double_tap(shift) (user interrupted)
[12:52:23] skip: key_double_tap(shiftright) (user interrupted)
[12:52:28] skip: key_sequential_tap(ctrl, shift) (user interrupted)
[12:52:33] skip: mouse_fast_flick (user interrupted)
[12:52:38] keyboard: key_hold(shiftleft, (0.1, 0.4)) - 1m43s
[12:53:23] skip: key_sequential_tap(shift, ctrl) (user interrupted)
[12:53:28] keyboard: key_tap(shiftright) - 0m49s
[12:54:25] skip: key_lock_toggle(capslock, 2) (user interrupted)
[12:54:30] keyboard: key_hold(ctrlleft, (0.5, 1.2)) - 1m2s
[12:55:20] skip: keyboard (user active)
[12:55:25] skip: mouse_random_walk_chain (user interrupted)
[12:55:30] skip: keyboard (user active)
[12:55:35] skip: mouse (user active)
[12:55:40] skip: mouse (user active)
[12:55:45] skip: keyboard (user active)
[12:55:50] skip: keyboard (user active)
[12:55:55] skip: keyboard (user active)
[12:56:00] skip: mouse (user active)
[12:56:06] skip: mouse_long_move (user interrupted)
[12:56:11] skip: mouse_zigzag_two_segments (user interrupted)
[12:56:16] skip: keyboard (user active)
[12:56:21] skip: keyboard (user active)
[12:56:26] skip: mouse (user active)
[12:56:31] skip: mouse (user active)
[12:56:36] skip: keyboard (user active)
[12:56:41] skip: keyboard (user active)
[12:56:46] skip: mouse (user active)
[12:56:51] skip: mouse_tiny_step (user interrupted)
[12:56:56] keyboard: key_hold(shift, (0.1, 0.4)) - 2m25s
[12:57:43] skip: keyboard (user active)
[12:57:48] skip: keyboard (user active)
[12:57:53] skip: mouse (user active)
[12:57:58] skip: mouse (user active)
[12:58:03] skip: key_triple_tap(ctrlright) (user interrupted)
[12:58:08] skip: mouse_long_move (user interrupted)
[12:58:13] skip: mouse_curved_ease_in_out (user interrupted)
[12:58:18] skip: mouse_curved_ease_out (user interrupted)
[12:58:23] skip: mouse_zigzag_three_segments (user interrupted)
[12:58:28] skip: mouse_zigzag_two_segments (user interrupted)
[12:58:33] skip: mouse_medium_move (user interrupted)
[12:58:38] skip: mouse (user active)
[12:58:43] keyboard: key_tap(shift) - 1m47s
[12:59:56] skip: keyboard (user active)
[13:00:02] skip: key_lock_toggle(scrolllock, 2) (user interrupted)
[13:00:07] skip: keyboard (user active)
[13:00:12] skip: mouse (user active)
[13:00:17] skip: keyboard (user active)
[13:00:22] skip: keyboard (user active)
[13:00:27] skip: mouse_random_walk_chain (user interrupted)
[13:00:32] skip: key_triple_tap(ctrl) (user interrupted)
[13:00:37] keyboard: key_tap(ctrlleft) - 1m53s
[13:01:24] keyboard: key_hold(shift, (0.5, 1.2)) - 0m47s
[13:02:33] skip: mouse_tiny_step (user interrupted)
[13:02:38] skip: mouse_zigzag_three_segments (user interrupted)
[13:02:43] skip: key_modifier_medley(4) (user interrupted)
[13:02:49] keyboard: key_hold(shiftleft, (0.1, 0.4)) - 1m24s
[13:03:57] skip: key_triple_tap(ctrlleft) (user interrupted)
[13:04:02] skip: mouse_zigzag_three_segments (user interrupted)
[13:04:07] skip: mouse_curved_ease_in_out (user interrupted)
[13:04:12] skip: mouse_reverse_curve (user interrupted)
[13:04:17] skip: mouse_curved_ease_out (user interrupted)
[13:04:22] skip: mouse_micro_jitter (user interrupted)
[13:04:27] skip: key_modifier_medley(2) (user interrupted)
[13:04:32] skip: mouse_fast_flick (user interrupted)
[13:04:38] skip: key_lock_toggle(scrolllock, 2) (user interrupted)
[13:04:43] skip: mouse_long_move (user interrupted)
[13:04:48] skip: mouse_vertical_move (user interrupted)
[13:04:53] keyboard: key_tap(shift) - 2m4s
[13:05:38] skip: mouse_curved_ease_out (user interrupted)
[13:05:43] skip: mouse_big_jump (user interrupted)
[13:05:48] skip: mouse_curved_ease_out (user interrupted)
[13:05:53] skip: mouse_slow_wide_drift (user interrupted)
[13:05:58] skip: mouse_horizontal_move (user interrupted)
[13:06:03] skip: key_sequential_tap(shiftright, ctrlleft) (user interrupted)
[13:06:08] skip: key_alt_tab_bounce(8) (user interrupted)
[13:06:13] skip: keyboard (user active)
[13:06:19] skip: key_lock_toggle(capslock, 2) (user interrupted)
[13:06:24] keyboard: key_hold(shift, (0.1, 0.4)) - 1m31s
[13:07:24] skip: key_triple_tap(shiftleft) (user interrupted)
[13:07:29] skip: mouse_slow_wide_drift (user interrupted)
[13:07:34] skip: mouse_long_move (user interrupted)
[13:07:39] skip: keyboard (user active)
[13:07:44] skip: mouse_zigzag_three_segments (user interrupted)
[13:07:49] skip: mouse_micro_jitter (user interrupted)
[13:07:54] skip: keyboard (user active)
[13:07:59] skip: mouse (user active)
[13:08:04] skip: mouse (user active)
[13:08:09] skip: keyboard (user active)
[13:08:14] skip: mouse (user active)
[13:08:19] skip: keyboard (user active)
[13:08:24] skip: mouse (user active)
[13:08:29] skip: keyboard (user active)
[13:08:34] skip: mouse_vertical_move (user interrupted)
[13:08:39] skip: keyboard (user active)
[13:08:44] skip: keyboard (user active)
[13:08:49] skip: mouse (user active)
[13:08:55] skip: key_lock_toggle(capslock, 2) (user interrupted)
[13:09:00] skip: mouse_tiny_step (user interrupted)
[13:09:05] skip: mouse_medium_move (user interrupted)
[13:09:10] skip: keyboard (user active)
[13:09:15] skip: keyboard (user active)
[13:09:20] skip: mouse (user active)
[13:09:25] skip: mouse (user active)
[13:09:30] skip: mouse (user active)
[13:09:35] skip: mouse (user active)
[13:09:40] skip: keyboard (user active)
[13:09:45] skip: mouse (user active)
[13:09:50] skip: mouse (user active)
[13:09:55] skip: keyboard (user active)
[13:10:00] skip: keyboard (user active)
[13:10:05] skip: keyboard (user active)
[13:10:10] skip: mouse (user active)
[13:10:15] skip: keyboard (user active)
[13:10:20] skip: key_alt_tab_bounce(6) (user interrupted)
[13:10:25] skip: mouse (user active)
[13:10:30] skip: mouse (user active)
[13:10:35] skip: keyboard (user active)
[13:10:40] skip: keyboard (user active)
[13:10:45] skip: mouse (user active)
[13:10:50] skip: mouse (user active)
[13:10:55] skip: mouse (user active)
[13:11:00] skip: keyboard (user active)
[13:11:05] skip: keyboard (user active)
[13:11:10] skip: keyboard (user active)
[13:11:15] skip: keyboard (user active)
[13:11:20] skip: mouse (user active)
[13:11:25] skip: keyboard (user active)
[13:11:30] skip: mouse (user active)
[13:11:35] skip: mouse (user active)
[13:11:40] skip: keyboard (user active)
[13:11:45] skip: keyboard (user active)
[13:11:50] skip: mouse (user active)
[13:11:55] skip: mouse (user active)
[13:12:00] skip: keyboard (user active)
[13:12:05] skip: keyboard (user active)
[13:12:10] skip: keyboard (user active)
[13:12:15] skip: keyboard (user active)
[13:12:20] skip: keyboard (user active)
[13:12:25] skip: mouse_big_jump (user interrupted)
[13:12:30] skip: mouse (user active)
[13:12:35] skip: mouse (user active)
[13:12:40] skip: keyboard (user active)
[13:12:45] skip: keyboard (user active)
[13:12:50] skip: keyboard (user active)
[13:12:55] skip: keyboard (user active)
[13:13:00] skip: mouse (user active)
[13:13:05] skip: mouse (user active)
[13:13:10] skip: mouse (user active)
[13:13:15] skip: keyboard (user active)
[13:13:20] skip: keyboard (user active)
[13:13:25] skip: mouse (user active)
[13:13:30] skip: mouse (user active)
[13:13:36] skip: key_sequential_tap(ctrlleft, shiftright) (user interrupted)
[13:13:41] keyboard: key_hold(ctrl, (0.1, 0.4)) - 7m16s
[13:14:35] skip: key_alt_tab_bounce(6) (user interrupted)
[13:14:40] skip: mouse (user active)
[13:14:45] skip: mouse (user active)
[13:14:50] skip: keyboard (user active)
[13:14:55] skip: mouse (user active)
[13:15:00] skip: keyboard (user active)
[13:15:05] skip: mouse (user active)
[13:15:10] skip: keyboard (user active)
[13:15:15] skip: mouse (user active)
[13:15:20] skip: mouse_long_move (user interrupted)
[13:15:25] skip: mouse (user active)
[13:15:31] keyboard: key_hold(ctrl, (0.5, 1.2)) - 1m49s
[13:16:38] skip: mouse (user active)
[13:16:43] skip: mouse (user active)
[13:16:48] skip: keyboard (user active)
[13:16:53] skip: mouse (user active)
[13:16:58] skip: mouse (user active)
[13:17:03] skip: keyboard (user active)
[13:17:08] skip: keyboard (user active)
[13:17:13] skip: keyboard (user active)
[13:17:18] skip: mouse (user active)
[13:17:23] skip: mouse (user active)
[13:17:28] skip: mouse (user active)
[13:17:33] skip: keyboard (user active)
[13:17:38] skip: mouse (user active)
[13:17:43] skip: mouse (user active)
[13:17:48] skip: mouse (user active)
[13:17:53] skip: mouse (user active)
[13:17:58] skip: mouse (user active)
[13:18:03] skip: mouse (user active)
[13:18:08] skip: mouse (user active)
[13:18:13] skip: mouse (user active)
[13:18:18] skip: mouse (user active)
[13:18:23] skip: mouse (user active)
[13:18:28] skip: keyboard (user active)
[13:18:33] skip: keyboard (user active)
[13:18:38] skip: mouse (user active)
[13:18:43] skip: keyboard (user active)
[13:18:48] skip: mouse (user active)
[13:18:53] skip: mouse (user active)
[13:18:58] skip: mouse_horizontal_move (user interrupted)
[13:19:03] skip: mouse_long_diagonal_sweep (user interrupted)
[13:19:08] skip: mouse (user active)
[13:19:13] skip: mouse (user active)
[13:19:18] skip: keyboard (user active)
[13:19:23] skip: mouse_curved_ease_out (user interrupted)
[13:19:28] skip: keyboard (user active)
[13:19:33] skip: keyboard (user active)
[13:19:38] skip: keyboard (user active)
[13:19:43] skip: mouse (user active)
[13:19:48] skip: mouse (user active)
[13:19:53] skip: mouse_short_move (user interrupted)
[13:19:58] skip: mouse (user active)
[13:20:03] skip: keyboard (user active)
[13:20:08] skip: keyboard (user active)
[13:20:13] skip: mouse (user active)
[13:20:18] skip: mouse (user active)
[13:20:23] skip: mouse (user active)
[13:20:28] skip: mouse (user active)
[13:20:33] skip: mouse_short_move (user interrupted)
[13:20:38] skip: key_lock_toggle(capslock, 2) (user interrupted)
[13:20:43] keyboard: key_hold(shiftright, (0.1, 0.4)) - 5m12s
[13:21:21] skip: mouse_zigzag_two_segments (user interrupted)
[13:21:26] skip: mouse_micro_jitter (user interrupted)
[13:21:31] skip: mouse_medium_move (user interrupted)
[13:21:36] skip: mouse_long_diagonal_sweep (user interrupted)
[13:21:41] skip: mouse_horizontal_move (user interrupted)
[13:21:46] skip: keyboard (user active)
[13:21:51] skip: mouse (user active)
[13:21:56] skip: mouse_micro_jitter (user interrupted)
[13:22:01] skip: mouse_random_walk_chain (user interrupted)
[13:22:06] keyboard: key_hold(ctrlright, (0.1, 0.4)) - 1m22s
[16:45:41] App Pro started.
[16:45:41] Mode: both | Schedule: 10:00-19:30 Mon-Fri (Active)
[16:46:31] skip: keyboard (user active)
[16:46:36] skip: keyboard (user active)
[16:46:41] skip: key_double_tap(shift) (user interrupted)
[16:46:46] skip: mouse_random_walk_chain (user interrupted)
[16:46:51] skip: mouse_curved_ease_in_out (user interrupted)
[16:46:57] skip: key_double_tap(ctrlleft) (user interrupted)
[16:47:02] keyboard: key_tap(ctrlright) - 1m20s
[16:48:11] skip: keyboard (user active)
[16:48:16] skip: mouse (user active)
[16:48:21] skip: key_triple_tap(ctrlright) (user interrupted)
[16:48:26] keyboard: key_tap(pause) - 1m24s
[16:49:35] skip: keyboard (user active)
[16:49:40] skip: keyboard (user active)
[16:49:45] keyboard: key_tap(shiftleft) - 1m19s
[16:50:57] skip: keyboard (user active)
[16:51:03] skip: key_lock_toggle(capslock, 4) (user interrupted)
[16:51:08] skip: key_triple_tap(shiftright) (user interrupted)
[16:51:13] skip: mouse_curved_ease_out (user interrupted)
[16:51:18] skip: key_sequential_tap(ctrl, shift) (user interrupted)
[16:51:23] skip: mouse_curved_ease_out (user interrupted)
[16:51:28] keyboard: key_hold(shift, (0.1, 0.4)) - 1m43s
[16:52:41] skip: mouse (user active)
[16:52:46] skip: keyboard (user active)
[16:52:51] skip: mouse_slow_drift (user interrupted)
[16:52:57] keyboard: key_tap(ctrlleft) - 1m28s
[16:54:09] skip: mouse_diagonal_move (user interrupted)
[16:54:14] skip: key_alt_tab_bounce(6) (user interrupted)
[16:54:19] skip: mouse (user active)
[16:54:24] skip: mouse_horizontal_move (user interrupted)
[16:54:29] skip: key_alt_tab_bounce(4) (user interrupted)
[16:54:34] skip: mouse_zigzag_three_segments (user interrupted)
[16:54:39] skip: mouse_vertical_move (user interrupted)
[16:54:45] keyboard: key_hold(ctrlleft, (0.1, 0.4)) - 1m47s
[16:55:39] skip: mouse_curved_ease_in (user interrupted)
[16:55:44] skip: key_lock_toggle(numlock, 4) (user interrupted)
[16:55:49] skip: mouse_diagonal_move (user interrupted)
[16:55:54] skip: mouse_slow_wide_drift (user interrupted)
[16:55:59] keyboard: key_hold(ctrlright, (0.1, 0.4)) - 1m14s
[16:56:32] skip: mouse (user active)
[16:56:37] skip: keyboard (user active)
[16:56:42] skip: keyboard (user active)
[16:56:47] skip: mouse (user active)
[16:56:52] skip: keyboard (user active)
[16:56:57] skip: mouse_medium_move (user interrupted)
[16:57:02] skip: keyboard (user active)
[16:57:07] skip: keyboard (user active)
[16:57:12] skip: mouse_curved_ease_out (user interrupted)
[16:57:18] skip: key_modifier_medley(4) (user interrupted)
[16:57:23] skip: key_modifier_medley(2) (user interrupted)
[16:57:28] skip: mouse_medium_move (user interrupted)
[16:57:33] skip: mouse_diagonal_move (user interrupted)
[16:57:38] skip: mouse_tiny_step (user interrupted)
[16:57:43] skip: mouse_zigzag_two_segments (user interrupted)
[16:57:48] skip: mouse_tiny_step (user interrupted)
[16:57:53] skip: mouse_long_move (user interrupted)
[16:57:58] skip: mouse_fast_flick (user interrupted)
[16:58:03] skip: mouse_short_move (user interrupted)
[16:58:08] keyboard: key_tap(pause) - 2m8s
[16:58:56] skip: keyboard (user active)
[16:59:01] skip: keyboard (user active)
[16:59:06] skip: mouse (user active)
[16:59:11] skip: keyboard (user active)
[16:59:16] skip: key_double_tap(ctrlright) (user interrupted)
[16:59:21] skip: mouse_curved_ease_out (user interrupted)
[16:59:27] skip: mouse_horizontal_move (user interrupted)
[16:59:32] skip: key_double_tap(shift) (user interrupted)
[16:59:37] keyboard: key_hold(shiftright, (0.1, 0.4)) - 1m28s
[17:00:09] skip: keyboard (user active)
[17:00:14] skip: keyboard (user active)
[17:00:19] skip: keyboard (user active)
[17:00:24] skip: keyboard (user active)
[17:00:29] skip: mouse (user active)
[17:00:34] skip: mouse (user active)
[17:00:39] skip: mouse (user active)
[17:00:44] skip: mouse (user active)
[17:00:49] skip: mouse_long_move (user interrupted)
[17:00:54] skip: mouse (user active)
[17:00:59] skip: keyboard (user active)
[17:01:04] skip: keyboard (user active)
[17:01:09] skip: mouse_slow_wide_drift (user interrupted)
[17:01:14] keyboard: key_hold(shift, (0.5, 1.2)) - 1m37s
[17:01:54] skip: keyboard (user active)
[17:01:59] skip: mouse_zigzag_three_segments (user interrupted)
[17:02:04] skip: key_triple_tap(ctrlright) (user interrupted)
[17:02:10] skip: key_triple_tap(ctrl) (user interrupted)
[17:02:15] skip: key_lock_toggle(numlock, 4) (user interrupted)
[17:02:20] skip: mouse_short_move (user interrupted)
[17:02:25] skip: mouse_big_jump (user interrupted)
[17:02:30] skip: mouse_slow_wide_drift (user interrupted)
[17:02:35] skip: key_double_tap(shift) (user interrupted)
[17:02:41] keyboard: key_hold(ctrl, (0.1, 0.4)) - 1m26s
[17:03:26] skip: mouse_random_walk_chain (user interrupted)
[17:03:31] keyboard: key_hold(ctrlright, (0.5, 1.2)) - 0m50s
[17:04:10] skip: key_triple_tap(ctrlleft) (user interrupted)
[17:04:15] keyboard: key_hold(shiftleft, (0.5, 1.2)) - 0m44s
[17:05:31] skip: key_lock_toggle(numlock, 2) (user interrupted)
[17:05:36] skip: mouse_medium_move (user interrupted)
[17:05:41] skip: mouse_curved_ease_in (user interrupted)
[17:05:46] skip: mouse_big_jump (user interrupted)
[17:05:51] skip: key_lock_toggle(numlock, 2) (user interrupted)
[17:05:56] skip: key_lock_toggle(scrolllock, 2) (user interrupted)
[17:06:01] keyboard: key_hold(shift, (0.1, 0.4)) - 1m46s
[17:06:41] skip: mouse_horizontal_move (user interrupted)
[17:06:46] skip: mouse_tiny_step (user interrupted)
[17:06:51] keyboard: key_hold(shiftright, (0.1, 0.4)) - 0m49s
[17:07:37] skip: mouse_micro_jitter (user interrupted)
[17:07:42] skip: key_triple_tap(ctrlright) (user interrupted)
[17:07:47] skip: mouse_short_move (user interrupted)
[17:07:52] skip: mouse_medium_move (user interrupted)
[17:07:57] skip: key_double_tap(ctrlright) (user interrupted)
[17:08:02] skip: key_triple_tap(shift) (user interrupted)
[17:08:08] keyboard: key_hold(ctrl, (0.5, 1.2)) - 1m16s
[17:08:58] skip: mouse_long_diagonal_sweep (user interrupted)
[17:09:03] skip: mouse_tiny_step (user interrupted)
[17:09:08] skip: mouse_reverse_curve (user interrupted)
[17:09:13] skip: mouse_tiny_step (user interrupted)
[17:09:18] keyboard: key_tap(shiftleft) - 1m10s
[17:10:19] skip: key_triple_tap(ctrlleft) (user interrupted)
[17:10:24] skip: mouse_short_move (user interrupted)
[17:10:29] skip: mouse_micro_jitter (user interrupted)
[17:10:34] skip: key_alt_tab_bounce(10) (user interrupted)
[17:10:40] skip: key_triple_tap(ctrl) (user interrupted)
[17:10:45] skip: keyboard (user active)
[17:10:50] keyboard: key_hold(ctrlright, (0.1, 0.4)) - 1m31s
[17:12:01] skip: mouse_slow_drift (user interrupted)
[17:12:06] skip: mouse_diagonal_move (user interrupted)
[17:12:11] skip: key_lock_toggle(numlock, 4) (user interrupted)
[17:12:16] skip: mouse_long_move (user interrupted)
[17:12:22] skip: key_alt_tab_bounce(6) (user interrupted)
[17:12:27] skip: keyboard (user active)
[17:12:32] skip: mouse_horizontal_move (user interrupted)
[17:12:37] keyboard: key_hold(shift, (0.5, 1.2)) - 1m47s
[17:13:39] skip: mouse_big_jump (user interrupted)
[17:13:44] skip: key_double_tap(ctrlleft) (user interrupted)
[17:13:49] skip: mouse_big_jump (user interrupted)
[17:13:55] skip: key_sequential_tap(shiftleft, ctrlright) (user interrupted)
[17:14:00] keyboard: key_tap(ctrlright) - 1m22s
[17:14:42] skip: keyboard (user active)
[17:14:47] skip: mouse (user active)
[17:14:52] keyboard: key_tap(shiftleft) - 0m52s
[17:16:05] skip: mouse_big_jump (user interrupted)
[17:16:10] skip: mouse_curved_ease_out (user interrupted)
[17:16:15] skip: mouse_horizontal_move (user interrupted)
[17:16:20] skip: mouse_fast_flick (user interrupted)
[17:16:25] skip: keyboard (user active)
[17:16:30] skip: key_sequential_tap(shiftleft, ctrlright) (user interrupted)
[17:16:35] skip: key_modifier_medley(4) (user interrupted)
[17:16:41] skip: key_double_tap(shiftright) (user interrupted)
[17:16:46] skip: mouse (user active)
[17:16:51] skip: mouse (user active)
[17:16:56] skip: keyboard (user active)
[17:17:01] skip: keyboard (user active)
[17:17:06] skip: mouse (user active)
[17:17:11] skip: mouse (user active)
[17:17:16] skip: key_triple_tap(ctrl) (user interrupted)
[17:17:21] keyboard: key_hold(ctrl, (0.5, 1.2)) - 2m29s
[17:18:17] skip: mouse_vertical_move (user interrupted)
[17:18:22] skip: keyboard (user active)
[17:18:27] skip: keyboard (user active)
[17:18:32] skip: keyboard (user active)
[17:18:37] skip: keyboard (user active)
[17:18:42] skip: mouse (user active)
[17:18:47] skip: mouse (user active)
[17:18:52] skip: mouse (user active)
[17:18:57] skip: mouse_tiny_step (user interrupted)
[17:19:03] skip: key_sequential_tap(shiftright, ctrlleft) (user interrupted)
[17:19:08] skip: mouse (user active)
[17:19:13] skip: keyboard (user active)
[17:19:18] skip: mouse (user active)
[17:19:23] skip: keyboard (user active)
[17:19:28] skip: mouse (user active)
[17:19:33] skip: mouse (user active)
[17:19:38] skip: keyboard (user active)
[17:19:43] skip: keyboard (user active)
[17:19:48] skip: keyboard (user active)
[17:19:53] skip: keyboard (user active)
[17:19:58] skip: keyboard (user active)
[17:20:03] skip: keyboard (user active)
[17:20:08] skip: keyboard (user active)
[17:20:13] skip: mouse_zigzag_two_segments (user interrupted)
[17:20:18] skip: mouse (user active)
[17:20:23] skip: keyboard (user active)
[17:20:28] skip: mouse (user active)
[17:20:33] skip: keyboard (user active)
[17:20:38] skip: mouse (user active)
[17:20:43] skip: mouse (user active)
[17:20:48] skip: mouse (user active)
[17:20:53] skip: mouse (user active)
[17:20:58] skip: mouse (user active)
[17:21:03] skip: keyboard (user active)
[17:21:08] skip: mouse (user active)
[17:21:13] skip: keyboard (user active)
[17:21:18] skip: mouse (user active)
[17:21:23] skip: mouse (user active)
[17:21:28] skip: keyboard (user active)
[17:21:33] skip: keyboard (user active)
[17:21:38] skip: keyboard (user active)
[17:21:43] skip: keyboard (user active)
[17:21:48] skip: mouse (user active)
[17:21:53] skip: key_triple_tap(shiftleft) (user interrupted)
[17:21:58] keyboard: key_tap(shift) - 4m36s
[17:22:32] skip: mouse (user active)
[17:22:37] skip: keyboard (user active)
[17:22:42] skip: keyboard (user active)
[17:22:47] skip: mouse (user active)
[17:22:52] skip: mouse (user active)
[17:22:57] skip: mouse (user active)
[17:23:02] skip: keyboard (user active)
[17:23:07] skip: mouse (user active)
[17:23:12] skip: mouse (user active)
[17:23:17] skip: keyboard (user active)
[17:23:22] skip: mouse (user active)
[17:23:27] skip: keyboard (user active)
[17:23:32] skip: mouse (user active)
[17:23:37] skip: keyboard (user active)
[17:23:42] skip: keyboard (user active)
[17:23:47] skip: keyboard (user active)
[17:23:52] skip: mouse (user active)
[17:23:57] skip: mouse (user active)
[17:24:02] skip: mouse (user active)
[17:24:07] skip: mouse (user active)
[17:24:12] skip: mouse (user active)
[17:24:17] skip: keyboard (user active)
[17:24:22] skip: mouse (user active)
[17:24:27] skip: mouse_medium_move (user interrupted)
[17:24:32] skip: mouse_diagonal_move (user interrupted)
[17:24:37] skip: key_alt_tab_bounce(10) (user interrupted)
[17:24:42] skip: keyboard (user active)
[17:24:47] skip: keyboard (user active)
[17:24:52] skip: keyboard (user active)
[17:24:57] skip: mouse (user active)
[17:25:02] skip: mouse (user active)
[17:25:07] skip: mouse (user active)
[17:25:12] skip: mouse (user active)
[17:25:17] skip: keyboard (user active)
[17:25:22] skip: mouse (user active)
[17:25:27] skip: keyboard (user active)
[17:25:32] skip: keyboard (user active)
[17:25:37] skip: keyboard (user active)
[17:25:42] skip: mouse (user active)
[17:25:47] skip: mouse (user active)
[17:25:52] skip: keyboard (user active)
[17:25:57] skip: keyboard (user active)
[17:26:02] skip: keyboard (user active)
[17:26:08] skip: mouse_reverse_curve (user interrupted)
[17:26:13] skip: keyboard (user active)
[17:26:18] skip: keyboard (user active)
[17:26:23] skip: keyboard (user active)
[17:26:28] skip: mouse (user active)
[17:26:33] skip: keyboard (user active)
[17:26:38] skip: mouse_curved_ease_out (user interrupted)
[17:26:43] skip: mouse_curved_ease_in_out (user interrupted)
[17:26:48] skip: key_alt_tab_bounce(4) (user interrupted)
[17:26:53] skip: keyboard (user active)
[17:26:58] skip: mouse (user active)
[17:27:03] skip: key_modifier_medley(4) (user interrupted)
[17:27:08] skip: mouse_curved_ease_in_out (user interrupted)
[17:27:13] skip: keyboard (user active)
[17:27:18] skip: mouse (user active)
[17:27:23] skip: keyboard (user active)
[17:27:29] skip: key_lock_toggle(capslock, 2) (user interrupted)
[17:27:34] skip: mouse_tiny_step (user interrupted)
[17:27:39] skip: mouse_random_walk_chain (user interrupted)
[17:27:44] keyboard: key_tap(shiftleft) - 5m45s
[17:28:48] skip: mouse_curved_ease_in (user interrupted)
[17:28:53] skip: mouse_long_diagonal_sweep (user interrupted)
[17:28:58] skip: mouse_vertical_move (user interrupted)
[17:29:03] skip: key_modifier_medley(2) (user interrupted)
[17:29:08] skip: mouse_medium_move (user interrupted)
[17:29:13] skip: mouse_diagonal_move (user interrupted)
[17:29:18] skip: key_sequential_tap(ctrlleft, shiftright) (user interrupted)
[17:29:24] skip: key_lock_toggle(scrolllock, 2) (user interrupted)
[17:29:29] skip: mouse_micro_jitter (user interrupted)
[17:29:34] skip: keyboard (user active)
[17:29:39] skip: keyboard (user active)
[17:29:44] skip: mouse (user active)
[17:29:49] skip: key_alt_tab_bounce(10) (user interrupted)
[17:29:54] skip: mouse (user active)
[17:29:59] skip: mouse (user active)
[17:30:04] skip: keyboard (user active)
[17:30:09] skip: keyboard (user active)
[17:30:15] skip: key_triple_tap(shift) (user interrupted)
[17:30:20] skip: mouse (user active)
[17:30:25] skip: keyboard (user active)
[17:30:30] skip: keyboard (user active)
[17:30:35] skip: mouse (user active)
[17:30:40] skip: keyboard (user active)
[17:30:45] skip: mouse (user active)
[17:30:50] skip: mouse (user active)
[17:30:55] skip: mouse_zigzag_two_segments (user interrupted)
[17:31:00] skip: mouse (user active)
[17:31:05] skip: mouse (user active)
[17:31:10] skip: keyboard (user active)
[17:31:15] skip: mouse_diagonal_move (user interrupted)
[17:31:20] keyboard: key_hold(shiftleft, (0.5, 1.2)) - 3m36s
[17:32:26] skip: mouse_horizontal_move (user interrupted)
[17:32:31] skip: key_alt_tab_bounce(2) (user interrupted)
[17:32:36] skip: mouse_long_move (user interrupted)
[17:32:42] skip: key_alt_tab_bounce(2) (user interrupted)
[17:32:47] skip: mouse (user active)
[17:32:52] skip: keyboard (user active)
[17:32:57] skip: mouse_big_jump (user interrupted)
[17:33:02] skip: key_alt_tab_bounce(10) (user interrupted)
[17:33:07] skip: mouse_long_move (user interrupted)
[17:33:12] skip: mouse_curved_ease_in_out (user interrupted)
[17:33:18] skip: mouse_long_move (user interrupted)
[17:33:23] skip: mouse_zigzag_two_segments (user interrupted)
[17:33:28] skip: keyboard (user active)
[17:33:33] skip: mouse_zigzag_two_segments (user interrupted)
[17:33:38] skip: key_alt_tab_bounce(6) (user interrupted)
[17:33:43] skip: keyboard (user active)
[17:33:48] skip: key_double_tap(shiftright) (user interrupted)
[17:33:53] skip: keyboard (user active)
[17:33:58] skip: keyboard (user active)
[17:34:04] skip: key_triple_tap(shift) (user interrupted)
[17:34:09] skip: mouse_short_move (user interrupted)
[17:34:14] skip: mouse_tiny_step (user interrupted)
[17:34:19] skip: mouse_random_walk_chain (user interrupted)
[17:34:24] skip: key_double_tap(ctrlright) (user interrupted)
[17:34:29] skip: mouse_curved_ease_in (user interrupted)
[17:34:34] skip: mouse_micro_jitter (user interrupted)
[17:34:39] skip: mouse_short_move (user interrupted)
[17:34:44] skip: mouse_slow_drift (user interrupted)
[17:34:49] skip: key_lock_toggle(numlock, 4) (user interrupted)
[17:34:55] skip: key_double_tap(ctrlright) (user interrupted)
[17:35:00] skip: mouse_curved_ease_out (user interrupted)
[17:35:05] skip: mouse (user active)
[17:35:10] skip: keyboard (user active)
[17:35:15] skip: key_alt_tab_bounce(2) (user interrupted)
[17:35:20] skip: mouse (user active)
[17:35:25] skip: mouse_diagonal_move (user interrupted)
[17:35:30] keyboard: key_tap(shift) - 4m10s
[17:36:11] skip: mouse (user active)
[17:36:16] skip: mouse (user active)
[17:36:21] skip: mouse_vertical_move (user interrupted)
[17:36:26] skip: mouse_curved_ease_in (user interrupted)
[17:36:31] skip: key_lock_toggle(capslock, 4) (user interrupted)
[17:36:37] skip: key_double_tap(shiftright) (user interrupted)
[17:36:42] skip: mouse_slow_wide_drift (user interrupted)
[17:36:47] skip: mouse_big_jump (user interrupted)
[17:36:52] skip: mouse_long_move (user interrupted)
[17:36:57] skip: key_double_tap(ctrl) (user interrupted)
[17:37:02] skip: mouse_horizontal_move (user interrupted)
[17:37:07] skip: mouse_curved_ease_in (user interrupted)
[17:37:12] skip: key_sequential_tap(ctrl, shift) (user interrupted)
[17:37:17] skip: mouse_fast_flick (user interrupted)
[17:37:22] skip: keyboard (user active)
[17:37:27] skip: keyboard (user active)
[17:37:32] skip: mouse (user active)
[17:37:37] skip: keyboard (user active)
[17:37:42] skip: mouse_slow_drift (user interrupted)
[17:37:48] skip: key_double_tap(ctrlright) (user interrupted)
[17:37:53] keyboard: key_hold(ctrl, (0.5, 1.2)) - 2m22s
[17:38:59] skip: mouse_tiny_step (user interrupted)
[17:39:04] skip: mouse_micro_jitter (user interrupted)
[17:39:09] skip: key_alt_tab_bounce(8) (user interrupted)
[17:39:14] skip: keyboard (user active)
[17:39:19] skip: mouse_short_move (user interrupted)
[17:39:24] skip: mouse_horizontal_move (user interrupted)
[17:39:29] skip: mouse (user active)
[17:39:34] skip: mouse (user active)
[17:39:39] skip: mouse_curved_ease_in_out (user interrupted)
[17:39:44] skip: keyboard (user active)
[17:39:49] skip: mouse_slow_wide_drift (user interrupted)
[17:39:54] skip: mouse (user active)
[17:39:59] skip: keyboard (user active)
[17:40:04] skip: keyboard (user active)
[17:40:09] skip: keyboard (user active)
[17:40:14] skip: mouse (user active)
[17:40:19] skip: keyboard (user active)
[17:40:24] skip: mouse (user active)
[17:40:29] skip: mouse (user active)
[17:40:34] skip: mouse (user active)
[17:40:39] keyboard: key_tap(shiftright) - 2m46s
[17:41:15] skip: mouse (user active)
[17:41:20] skip: mouse (user active)
[17:41:25] skip: mouse (user active)
[17:41:30] skip: mouse (user active)
[17:41:35] skip: mouse_zigzag_two_segments (user interrupted)
[17:41:41] skip: key_double_tap(ctrlleft) (user interrupted)
[17:41:46] skip: key_double_tap(shiftleft) (user interrupted)
[17:41:51] keyboard: key_tap(shift) - 1m11s
[17:42:26] skip: mouse (user active)
[17:42:31] skip: keyboard (user active)
[17:42:36] skip: keyboard (user active)
[17:42:41] skip: mouse (user active)
[17:42:46] skip: keyboard (user active)
[17:42:51] skip: mouse_tiny_step (user interrupted)
[17:42:56] skip: mouse (user active)
[17:43:01] skip: keyboard (user active)
[17:43:06] skip: keyboard (user active)
[17:43:11] skip: keyboard (user active)
[17:43:16] skip: mouse (user active)
[17:43:21] skip: mouse_reverse_curve (user interrupted)
[17:43:26] skip: mouse (user active)
[17:43:31] skip: mouse (user active)
[17:43:36] skip: keyboard (user active)
[17:43:41] skip: keyboard (user active)
[17:43:46] skip: keyboard (user active)
[17:43:51] skip: mouse (user active)
[17:43:56] skip: keyboard (user active)
[17:44:01] skip: mouse (user active)
[17:44:06] skip: keyboard (user active)
[17:44:11] skip: mouse (user active)
[17:44:16] skip: keyboard (user active)
[17:44:21] skip: mouse (user active)
[17:44:26] skip: keyboard (user active)
[17:44:31] skip: keyboard (user active)
[17:44:36] skip: mouse (user active)
[17:44:41] skip: mouse (user active)
[17:44:46] skip: keyboard (user active)
[17:44:51] skip: keyboard (user active)
[17:44:56] skip: mouse (user active)
[17:45:01] skip: mouse (user active)
[17:45:06] skip: keyboard (user active)
[17:45:11] skip: mouse_fast_flick (user interrupted)
[17:45:16] skip: keyboard (user active)
[17:45:21] skip: mouse (user active)
[17:45:26] skip: mouse (user active)
[17:45:31] skip: keyboard (user active)
[17:45:36] skip: keyboard (user active)
[17:45:41] skip: keyboard (user active)
[17:45:46] skip: mouse (user active)
[17:45:51] skip: keyboard (user active)
[17:45:56] skip: mouse (user active)
[17:46:01] skip: key_sequential_tap(ctrlleft, shiftright) (user interrupted)
[17:46:06] skip: keyboard (user active)
[17:46:12] skip: key_double_tap(ctrl) (user interrupted)
[17:46:17] skip: key_triple_tap(shift) (user interrupted)
[17:46:22] skip: key_double_tap(shiftright) (user interrupted)
[17:46:27] skip: keyboard (user active)
[17:46:32] skip: keyboard (user active)
[17:46:37] skip: keyboard (user active)
[17:46:42] skip: keyboard (user active)
[17:46:47] skip: mouse (user active)
[17:46:52] skip: mouse (user active)
[17:46:57] skip: keyboard (user active)
[17:47:02] skip: keyboard (user active)
[17:47:07] skip: mouse_long_diagonal_sweep (user interrupted)
[17:47:12] skip: mouse (user active)
[17:47:17] skip: mouse_reverse_curve (user interrupted)
[17:47:22] skip: mouse (user active)
[17:47:27] skip: mouse_slow_wide_drift (user interrupted)
[17:47:32] skip: mouse (user active)
[17:47:37] keyboard: key_hold(shiftleft, (0.1, 0.4)) - 5m46s
[17:48:30] skip: keyboard (user active)
[17:48:35] skip: mouse (user active)
[17:48:40] skip: mouse (user active)
[17:48:45] skip: mouse (user active)
[17:48:50] skip: mouse (user active)
[17:48:55] skip: mouse (user active)
[17:49:00] skip: keyboard (user active)
[17:49:05] skip: keyboard (user active)
[17:49:10] skip: keyboard (user active)
[17:49:15] skip: keyboard (user active)
[17:49:20] skip: mouse (user active)
[17:49:25] skip: mouse (user active)
[17:49:30] skip: mouse (user active)
[17:49:35] skip: mouse (user active)
[17:49:40] skip: keyboard (user active)
[17:49:45] skip: mouse (user active)
[17:49:50] skip: keyboard (user active)
[17:49:55] skip: mouse (user active)
[17:50:00] skip: mouse (user active)
[17:50:06] skip: key_sequential_tap(ctrlleft, shiftright) (user interrupted)
[17:50:11] skip: mouse (user active)
[17:50:16] skip: mouse (user active)
[17:50:21] skip: mouse (user active)
[17:50:26] skip: keyboard (user active)
[17:50:31] skip: mouse_horizontal_move (user interrupted)
[17:50:36] skip: keyboard (user active)
[17:50:41] skip: key_double_tap(ctrl) (user interrupted)
[17:50:46] skip: mouse (user active)
[17:50:51] skip: mouse (user active)
[17:50:56] skip: mouse (user active)
[17:51:01] skip: mouse (user active)
[17:51:06] skip: mouse (user active)
[17:51:11] skip: keyboard (user active)
[17:51:16] skip: keyboard (user active)
[17:51:21] skip: mouse (user active)
[17:51:26] skip: key_triple_tap(ctrlright) (user interrupted)
[17:51:31] skip: keyboard (user active)
[17:51:36] skip: keyboard (user active)
[17:51:41] skip: mouse (user active)
[17:51:46] skip: keyboard (user active)
[17:51:51] skip: mouse (user active)
[17:51:56] skip: mouse (user active)
[17:52:01] skip: key_triple_tap(shiftright) (user interrupted)
[17:52:07] skip: mouse_curved_ease_out (user interrupted)
[17:52:12] skip: mouse_reverse_curve (user interrupted)
[17:52:17] skip: keyboard (user active)
[17:52:22] skip: keyboard (user active)
[17:52:27] skip: keyboard (user active)
[17:52:32] skip: mouse (user active)
[17:52:37] skip: keyboard (user active)
[17:52:42] skip: keyboard (user active)
[17:52:47] skip: keyboard (user active)
[17:52:52] skip: mouse (user active)
[17:52:57] skip: keyboard (user active)
[17:53:02] skip: keyboard (user active)
[17:53:07] skip: keyboard (user active)
[17:53:12] skip: keyboard (user active)
[17:53:17] skip: mouse_long_move (user interrupted)
[17:53:22] skip: keyboard (user active)
[17:53:27] skip: mouse_long_diagonal_sweep (user interrupted)
[17:53:32] skip: key_sequential_tap(ctrlright, shiftleft) (user interrupted)
[17:53:37] skip: mouse (user active)
[17:53:42] skip: keyboard (user active)
[17:53:47] skip: mouse (user active)
[17:53:52] skip: keyboard (user active)
[17:53:57] skip: mouse (user active)
[17:54:02] skip: keyboard (user active)
[17:54:07] skip: mouse (user active)
[17:54:12] skip: mouse (user active)
[17:54:17] skip: mouse (user active)
[17:54:22] skip: keyboard (user active)
[17:54:27] skip: mouse (user active)
[17:54:32] skip: key_triple_tap(shiftleft) (user interrupted)
[17:54:38] skip: key_alt_tab_bounce(6) (user interrupted)
[17:54:43] skip: mouse (user active)
[17:54:48] skip: keyboard (user active)
[17:54:53] skip: mouse (user active)
[17:54:58] skip: keyboard (user active)
[17:55:03] skip: mouse (user active)
[17:55:08] skip: keyboard (user active)
[17:55:13] skip: mouse (user active)
[17:55:18] skip: mouse (user active)
[17:55:23] skip: keyboard (user active)
[17:55:28] skip: mouse (user active)
[17:55:33] skip: keyboard (user active)
[17:55:38] skip: mouse_zigzag_three_segments (user interrupted)
[17:55:43] skip: keyboard (user active)
[17:55:48] skip: mouse (user active)
[17:55:53] skip: keyboard (user active)
[17:55:58] skip: mouse_diagonal_move (user interrupted)
[17:56:03] skip: key_double_tap(pause) (user interrupted)
[17:56:08] skip: mouse_micro_jitter (user interrupted)
[17:56:13] skip: key_double_tap(shift) (user interrupted)
[17:56:18] skip: mouse_vertical_move (user interrupted)
[17:56:23] skip: mouse_zigzag_two_segments (user interrupted)
[17:56:29] skip: key_alt_tab_bounce(8) (user interrupted)
[17:56:34] skip: mouse (user active)
[17:56:39] skip: mouse (user active)
[17:56:44] skip: keyboard (user active)
[17:56:49] skip: mouse (user active)
[17:56:54] skip: mouse (user active)
[17:56:59] skip: keyboard (user active)
[17:57:04] skip: keyboard (user active)
[17:57:09] skip: keyboard (user active)
[17:57:14] skip: mouse (user active)
[17:57:19] skip: keyboard (user active)
[17:57:24] skip: mouse (user active)
[17:57:29] skip: mouse (user active)
[17:57:34] skip: keyboard (user active)
[17:57:39] skip: keyboard (user active)
[17:57:44] skip: mouse_slow_drift (user interrupted)
[17:57:49] skip: key_triple_tap(shift) (user interrupted)
[17:57:54] skip: mouse (user active)
[17:57:59] skip: keyboard (user active)
[17:58:04] skip: keyboard (user active)
[17:58:09] skip: mouse_slow_wide_drift (user interrupted)
[17:58:15] skip: key_double_tap(ctrl) (user interrupted)
[17:58:20] skip: mouse (user active)
[17:58:25] skip: mouse_zigzag_three_segments (user interrupted)
[17:58:30] skip: mouse_curved_ease_out (user interrupted)
[17:58:35] keyboard: key_hold(shiftleft, (0.5, 1.2)) - 10m57s
[17:59:43] skip: mouse (user active)
[17:59:48] skip: mouse (user active)
[17:59:53] skip: keyboard (user active)
[17:59:58] skip: keyboard (user active)
[18:00:03] skip: keyboard (user active)
[18:00:08] skip: mouse (user active)
[18:00:13] skip: keyboard (user active)
[18:00:18] skip: mouse_curved_ease_out (user interrupted)
[18:00:23] keyboard: key_hold(shiftright, (0.5, 1.2)) - 1m48s
[18:01:16] skip: mouse_reverse_curve (user interrupted)
[18:01:21] skip: mouse (user active)
[18:01:26] skip: keyboard (user active)
[18:01:31] skip: mouse (user active)
[18:01:36] skip: mouse (user active)
[18:01:41] skip: keyboard (user active)
[18:01:46] skip: mouse (user active)
[18:01:51] skip: keyboard (user active)
[18:01:56] skip: mouse (user active)
[18:02:01] skip: mouse_fast_flick (user interrupted)
[18:02:06] skip: keyboard (user active)
[18:02:11] skip: keyboard (user active)
[18:02:16] skip: keyboard (user active)
[18:02:21] skip: keyboard (user active)
[18:02:26] skip: mouse_horizontal_move (user interrupted)
[18:02:31] skip: mouse (user active)
[18:02:36] skip: mouse_big_jump (user interrupted)
[18:02:42] skip: key_sequential_tap(shift, ctrl) (user interrupted)
[18:02:47] skip: mouse (user active)
[18:02:52] keyboard: key_tap(shift) - 2m28s
[18:03:30] keyboard: key_hold(ctrlright, (0.5, 1.2)) - 0m38s
[18:04:14] skip: keyboard (user active)
[18:04:19] skip: mouse (user active)
[18:04:24] skip: keyboard (user active)
[18:04:29] skip: mouse (user active)
[18:04:34] skip: mouse_curved_ease_out (user interrupted)
[18:04:39] skip: mouse_diagonal_move (user interrupted)
[18:04:44] skip: mouse (user active)
[18:04:49] skip: keyboard (user active)
[18:04:54] skip: keyboard (user active)
[18:04:59] skip: mouse (user active)
[18:05:04] skip: keyboard (user active)
[18:05:09] skip: keyboard (user active)
[18:05:14] skip: mouse (user active)
[18:05:19] skip: keyboard (user active)
[18:05:24] skip: mouse_vertical_move (user interrupted)
[18:05:29] skip: keyboard (user active)
[18:05:34] skip: keyboard (user active)
[18:05:39] skip: keyboard (user active)
[18:05:44] skip: keyboard (user active)
[18:05:49] skip: mouse (user active)
[18:05:54] skip: keyboard (user active)
[18:05:59] skip: keyboard (user active)
[18:06:04] skip: key_sequential_tap(ctrlright, shiftleft) (user interrupted)
[18:06:10] keyboard: key_hold(shift, (0.1, 0.4)) - 2m39s
[18:06:55] skip: mouse (user active)
[18:07:00] skip: keyboard (user active)
[18:07:05] keyboard: key_hold(shift, (0.1, 0.4)) - 0m55s
[18:07:50] skip: mouse_medium_move (user interrupted)
[18:07:55] skip: keyboard (user active)
[18:08:00] skip: mouse_long_move (user interrupted)
[18:08:05] skip: mouse_long_move (user interrupted)
[18:08:10] keyboard: key_hold(ctrlright, (0.5, 1.2)) - 1m5s
[18:08:51] skip: mouse_curved_ease_in_out (user interrupted)
[18:08:56] skip: mouse_curved_ease_in (user interrupted)
[18:09:01] skip: keyboard (user active)
[18:09:06] skip: mouse (user active)
[18:09:11] skip: mouse (user active)
[18:09:16] skip: mouse (user active)
[18:09:21] skip: keyboard (user active)
[18:09:26] skip: mouse_zigzag_two_segments (user interrupted)
[18:09:31] skip: keyboard (user active)
[18:09:36] skip: mouse_slow_wide_drift (user interrupted)
[18:09:41] keyboard: key_hold(shift, (0.1, 0.4)) - 1m31s
[18:10:49] keyboard: key_hold(shiftleft, (0.5, 1.2)) - 1m8s
[18:12:01] skip: keyboard (user active)
[18:12:07] skip: key_sequential_tap(shiftright, ctrlleft) (user interrupted)
[18:12:12] skip: mouse_fast_flick (user interrupted)
[18:12:17] skip: mouse_curved_ease_in_out (user interrupted)
[18:12:22] skip: key_triple_tap(shiftleft) (user interrupted)
[18:12:27] keyboard: key_hold(shiftleft, (0.1, 0.4)) - 1m37s
[18:13:19] skip: keyboard (user active)
[18:13:25] skip: key_alt_tab_bounce(8) (user interrupted)
[18:13:30] skip: keyboard (user active)
[18:13:35] skip: mouse_micro_jitter (user interrupted)
[18:13:40] skip: mouse_vertical_move (user interrupted)
[18:13:45] keyboard: key_hold(ctrlright, (0.5, 1.2)) - 1m17s
[18:14:29] skip: mouse_random_walk_chain (user interrupted)
[18:14:35] skip: key_alt_tab_bounce(8) (user interrupted)
[18:14:40] skip: key_double_tap(shift) (user interrupted)
[18:14:45] skip: mouse_zigzag_three_segments (user interrupted)
[18:14:50] skip: mouse_tiny_step (user interrupted)
[18:14:55] skip: key_lock_toggle(numlock, 4) (user interrupted)
[18:15:00] skip: keyboard (user active)
[18:15:05] keyboard: key_hold(shift, (0.1, 0.4)) - 1m20s
[18:15:59] skip: mouse (user active)
[18:16:04] skip: keyboard (user active)
[18:16:09] skip: keyboard (user active)
[18:16:15] keyboard: key_hold(shiftleft, (0.1, 0.4)) - 1m9s
[18:16:48] skip: key_lock_toggle(numlock, 2) (user interrupted)
[18:16:53] skip: key_triple_tap(ctrlright) (user interrupted)
[18:16:58] skip: mouse_curved_ease_out (user interrupted)
[18:17:03] skip: key_sequential_tap(ctrl, shift) (user interrupted)
[18:17:08] keyboard: key_tap(pause) - 0m53s
[18:17:39] skip: mouse_micro_jitter (user interrupted)
[18:17:45] skip: key_triple_tap(ctrl) (user interrupted)
[18:17:50] skip: mouse_zigzag_three_segments (user interrupted)
[18:17:55] skip: key_double_tap(ctrlright) (user interrupted)
[18:18:00] keyboard: key_hold(ctrlleft, (0.1, 0.4)) - 0m51s
[18:18:52] skip: key_modifier_medley(2) (user interrupted)
[18:18:57] skip: mouse_horizontal_move (user interrupted)
[18:19:02] skip: key_sequential_tap(ctrlright, shiftleft) (user interrupted)
[18:19:07] skip: mouse_zigzag_two_segments (user interrupted)
[18:19:12] keyboard: key_hold(ctrl, (0.5, 1.2)) - 1m11s [Battery]
[18:20:05] skip: mouse_diagonal_move (user interrupted)
[18:20:10] skip: mouse_tiny_step (user interrupted)
[18:20:15] skip: key_sequential_tap(ctrlleft, shiftright) (user interrupted)
[18:20:21] skip: key_lock_toggle(numlock, 2) (user interrupted)
[18:20:26] skip: mouse_curved_ease_in_out (user interrupted)
[18:20:31] skip: key_double_tap(shift) (user interrupted)
[18:20:36] skip: mouse_slow_wide_drift (user interrupted)
[18:20:41] skip: mouse_vertical_move (user interrupted)
[18:20:46] skip: mouse_long_diagonal_sweep (user interrupted)
[18:20:51] keyboard: key_hold(shift, (0.1, 0.4)) - 1m39s [Battery]
[18:21:38] skip: key_double_tap(ctrlleft) (user interrupted)
[18:21:44] skip: key_sequential_tap(ctrlleft, shiftright) (user interrupted)
[18:21:49] skip: mouse_micro_jitter (user interrupted)
[18:21:54] skip: keyboard (user active)
[18:21:59] skip: keyboard (user active)
[18:22:04] skip: mouse_reverse_curve (user interrupted)
[18:22:09] skip: mouse (user active)
[18:22:14] skip: keyboard (user active)
[18:22:19] skip: keyboard (user active)
[18:22:24] skip: mouse (user active)
[18:22:29] skip: mouse_curved_ease_out (user interrupted)
[18:22:34] skip: key_alt_tab_bounce(4) (user interrupted)
[18:22:39] skip: mouse_big_jump (user interrupted)
[18:22:44] skip: mouse_fast_flick (user interrupted)
[18:22:50] skip: key_sequential_tap(ctrlleft, shiftright) (user interrupted)
[18:22:55] keyboard: key_hold(shiftleft, (0.1, 0.4)) - 2m3s [Battery]
[18:24:06] skip: mouse_fast_flick (user interrupted)
[18:24:11] keyboard: key_tap(shift) - 1m16s [Battery]
[18:25:20] keyboard: key_hold(ctrl, (0.1, 0.4)) - 1m9s [Battery]
[18:26:21] skip: key_sequential_tap(shift, ctrl) (user interrupted)
[18:26:26] skip: mouse_big_jump (user interrupted)
[18:26:31] skip: mouse_fast_flick (user interrupted)
[18:26:36] skip: mouse_zigzag_three_segments (user interrupted)
[18:26:41] skip: mouse_short_move (user interrupted)
[18:26:46] skip: key_lock_toggle(numlock, 4) (user interrupted)
[18:26:51] skip: mouse_curved_ease_out (user interrupted)
[18:26:56] keyboard: key_hold(shift, (0.1, 0.4)) - 1m35s [Battery]
[18:28:46] skip: key_triple_tap(shiftleft) (user interrupted)
[18:28:51] keyboard: key_tap(pause) - 1m54s [Battery]
[18:30:11] skip: mouse_slow_wide_drift (user interrupted)
[18:30:16] skip: key_triple_tap(shift) (user interrupted)
[18:30:21] skip: mouse_long_diagonal_sweep (user interrupted)
[18:30:26] skip: mouse_random_walk_chain (user interrupted)
[18:30:31] skip: mouse_vertical_move (user interrupted)
[18:30:36] skip: mouse_slow_drift (user interrupted)
[18:30:41] skip: mouse_zigzag_three_segments (user interrupted)
[18:30:46] keyboard: key_hold(shiftright, (0.5, 1.2)) - 1m55s [Battery]
[18:32:21] skip: key_double_tap(pause) (user interrupted)
[18:32:26] keyboard: key_hold(shift, (0.1, 0.4)) - 1m39s [Battery]
[18:33:53] skip: mouse_curved_ease_in_out (user interrupted)
[18:33:58] skip: key_modifier_medley(2) (user interrupted)
[18:34:03] skip: mouse (user active)
[18:34:08] skip: keyboard (user active)
[18:34:13] skip: keyboard (user active)
[18:34:18] skip: mouse (user active)
[18:34:24] skip: key_alt_tab_bounce(10) (user interrupted)
[18:34:29] skip: keyboard (user active)
[18:34:34] skip: keyboard (user active)
[18:34:39] skip: keyboard (user active)
[18:34:44] skip: mouse (user active)
[18:34:49] skip: mouse_vertical_move (user interrupted)
[18:34:54] skip: keyboard (user active)
[18:34:59] skip: keyboard (user active)
[18:35:04] skip: mouse (user active)
[18:35:09] skip: mouse (user active)
[18:35:14] skip: keyboard (user active)
[18:35:19] skip: mouse_curved_ease_in_out (user interrupted)
[18:35:24] keyboard: key_hold(shiftright, (0.5, 1.2)) - 2m57s [Battery]
[18:37:13] skip: mouse_slow_drift (user interrupted)
[18:37:18] keyboard: key_hold(shift, (0.5, 1.2)) - 1m54s [Battery]
[18:39:06] skip: mouse_random_walk_chain (user interrupted)
[18:39:11] keyboard: key_hold(ctrlright, (0.1, 0.4)) - 1m53s [Battery]
[18:40:53] skip: keyboard (user active)
[18:40:58] skip: keyboard (user active)
[18:41:04] skip: key_triple_tap(ctrlright) (user interrupted)
[18:41:09] skip: keyboard (user active)
[18:41:14] skip: mouse_vertical_move (user interrupted)
[18:41:19] skip: mouse_diagonal_move (user interrupted)
[18:41:24] skip: mouse_curved_ease_in_out (user interrupted)
[18:41:29] skip: mouse_micro_jitter (user interrupted)
[18:41:34] skip: keyboard (user active)
[18:41:39] skip: keyboard (user active)
[18:41:44] skip: mouse_micro_jitter (user interrupted)
[18:41:49] skip: keyboard (user active)
[18:41:54] skip: keyboard (user active)
[18:41:59] skip: mouse (user active)
[18:42:04] skip: keyboard (user active)
[18:42:09] skip: key_sequential_tap(shiftright, ctrlleft) (user interrupted)
[18:42:14] skip: mouse (user active)
[18:42:19] skip: keyboard (user active)
[18:42:24] skip: keyboard (user active)
[18:42:29] skip: mouse (user active)
[18:42:34] skip: mouse_zigzag_two_segments (user interrupted)
[18:42:40] skip: key_lock_toggle(numlock, 4) (user interrupted)
[18:42:45] skip: mouse_random_walk_chain (user interrupted)
[18:42:50] skip: key_lock_toggle(scrolllock, 2) (user interrupted)
[18:42:55] skip: mouse (user active)
[18:43:00] skip: keyboard (user active)
[18:43:05] skip: keyboard (user active)
[18:43:10] skip: mouse_reverse_curve (user interrupted)
[18:43:15] skip: mouse_medium_move (user interrupted)
[18:43:20] keyboard: key_tap(ctrl) - 4m8s [Battery]
[18:44:33] skip: mouse_horizontal_move (user interrupted)
[18:44:38] skip: keyboard (user active)
[18:44:43] skip: key_triple_tap(shiftright) (user interrupted)
[18:44:49] keyboard: key_hold(ctrlleft, (0.5, 1.2)) - 1m28s [Battery]
[14:12:20] App Pro started.
[14:12:20] Mode: both | Schedule: 10:00-19:30 Mon-Fri (Active)
[14:13:08] skip: key_double_tap(ctrlleft) (user interrupted)
[14:13:14] skip: key_double_tap(shiftright) (user interrupted)
[14:13:19] keyboard: key_hold(ctrl, (0.1, 0.4)) - 0m58s
[14:14:10] skip: key_sequential_tap(ctrlright, shiftleft) (user interrupted)
[14:14:15] skip: mouse_micro_jitter (user interrupted)
[14:14:21] skip: key_sequential_tap(ctrlleft, shiftright) (user interrupted)
[14:14:26] skip: mouse_zigzag_two_segments (user interrupted)
[14:14:31] skip: mouse_curved_ease_in_out (user interrupted)
[14:14:36] skip: mouse_reverse_curve (user interrupted)
[14:14:41] skip: key_sequential_tap(ctrl, shift) (user interrupted)
[14:14:46] skip: key_sequential_tap(shiftright, ctrlleft) (user interrupted)
[14:14:51] keyboard: key_tap(pause) - 1m32s
[14:15:32] skip: mouse_short_move (user interrupted)
[14:15:38] skip: key_sequential_tap(shiftleft, ctrlright) (user interrupted)
[14:15:43] skip: mouse_zigzag_three_segments (user interrupted)
[14:15:48] skip: key_double_tap(ctrl) (user interrupted)
[14:15:53] skip: mouse_micro_jitter (user interrupted)
[14:15:58] keyboard: key_hold(ctrlright, (0.1, 0.4)) - 1m6s
[14:16:58] keyboard: key_tap(shiftright) - 1m0s
[14:17:34] skip: key_alt_tab_bounce(2) (user interrupted)
[14:17:39] skip: keyboard (user active)
[14:17:45] skip: key_sequential_tap(ctrlleft, shiftright) (user interrupted)
[14:17:50] skip: key_modifier_medley(4) (user interrupted)
[14:17:55] skip: key_sequential_tap(ctrlright, shiftleft) (user interrupted)
[14:18:00] skip: mouse_short_move (user interrupted)
[14:18:05] skip: mouse_long_diagonal_sweep (user interrupted)
[14:18:11] keyboard: key_hold(ctrl, (0.1, 0.4)) - 1m12s
[14:18:55] skip: key_triple_tap(shift) (user interrupted)
[14:19:00] skip: mouse_curved_ease_out (user interrupted)
[14:19:05] skip: key_sequential_tap(ctrlright, shiftleft) (user interrupted)
[14:19:10] skip: mouse_vertical_move (user interrupted)
[14:19:15] skip: mouse_big_jump (user interrupted)
[14:19:20] skip: mouse_long_move (user interrupted)
[14:19:25] skip: mouse_random_walk_chain (user interrupted)
[14:19:30] skip: mouse_vertical_move (user interrupted)
[14:19:35] skip: mouse_curved_ease_in_out (user interrupted)
[14:19:40] skip: key_double_tap(shift) (user interrupted)
[14:19:45] keyboard: key_tap(ctrlleft) - 1m34s
[14:20:49] skip: mouse_slow_wide_drift (user interrupted)
[14:20:54] skip: key_alt_tab_bounce(4) (user interrupted)
[14:20:59] skip: mouse_long_diagonal_sweep (user interrupted)
[14:21:04] skip: key_double_tap(ctrlright) (user interrupted)
[14:21:10] skip: key_lock_toggle(numlock, 4) (user interrupted)
[14:21:15] skip: mouse_curved_ease_in_out (user interrupted)
[14:21:20] skip: key_lock_toggle(numlock, 2) (user interrupted)
[14:21:25] skip: mouse_short_move (user interrupted)
[14:21:30] keyboard: key_hold(shiftleft, (0.1, 0.4)) - 1m44s
[14:22:18] skip: mouse_curved_ease_in_out (user interrupted)
[14:22:23] skip: mouse_big_jump (user interrupted)
[14:22:28] skip: mouse_horizontal_move (user interrupted)
[14:22:33] keyboard: key_tap(shift) - 1m3s
[14:23:08] skip: mouse_medium_move (user interrupted)
[14:23:14] skip: mouse_horizontal_move (user interrupted)
[14:23:19] skip: mouse_medium_move (user interrupted)
[14:23:24] skip: mouse_short_move (user interrupted)
[14:23:29] skip: key_lock_toggle(numlock, 4) (user interrupted)
[14:23:34] skip: mouse_tiny_step (user interrupted)
[14:23:40] skip: key_alt_tab_bounce(2) (user interrupted)
[14:23:45] keyboard: key_hold(ctrlright, (0.1, 0.4)) - 1m11s
[14:24:16] skip: key_alt_tab_bounce(8) (user interrupted)
[14:24:21] skip: mouse_medium_move (user interrupted)
[14:24:26] skip: mouse_tiny_step (user interrupted)
[14:24:31] skip: key_lock_toggle(capslock, 4) (user interrupted)
[14:24:37] skip: mouse_curved_ease_in_out (user interrupted)
[14:24:42] keyboard: key_hold(shiftleft, (0.1, 0.4)) - 0m56s
[14:25:24] keyboard: key_hold(ctrlleft, (0.1, 0.4)) - 0m42s
[14:25:58] skip: mouse_zigzag_two_segments (user interrupted)
[14:26:03] skip: mouse_reverse_curve (user interrupted)
[14:26:08] skip: key_lock_toggle(capslock, 4) (user interrupted)
[14:26:13] skip: mouse_long_move (user interrupted)
[14:26:19] skip: key_double_tap(ctrl) (user interrupted)
[14:26:24] skip: mouse_long_move (user interrupted)
[14:26:29] skip: mouse_tiny_step (user interrupted)
[14:26:34] skip: mouse_vertical_move (user interrupted)
[14:26:39] skip: key_double_tap(ctrlleft) (user interrupted)
[14:26:44] skip: key_triple_tap(ctrl) (user interrupted)
[14:26:49] keyboard: key_hold(shiftleft, (0.1, 0.4)) - 1m25s
[14:27:21] skip: key_triple_tap(ctrlleft) (user interrupted)
[14:27:26] skip: key_sequential_tap(shift, ctrl) (user interrupted)
[14:27:31] skip: mouse_curved_ease_in_out (user interrupted)
[14:27:36] skip: mouse_reverse_curve (user interrupted)
[14:27:41] skip: key_modifier_medley(4) (user interrupted)
[14:27:46] skip: mouse_tiny_step (user interrupted)
[14:27:51] skip: mouse_fast_flick (user interrupted)
[14:27:56] skip: mouse_slow_drift (user interrupted)
[14:28:01] skip: key_double_tap(ctrl) (user interrupted)
[14:28:06] skip: mouse_fast_flick (user interrupted)
[14:28:11] skip: mouse_vertical_move (user interrupted)
[14:28:16] keyboard: key_hold(ctrlleft, (0.5, 1.2)) - 1m26s
[14:29:01] skip: key_lock_toggle(numlock, 4) (user interrupted)
[14:29:06] skip: key_lock_toggle(capslock, 4) (user interrupted)
[14:29:11] skip: mouse_big_jump (user interrupted)
[14:29:17] skip: mouse_random_walk_chain (user interrupted)
[14:29:22] skip: key_double_tap(pause) (user interrupted)
[14:29:27] skip: mouse_big_jump (user interrupted)
[14:29:32] skip: mouse_diagonal_move (user interrupted)
[14:29:37] skip: mouse_fast_flick (user interrupted)
[14:29:42] skip: mouse_zigzag_two_segments (user interrupted)
[14:29:47] skip: key_sequential_tap(ctrlleft, shiftright) (user interrupted)
[14:29:52] keyboard: key_tap(shiftright) - 1m35s
[14:31:05] skip: key_sequential_tap(ctrlleft, shiftright) (user interrupted)
[14:31:10] keyboard: key_hold(shiftleft, (0.5, 1.2)) - 1m17s
[14:31:57] skip: mouse_long_move (user interrupted)
[14:32:02] skip: mouse_tiny_step (user interrupted)
[14:32:07] skip: key_triple_tap(shiftright) (user interrupted)
[14:32:12] skip: key_double_tap(ctrlright) (user interrupted)
[14:32:17] skip: mouse_diagonal_move (user interrupted)
[14:32:22] skip: mouse_slow_wide_drift (user interrupted)
[14:32:27] skip: mouse_long_diagonal_sweep (user interrupted)
[14:32:32] skip: mouse_reverse_curve (user interrupted)
[14:32:38] skip: key_lock_toggle(numlock, 4) (user interrupted)
[14:32:43] keyboard: key_hold(ctrlright, (0.1, 0.4)) - 1m33s
[14:33:35] keyboard: key_hold(ctrl, (0.1, 0.4)) - 0m52s
[14:34:08] skip: mouse (user active)
[14:34:14] skip: key_triple_tap(shiftright) (user interrupted)
[14:34:19] skip: mouse_curved_ease_in (user interrupted)
[14:34:24] skip: key_double_tap(ctrl) (user interrupted)
[14:34:29] skip: mouse_curved_ease_in (user interrupted)
[14:34:34] skip: mouse_horizontal_move (user interrupted)
[14:34:39] skip: mouse_reverse_curve (user interrupted)
[14:34:44] skip: key_triple_tap(ctrlright) (user interrupted)
[14:34:49] keyboard: key_hold(shiftleft, (0.5, 1.2)) - 1m13s
[14:35:29] skip: key_lock_toggle(capslock, 4) (user interrupted)
[14:35:34] keyboard: key_hold(shiftleft, (0.1, 0.4)) - 0m44s
[14:36:06] skip: mouse_zigzag_three_segments (user interrupted)
[14:36:11] skip: mouse_short_move (user interrupted)
[14:36:16] skip: mouse_long_move (user interrupted)
[14:36:22] skip: key_alt_tab_bounce(4) (user interrupted)
[14:36:27] skip: key_triple_tap(shift) (user interrupted)
[14:36:32] skip: key_alt_tab_bounce(10) (user interrupted)
[14:36:37] skip: mouse_diagonal_move (user interrupted)
[14:36:42] skip: mouse_curved_ease_out (user interrupted)
[14:36:47] skip: key_sequential_tap(ctrlright, shiftleft) (user interrupted)
[14:36:52] skip: mouse_short_move (user interrupted)
[14:36:58] keyboard: key_hold(shiftleft, (0.1, 0.4)) - 1m23s
[14:38:04] skip: keyboard (user active)
[14:38:09] skip: keyboard (user active)
[14:38:14] skip: mouse (user active)
[14:38:19] skip: mouse_diagonal_move (user interrupted)
[14:38:24] skip: mouse (user active)
[14:38:29] skip: mouse (user active)
[14:38:34] skip: keyboard (user active)
[14:38:39] skip: mouse (user active)
[14:38:44] skip: mouse_zigzag_two_segments (user interrupted)
[14:38:49] skip: mouse_curved_ease_in_out (user interrupted)
[14:38:54] skip: mouse (user active)
[14:38:59] skip: keyboard (user active)
[14:39:04] keyboard: key_hold(ctrlright, (0.5, 1.2)) - 2m6s
[14:39:49] skip: mouse_curved_ease_out (user interrupted)
[14:39:54] skip: key_alt_tab_bounce(2) (user interrupted)
[14:39:59] skip: mouse_vertical_move (user interrupted)
[14:40:05] skip: key_sequential_tap(shift, ctrl) (user interrupted)
[14:40:10] skip: mouse_horizontal_move (user interrupted)
[14:40:15] skip: key_lock_toggle(scrolllock, 2) (user interrupted)
[14:40:20] skip: key_double_tap(ctrl) (user interrupted)
[14:40:25] skip: mouse_micro_jitter (user interrupted)
[14:40:30] skip: mouse_vertical_move (user interrupted)
[14:40:36] skip: key_sequential_tap(shift, ctrl) (user interrupted)
[14:40:41] skip: mouse_reverse_curve (user interrupted)
[14:40:46] skip: key_alt_tab_bounce(8) (user interrupted)
[14:40:51] keyboard: key_hold(shift, (0.5, 1.2)) - 1m47s
[14:41:51] skip: mouse_zigzag_three_segments (user interrupted)
[14:41:57] skip: key_alt_tab_bounce(4) (user interrupted)
[14:42:02] skip: mouse_long_diagonal_sweep (user interrupted)
[14:42:07] skip: mouse_zigzag_three_segments (user interrupted)
[14:42:12] skip: mouse_curved_ease_in (user interrupted)
[14:42:17] skip: mouse_slow_wide_drift (user interrupted)
[14:42:22] skip: mouse_medium_move (user interrupted)
[14:42:27] skip: mouse_curved_ease_out (user interrupted)
[14:42:32] skip: mouse_tiny_step (user interrupted)
[14:42:37] skip: key_sequential_tap(shiftleft, ctrlright) (user interrupted)
[14:42:43] skip: key_modifier_medley(2) (user interrupted)
[14:42:48] skip: mouse_long_move (user interrupted)
[14:42:53] skip: key_alt_tab_bounce(4) (user interrupted)
[14:42:58] skip: key_triple_tap(ctrlleft) (user interrupted)
[14:43:03] skip: mouse_diagonal_move (user interrupted)
[14:43:08] skip: mouse_curved_ease_out (user interrupted)
[14:43:13] skip: mouse_big_jump (user interrupted)
[14:43:18] skip: mouse_long_diagonal_sweep (user interrupted)
[14:43:24] keyboard: key_tap(shiftleft) - 2m32s
[14:44:09] skip: mouse_random_walk_chain (user interrupted)
[14:44:14] skip: mouse_micro_jitter (user interrupted)
[14:44:19] skip: mouse (user active)
[14:44:24] skip: keyboard (user active)
[14:44:29] skip: key_modifier_medley(2) (user interrupted)
[14:44:34] skip: mouse_zigzag_three_segments (user interrupted)
[14:44:39] skip: mouse_random_walk_chain (user interrupted)
[14:44:44] skip: key_sequential_tap(ctrl, shift) (user interrupted)
[14:44:49] skip: mouse_curved_ease_out (user interrupted)
[14:44:54] keyboard: key_tap(shiftright) - 1m30s
[14:45:34] skip: mouse_horizontal_move (user interrupted)
[14:45:40] skip: key_modifier_medley(2) (user interrupted)
[14:45:45] skip: key_sequential_tap(shiftright, ctrlleft) (user interrupted)
[14:45:50] skip: mouse_horizontal_move (user interrupted)
[14:45:55] skip: key_double_tap(shift) (user interrupted)
[14:46:00] skip: mouse_long_move (user interrupted)
[14:46:05] keyboard: key_tap(shiftright) - 1m10s
[14:46:46] skip: mouse_slow_wide_drift (user interrupted)
[14:46:51] keyboard: key_hold(shift, (0.5, 1.2)) - 0m46s
[14:47:54] skip: mouse_random_walk_chain (user interrupted)
[14:47:59] skip: mouse_horizontal_move (user interrupted)
[14:48:05] skip: key_modifier_medley(2) (user interrupted)
[14:48:10] skip: mouse_medium_move (user interrupted)
[14:48:15] skip: mouse_tiny_step (user interrupted)
[14:48:20] skip: mouse_long_move (user interrupted)
[14:48:25] skip: key_alt_tab_bounce(6) (user interrupted)
[14:48:30] skip: mouse_diagonal_move (user interrupted)
[14:48:35] skip: mouse_micro_jitter (user interrupted)
[14:48:41] skip: key_alt_tab_bounce(2) (user interrupted)
[14:48:47] skip: key_lock_toggle(numlock, 2) (user interrupted)
[14:48:52] skip: key_sequential_tap(shiftright, ctrlleft) (user interrupted)
[14:48:57] skip: key_modifier_medley(2) (user interrupted)
[14:49:02] skip: mouse_slow_drift (user interrupted)
[14:49:07] skip: keyboard (user active)
[14:49:12] skip: keyboard (user active)
[14:49:17] skip: mouse (user active)
[14:49:22] skip: keyboard (user active)
[14:49:27] skip: mouse (user active)
[14:49:32] skip: keyboard (user active)
[14:49:37] skip: mouse_zigzag_three_segments (user interrupted)
[14:49:42] skip: keyboard (user active)
[14:49:47] skip: mouse_curved_ease_in_out (user interrupted)
[14:49:52] skip: mouse (user active)
[14:49:57] skip: mouse_zigzag_three_segments (user interrupted)
[14:50:02] skip: keyboard (user active)
[14:50:07] keyboard: key_tap(ctrlright) - 3m15s
[14:51:15] skip: keyboard (user active)
[14:51:20] keyboard: key_hold(ctrlleft, (0.5, 1.2)) - 1m13s
[14:51:52] skip: keyboard (user active)
[14:51:57] skip: mouse (user active)
[14:52:02] skip: mouse (user active)
[14:52:07] skip: mouse_horizontal_move (user interrupted)
[14:52:13] keyboard: key_tap(shiftright) - 0m52s
[14:53:10] skip: mouse_horizontal_move (user interrupted)
[14:53:15] skip: key_modifier_medley(2) (user interrupted)
[14:53:20] skip: key_modifier_medley(2) (user interrupted)
[14:53:25] skip: mouse (user active)
[14:53:31] skip: key_lock_toggle(capslock, 4) (user interrupted)
[14:53:36] skip: mouse_curved_ease_in_out (user interrupted)
[14:53:41] skip: key_alt_tab_bounce(8) (user interrupted)
[14:53:46] skip: key_triple_tap(ctrlright) (user interrupted)
[14:53:51] keyboard: key_hold(shiftleft, (0.5, 1.2)) - 1m38s
[14:54:23] skip: mouse_short_move (user interrupted)
[14:54:28] skip: mouse_micro_jitter (user interrupted)
[14:54:33] skip: mouse_vertical_move (user interrupted)
[14:54:38] skip: mouse_slow_drift (user interrupted)
[14:54:44] skip: mouse_tiny_step (user interrupted)
[14:54:49] keyboard: key_tap(ctrlleft) - 0m57s
[14:55:41] skip: mouse_curved_ease_in_out (user interrupted)
[14:55:46] skip: mouse (user active)
[14:55:51] skip: mouse_slow_wide_drift (user interrupted)
[14:55:56] skip: mouse_fast_flick (user interrupted)
[14:56:01] skip: mouse_zigzag_three_segments (user interrupted)
[14:56:06] skip: mouse_vertical_move (user interrupted)
[14:56:11] keyboard: key_hold(shiftleft, (0.5, 1.2)) - 1m22s
[14:56:57] skip: keyboard (user active)
[14:57:02] skip: mouse (user active)
[14:57:07] keyboard: key_tap(pause) - 0m56s
[14:57:50] skip: mouse (user active)
[14:57:55] skip: keyboard (user active)
[14:58:00] skip: mouse_long_move (user interrupted)
[14:58:05] skip: mouse_medium_move (user interrupted)
[14:58:10] skip: mouse_diagonal_move (user interrupted)
[14:58:15] keyboard: key_hold(shiftleft, (0.1, 0.4)) - 1m8s
[14:58:50] skip: keyboard (user active)
[14:58:55] skip: mouse (user active)
[14:59:00] skip: mouse (user active)
[14:59:05] skip: keyboard (user active)
[14:59:10] skip: keyboard (user active)
[14:59:15] skip: mouse (user active)
[14:59:20] skip: mouse (user active)
[14:59:25] skip: mouse (user active)
[14:59:30] skip: mouse (user active)
[14:59:35] skip: key_double_tap(pause) (user interrupted)
[14:59:41] skip: key_double_tap(shiftright) (user interrupted)
[14:59:46] skip: mouse_curved_ease_in_out (user interrupted)
[14:59:51] skip: mouse_horizontal_move (user interrupted)
[14:59:56] skip: keyboard (user active)
[15:00:01] skip: mouse_random_walk_chain (user interrupted)
[15:00:06] skip: mouse_curved_ease_in_out (user interrupted)
[15:00:11] skip: key_alt_tab_bounce(6) (user interrupted)
[15:00:16] skip: keyboard (user active)
[15:00:21] skip: mouse_tiny_step (user interrupted)
[15:00:26] skip: mouse_big_jump (user interrupted)
[15:00:31] skip: keyboard (user active)
[15:00:36] skip: keyboard (user active)
[15:00:41] skip: mouse (user active)
[15:00:46] keyboard: key_hold(ctrl, (0.5, 1.2)) - 2m31s
[15:01:51] skip: mouse_diagonal_move (user interrupted)
[15:01:56] skip: mouse (user active)
[15:02:01] skip: keyboard (user active)
[15:02:07] skip: key_modifier_medley(4) (user interrupted)
[15:02:12] skip: key_sequential_tap(ctrlleft, shiftright) (user interrupted)
[15:02:17] skip: mouse_tiny_step (user interrupted)
[15:02:22] keyboard: key_hold(ctrl, (0.1, 0.4)) - 1m35s
[15:03:04] skip: mouse_zigzag_three_segments (user interrupted)
[15:03:09] skip: mouse_reverse_curve (user interrupted)
[15:03:15] skip: key_double_tap(ctrl) (user interrupted)
[15:03:20] skip: mouse_zigzag_two_segments (user interrupted)
[15:03:25] skip: mouse_fast_flick (user interrupted)
[15:03:30] skip: mouse_slow_drift (user interrupted)
[15:03:35] skip: key_sequential_tap(ctrlright, shiftleft) (user interrupted)
[15:03:40] skip: mouse (user active)
[15:03:45] skip: keyboard (user active)
[15:03:50] skip: keyboard (user active)
[15:03:55] skip: mouse (user active)
[15:04:00] skip: mouse (user active)
[15:04:05] skip: mouse_slow_drift (user interrupted)
[15:04:10] skip: mouse_long_move (user interrupted)
[15:04:15] skip: mouse_fast_flick (user interrupted)
[15:04:20] skip: mouse_horizontal_move (user interrupted)
[15:04:25] skip: keyboard (user active)
[15:04:30] skip: mouse (user active)
[15:04:35] skip: key_lock_toggle(capslock, 2) (user interrupted)
[15:04:41] keyboard: key_hold(shift, (0.1, 0.4)) - 2m18s
[15:05:47] skip: mouse_fast_flick (user interrupted)
[15:05:52] skip: key_double_tap(ctrlright) (user interrupted)
[15:05:57] skip: mouse_diagonal_move (user interrupted)
[15:06:02] keyboard: key_tap(ctrl) - 1m21s
[15:07:08] skip: mouse_long_diagonal_sweep (user interrupted)
[15:07:13] skip: mouse_zigzag_two_segments (user interrupted)
[15:07:18] skip: keyboard (user active)
[15:07:23] skip: mouse (user active)
[15:07:28] skip: keyboard (user active)
[15:07:33] skip: keyboard (user active)
[15:07:38] skip: mouse (user active)
[15:07:43] skip: keyboard (user active)
[15:07:48] skip: mouse (user active)
[15:07:53] skip: mouse_fast_flick (user interrupted)
[15:07:58] skip: key_sequential_tap(shiftleft, ctrlright) (user interrupted)
[15:08:04] skip: key_sequential_tap(shiftright, ctrlleft) (user interrupted)
[15:08:09] skip: keyboard (user active)
[15:08:14] skip: mouse (user active)
[15:08:19] skip: mouse (user active)
[15:08:24] skip: keyboard (user active)
[15:08:29] skip: keyboard (user active)
[15:08:34] skip: keyboard (user active)
[15:08:39] skip: mouse (user active)
[15:08:44] skip: keyboard (user active)
[15:08:49] skip: keyboard (user active)
[15:08:54] skip: mouse (user active)
[15:08:59] skip: keyboard (user active)
[15:09:04] skip: keyboard (user active)
[15:09:09] skip: mouse (user active)
[15:09:14] skip: mouse (user active)
[15:09:19] skip: keyboard (user active)
[15:09:24] skip: mouse_long_move (user interrupted)
[15:09:29] skip: key_sequential_tap(ctrlleft, shiftright) (user interrupted)
[15:09:34] skip: keyboard (user active)
[15:09:39] skip: mouse (user active)
[15:09:44] skip: keyboard (user active)
[15:09:49] skip: mouse (user active)
[15:09:54] skip: mouse_short_move (user interrupted)
[15:09:59] skip: mouse (user active)
[15:10:04] skip: mouse_zigzag_two_segments (user interrupted)
[15:10:10] skip: key_alt_tab_bounce(8) (user interrupted)
[15:10:15] skip: keyboard (user active)
[15:10:20] skip: keyboard (user active)
[15:10:25] skip: mouse (user active)
[15:10:30] skip: mouse_vertical_move (user interrupted)
[15:10:35] skip: mouse (user active)
[15:10:40] skip: keyboard (user active)
[15:10:45] skip: mouse (user active)
[15:10:50] skip: keyboard (user active)
[15:10:55] skip: keyboard (user active)
[15:11:00] skip: mouse (user active)
[15:11:05] skip: keyboard (user active)
[15:11:10] skip: mouse (user active)
[15:11:15] skip: keyboard (user active)
[15:11:20] skip: keyboard (user active)
[15:11:25] skip: keyboard (user active)
[15:11:30] skip: mouse (user active)
[15:11:35] skip: keyboard (user active)
[15:11:40] skip: mouse (user active)
[15:11:45] skip: keyboard (user active)
[15:11:50] skip: mouse_random_walk_chain (user interrupted)
[15:11:55] keyboard: key_hold(shiftright, (0.1, 0.4)) - 5m52s
[15:13:00] skip: mouse_reverse_curve (user interrupted)
[15:13:05] skip: mouse (user active)
[15:13:10] skip: mouse (user active)
[15:13:15] skip: keyboard (user active)
[15:13:20] skip: mouse (user active)
[15:13:25] skip: mouse_curved_ease_in_out (user interrupted)
[15:13:30] keyboard: key_hold(shiftright, (0.1, 0.4)) - 1m35s
[15:14:16] skip: mouse (user active)
[15:14:21] skip: mouse (user active)
[15:14:26] skip: mouse (user active)
[15:14:31] skip: mouse (user active)
[15:14:36] skip: keyboard (user active)
[15:14:41] skip: keyboard (user active)
[15:14:46] skip: keyboard (user active)
[15:14:51] skip: keyboard (user active)
[15:14:56] skip: keyboard (user active)
[15:15:01] skip: mouse (user active)
[15:15:06] skip: keyboard (user active)
[15:15:11] skip: keyboard (user active)
[15:15:16] skip: mouse (user active)
[15:15:21] skip: mouse (user active)
[15:15:26] skip: keyboard (user active)
[15:15:32] skip: key_lock_toggle(numlock, 4) (user interrupted)
[15:15:37] skip: key_sequential_tap(ctrl, shift) (user interrupted)
[15:15:42] skip: keyboard (user active)
[15:15:47] skip: mouse_big_jump (user interrupted)
[15:15:52] skip: mouse (user active)
[15:15:57] skip: mouse (user active)
[15:16:02] skip: keyboard (user active)
[15:16:07] skip: keyboard (user active)
[15:16:12] skip: mouse (user active)
[15:16:17] skip: keyboard (user active)
[15:16:22] skip: mouse (user active)
[15:16:27] skip: keyboard (user active)
[15:16:32] skip: mouse (user active)
[15:16:37] skip: key_sequential_tap(ctrlright, shiftleft) (user interrupted)
[15:16:42] skip: mouse_big_jump (user interrupted)
[15:16:47] skip: keyboard (user active)
[15:16:52] skip: keyboard (user active)
[15:16:57] skip: keyboard (user active)
[15:17:02] skip: keyboard (user active)
[15:17:07] skip: mouse_fast_flick (user interrupted)
[15:17:12] skip: mouse (user active)
[15:17:17] skip: mouse (user active)
[15:17:22] skip: mouse_medium_move (user interrupted)
[15:17:27] skip: mouse_curved_ease_in (user interrupted)
[15:17:32] skip: mouse (user active)
[15:17:37] skip: mouse (user active)
[15:17:42] skip: keyboard (user active)
[15:17:47] skip: mouse (user active)
[15:17:52] skip: keyboard (user active)
[15:17:57] skip: keyboard (user active)
[15:18:02] skip: mouse (user active)
[15:18:07] skip: keyboard (user active)
[15:18:12] skip: mouse (user active)
[15:18:17] skip: mouse (user active)
[15:18:22] skip: keyboard (user active)
[15:18:27] skip: mouse (user active)
[15:18:32] skip: mouse_long_diagonal_sweep (user interrupted)
[15:18:37] skip: mouse (user active)
[15:18:42] skip: mouse (user active)
[15:18:47] skip: keyboard (user active)
[15:18:52] skip: keyboard (user active)
[15:18:58] skip: key_sequential_tap(ctrl, shift) (user interrupted)
[15:19:03] skip: key_alt_tab_bounce(2) (user interrupted)
[15:19:08] skip: mouse_slow_drift (user interrupted)
[15:19:13] skip: mouse_tiny_step (user interrupted)
[15:19:19] skip: key_sequential_tap(shiftright, ctrlleft) (user interrupted)
[15:19:24] skip: keyboard (user active)
[15:19:29] skip: mouse (user active)
[15:19:34] skip: keyboard (user active)
[15:19:39] skip: mouse (user active)
[15:19:44] skip: mouse (user active)
[15:19:49] skip: mouse (user active)
[15:19:54] skip: keyboard (user active)
[15:19:59] skip: mouse (user active)
[15:20:04] skip: keyboard (user active)
[15:20:09] skip: keyboard (user active)
[15:20:14] skip: mouse (user active)
[15:20:19] skip: keyboard (user active)
[15:20:24] skip: keyboard (user active)
[15:20:29] skip: keyboard (user active)
[15:20:34] skip: keyboard (user active)
[15:20:39] skip: mouse (user active)
[15:20:44] skip: mouse (user active)
[15:20:49] skip: mouse (user active)
[15:20:54] skip: mouse (user active)
[15:20:59] skip: keyboard (user active)
[15:21:04] skip: mouse (user active)
[15:21:09] skip: keyboard (user active)
[15:21:14] skip: mouse_micro_jitter (user interrupted)
[15:21:19] skip: keyboard (user active)
[15:21:24] skip: keyboard (user active)
[15:21:29] skip: keyboard (user active)
[15:21:34] skip: mouse (user active)
[15:21:39] skip: keyboard (user active)
[15:21:44] skip: mouse (user active)
[15:21:49] skip: mouse (user active)
[15:21:54] skip: mouse (user active)
[15:21:59] skip: mouse (user active)
[15:22:04] skip: mouse (user active)
[15:22:09] skip: keyboard (user active)
[15:22:14] skip: keyboard (user active)
[15:22:19] skip: mouse (user active)
[15:22:24] skip: mouse_long_move (user interrupted)
[15:22:29] skip: keyboard (user active)
[15:22:34] skip: mouse_long_diagonal_sweep (user interrupted)
[15:22:39] skip: mouse (user active)
[15:22:44] skip: mouse_medium_move (user interrupted)
[15:22:49] skip: mouse_short_move (user interrupted)
[15:22:54] skip: keyboard (user active)
[15:22:59] skip: keyboard (user active)
[15:23:04] skip: mouse (user active)
[15:23:09] skip: keyboard (user active)
[15:23:14] skip: keyboard (user active)
[15:23:19] skip: keyboard (user active)
[15:23:24] skip: mouse_big_jump (user interrupted)
[15:23:29] skip: keyboard (user active)
[15:23:34] skip: keyboard (user active)
[15:23:39] skip: mouse_vertical_move (user interrupted)
[15:23:44] skip: mouse (user active)
[15:23:49] skip: keyboard (user active)
[15:23:54] skip: keyboard (user active)
[15:23:59] skip: mouse (user active)
[15:24:04] skip: mouse (user active)
[15:24:09] skip: keyboard (user active)
[15:24:14] skip: keyboard (user active)
[15:24:19] skip: mouse (user active)
[15:24:24] skip: mouse (user active)
[15:24:29] skip: mouse (user active)
[15:24:34] skip: keyboard (user active)
[15:24:39] skip: keyboard (user active)
[15:24:44] skip: keyboard (user active)
[15:24:49] skip: keyboard (user active)
[15:24:54] skip: mouse (user active)
[15:24:59] skip: keyboard (user active)
[15:25:04] skip: keyboard (user active)
[15:25:09] skip: mouse (user active)
[15:25:14] skip: keyboard (user active)
[15:25:19] skip: mouse (user active)
[15:25:24] skip: keyboard (user active)
[15:25:29] skip: mouse (user active)
[15:25:34] skip: keyboard (user active)
[15:25:39] skip: keyboard (user active)
[15:25:44] skip: mouse (user active)
[15:25:49] skip: keyboard (user active)
[15:25:54] skip: mouse (user active)
[15:25:59] skip: keyboard (user active)
[15:26:04] skip: mouse (user active)
[15:26:09] skip: mouse (user active)
[15:26:14] skip: mouse (user active)
[15:26:19] skip: keyboard (user active)
[15:26:24] skip: mouse (user active)
[15:26:29] skip: keyboard (user active)
[15:26:34] skip: keyboard (user active)
[15:26:39] skip: key_sequential_tap(ctrl, shift) (user interrupted)
[15:26:44] skip: mouse (user active)
[15:26:49] skip: keyboard (user active)
[15:26:54] skip: keyboard (user active)
[15:26:59] skip: mouse (user active)
[15:27:04] skip: keyboard (user active)
[15:27:09] skip: mouse_horizontal_move (user interrupted)
[15:27:14] skip: keyboard (user active)
[15:27:19] skip: keyboard (user active)
[15:27:24] skip: keyboard (user active)
[15:27:29] skip: mouse (user active)
[15:27:34] skip: mouse (user active)
[15:27:39] skip: mouse (user active)
[15:27:44] skip: keyboard (user active)
[15:27:49] skip: keyboard (user active)
[15:27:54] skip: mouse (user active)
[15:27:59] skip: keyboard (user active)
[15:28:04] skip: mouse (user active)
[15:28:09] skip: mouse (user active)
[15:28:14] skip: mouse (user active)
[15:28:19] skip: mouse (user active)
[15:28:24] skip: mouse (user active)
[15:28:29] keyboard: key_tap(shiftright) - 14m59s
[15:29:45] skip: key_triple_tap(ctrlleft) (user interrupted)
[15:29:50] skip: keyboard (user active)
[15:29:55] skip: keyboard (user active)
[15:30:00] skip: mouse (user active)
[15:30:05] skip: mouse (user active)
[15:30:10] skip: mouse (user active)
[15:30:15] skip: mouse_long_move (user interrupted)
[15:30:20] skip: keyboard (user active)
[15:30:25] skip: mouse (user active)
[15:30:30] skip: keyboard (user active)
[15:30:35] skip: mouse (user active)
[15:30:40] skip: keyboard (user active)
[15:30:45] skip: mouse (user active)
[15:30:50] skip: keyboard (user active)
[15:30:55] keyboard: key_tap(shiftleft) - 2m25s
[15:31:39] skip: mouse_curved_ease_in (user interrupted)
[15:31:44] skip: mouse_long_move (user interrupted)
[15:31:49] keyboard: key_hold(shiftright, (0.5, 1.2)) - 0m54s
[15:32:24] skip: key_alt_tab_bounce(10) (user interrupted)
[15:32:29] skip: mouse_zigzag_three_segments (user interrupted)
[15:32:35] skip: key_triple_tap(ctrlleft) (user interrupted)
[15:32:40] skip: mouse_slow_wide_drift (user interrupted)
[15:32:45] skip: mouse_random_walk_chain (user interrupted)
[15:32:50] skip: keyboard (user active)
[15:32:55] skip: mouse_slow_wide_drift (user interrupted)
[15:33:00] skip: mouse (user active)
[15:33:05] skip: mouse (user active)
[15:33:10] skip: mouse_zigzag_two_segments (user interrupted)
[15:33:15] skip: mouse (user active)
[15:33:20] skip: keyboard (user active)
[15:33:25] skip: keyboard (user active)
[15:33:30] skip: mouse (user active)
[15:33:35] skip: mouse (user active)
[15:33:40] skip: keyboard (user active)
[15:33:45] skip: keyboard (user active)
[15:33:50] skip: keyboard (user active)
[15:33:55] skip: keyboard (user active)
[15:34:00] skip: keyboard (user active)
[15:34:05] skip: mouse (user active)
[15:34:10] skip: keyboard (user active)
[15:34:15] skip: key_double_tap(shiftleft) (user interrupted)
[15:34:20] skip: keyboard (user active)
[15:34:25] skip: keyboard (user active)
[15:34:30] skip: mouse (user active)
[15:34:35] skip: mouse (user active)
[15:34:40] skip: mouse (user active)
[15:34:45] skip: mouse (user active)
[15:34:50] skip: mouse (user active)
[15:34:55] skip: keyboard (user active)
[15:35:00] skip: mouse_zigzag_three_segments (user interrupted)
[15:35:05] skip: mouse_long_diagonal_sweep (user interrupted)
[15:35:10] skip: keyboard (user active)
[15:35:15] skip: keyboard (user active)
[15:35:20] skip: mouse (user active)
[15:35:25] skip: mouse (user active)
[15:35:30] skip: keyboard (user active)
[15:35:35] skip: keyboard (user active)
[15:35:40] skip: key_alt_tab_bounce(8) (user interrupted)
[15:35:45] skip: keyboard (user active)
[15:35:50] skip: keyboard (user active)
[15:35:55] skip: mouse (user active)
[15:36:00] skip: mouse (user active)
[15:36:05] skip: keyboard (user active)
[15:36:10] skip: keyboard (user active)
[15:36:15] skip: mouse (user active)
[15:36:20] skip: mouse (user active)
[15:36:25] skip: keyboard (user active)
[15:36:30] skip: keyboard (user active)
[15:36:35] skip: keyboard (user active)
[15:36:40] skip: keyboard (user active)
[15:36:45] skip: keyboard (user active)
[15:36:50] skip: keyboard (user active)
[15:36:55] skip: mouse (user active)
[15:37:00] skip: keyboard (user active)
[15:37:05] skip: keyboard (user active)
[15:37:10] skip: keyboard (user active)
[15:37:15] skip: keyboard (user active)
[15:37:20] skip: mouse (user active)
[15:37:25] skip: keyboard (user active)
[15:37:30] skip: mouse (user active)
[15:37:35] skip: keyboard (user active)
[15:37:40] skip: keyboard (user active)
[15:37:45] skip: mouse_big_jump (user interrupted)
[15:37:50] skip: mouse (user active)
[15:37:55] skip: mouse_short_move (user interrupted)
[15:38:00] skip: keyboard (user active)
[15:38:06] skip: mouse_slow_wide_drift (user interrupted)
[15:38:11] keyboard: key_hold(ctrlleft, (0.5, 1.2)) - 6m21s
[15:38:46] skip: key_alt_tab_bounce(4) (user interrupted)
[15:38:51] skip: mouse (user active)
[15:38:56] skip: keyboard (user active)
[15:39:01] skip: keyboard (user active)
[15:39:06] skip: mouse (user active)
[15:39:11] skip: keyboard (user active)
[15:39:16] skip: mouse_curved_ease_in_out (user interrupted)
[15:39:21] skip: keyboard (user active)
[15:39:26] skip: mouse (user active)
[15:39:31] skip: keyboard (user active)
[15:39:36] skip: keyboard (user active)
[15:39:41] skip: mouse_vertical_move (user interrupted)
[15:39:46] skip: keyboard (user active)
[16:04:55] App Pro started.
[16:04:55] Mode: both | Schedule: 10:00-19:30 Mon-Fri (Active)
[16:05:28] skip: key_double_tap(ctrl) (user interrupted)
[16:05:33] skip: mouse_slow_wide_drift (user interrupted)
[16:05:38] keyboard: key_hold(shiftleft, (0.5, 1.2)) - 0m43s
[16:06:44] skip: mouse_horizontal_move (user interrupted)
[16:06:49] skip: mouse_long_move (user interrupted)
[16:06:54] skip: mouse_big_jump (user interrupted)
[16:06:59] skip: key_triple_tap(shiftleft) (user interrupted)
[16:07:04] skip: mouse_curved_ease_out (user interrupted)
[16:07:09] skip: mouse_medium_move (user interrupted)
[16:07:14] skip: mouse_vertical_move (user interrupted)
[16:07:19] skip: mouse_tiny_step (user interrupted)
[16:07:24] skip: mouse_horizontal_move (user interrupted)
[16:07:30] skip: key_double_tap(shiftleft) (user interrupted)
[16:07:35] skip: key_sequential_tap(shift, ctrl) (user interrupted)
[16:07:40] skip: key_lock_toggle(scrolllock, 2) (user interrupted)
[16:07:46] skip: mouse_zigzag_two_segments (user interrupted)
[16:07:51] skip: mouse_micro_jitter (user interrupted)
[16:07:56] skip: key_lock_toggle(scrolllock, 2) (user interrupted)
[16:08:01] keyboard: key_hold(shift, (0.1, 0.4)) - 2m22s
[16:08:49] keyboard: key_tap(pause) - 0m48s
[16:09:32] skip: key_alt_tab_bounce(6) (user interrupted)
[16:09:37] skip: mouse_curved_ease_in (user interrupted)
[16:09:42] skip: mouse_long_move (user interrupted)
[16:09:47] skip: mouse_slow_drift (user interrupted)
[16:09:52] skip: key_double_tap(shiftright) (user interrupted)
[16:09:57] skip: key_double_tap(ctrlleft) (user interrupted)
[16:10:02] skip: mouse_short_move (user interrupted)
[16:10:08] skip: key_lock_toggle(numlock, 2) (user interrupted)
[16:10:13] skip: key_lock_toggle(capslock, 4) (user interrupted)
[16:10:18] skip: mouse_zigzag_three_segments (user interrupted)
[16:10:23] skip: mouse_long_move (user interrupted)
[16:10:28] skip: mouse_fast_flick (user interrupted)
[16:10:33] skip: mouse_diagonal_move (user interrupted)
[16:10:38] keyboard: key_tap(shiftleft) - 1m49s
[16:11:45] skip: key_sequential_tap(ctrlleft, shiftright) (user interrupted)
[16:11:50] skip: key_triple_tap(ctrlright) (user interrupted)
[16:11:55] skip: mouse_slow_wide_drift (user interrupted)
[16:12:00] skip: mouse_vertical_move (user interrupted)
[16:12:06] skip: key_double_tap(shiftright) (user interrupted)
[16:12:11] skip: key_alt_tab_bounce(6) (user interrupted)
[16:12:16] skip: mouse_curved_ease_in (user interrupted)
[16:12:22] skip: key_lock_toggle(capslock, 2) (user interrupted)
[16:12:27] keyboard: key_hold(ctrlleft, (0.5, 1.2)) - 1m48s
[16:13:19] skip: key_double_tap(shiftright) (user interrupted)
[16:13:24] keyboard: key_tap(ctrlright) - 0m57s
[16:14:24] keyboard: key_hold(shift, (0.5, 1.2)) - 1m0s
[16:14:57] skip: mouse_curved_ease_in (user interrupted)
[16:15:02] keyboard: key_tap(shiftright) - 0m38s
[16:15:56] skip: key_double_tap(pause) (user interrupted)
[16:16:01] skip: mouse_slow_drift (user interrupted)
[16:16:06] keyboard: key_hold(shiftleft, (0.5, 1.2)) - 1m3s
[16:16:38] skip: mouse_tiny_step (user interrupted)
[16:16:43] skip: mouse_zigzag_three_segments (user interrupted)
[16:16:48] skip: key_alt_tab_bounce(10) (user interrupted)
[16:16:53] skip: mouse_slow_drift (user interrupted)
[16:16:58] skip: mouse_fast_flick (user interrupted)
[16:17:04] skip: key_triple_tap(shift) (user interrupted)
[16:17:09] skip: mouse_horizontal_move (user interrupted)
[16:17:14] skip: mouse_zigzag_two_segments (user interrupted)
[16:17:19] skip: mouse_curved_ease_in_out (user interrupted)
[16:17:24] skip: mouse_slow_wide_drift (user interrupted)
[16:17:29] skip: mouse_random_walk_chain (user interrupted)
[16:17:34] skip: mouse_fast_flick (user interrupted)
[16:17:39] skip: mouse_tiny_step (user interrupted)
[16:17:44] skip: key_alt_tab_bounce(4) (user interrupted)
[16:17:50] skip: key_alt_tab_bounce(2) (user interrupted)
[16:17:55] keyboard: key_hold(ctrl, (0.1, 0.4)) - 1m49s
[16:18:38] skip: mouse_tiny_step (user interrupted)
[16:18:43] skip: mouse_curved_ease_in (user interrupted)
[16:18:48] skip: mouse_medium_move (user interrupted)
[16:18:53] skip: mouse_slow_wide_drift (user interrupted)
[16:18:59] skip: key_double_tap(shiftright) (user interrupted)
[16:19:04] skip: key_modifier_medley(4) (user interrupted)
[16:19:09] skip: key_triple_tap(ctrlright) (user interrupted)
[16:19:14] keyboard: key_tap(shift) - 1m18s
[16:20:21] skip: key_sequential_tap(shiftleft, ctrlright) (user interrupted)
[16:20:26] skip: mouse_big_jump (user interrupted)
[16:20:31] skip: mouse_curved_ease_out (user interrupted)
[16:20:36] skip: key_triple_tap(shift) (user interrupted)
[16:20:41] skip: mouse_vertical_move (user interrupted)
[16:20:46] keyboard: key_tap(ctrl) - 1m31s
[16:21:41] skip: key_triple_tap(shiftleft) (user interrupted)
[16:21:46] skip: mouse_curved_ease_in (user interrupted)
[16:21:51] keyboard: key_tap(shift) - 1m5s
[16:22:48] keyboard: key_tap(ctrl) - 0m57s
[16:23:56] skip: key_double_tap(pause) (user interrupted)
[16:24:02] skip: key_triple_tap(ctrlleft) (user interrupted)
[16:24:07] skip: mouse_short_move (user interrupted)
[16:24:12] skip: mouse_curved_ease_in_out (user interrupted)
[16:24:17] keyboard: key_tap(ctrl) - 1m28s
[16:24:51] keyboard: key_hold(ctrlleft, (0.5, 1.2)) - 0m34s
[16:25:49] skip: mouse_slow_wide_drift (user interrupted)
[16:25:54] skip: key_double_tap(ctrlright) (user interrupted)
[16:26:00] skip: key_double_tap(pause) (user interrupted)
[16:26:05] skip: key_alt_tab_bounce(8) (user interrupted)
[16:26:10] skip: key_triple_tap(ctrl) (user interrupted)
[16:26:16] skip: key_double_tap(shiftright) (user interrupted)
[16:26:21] skip: mouse_slow_wide_drift (user interrupted)
[16:26:26] skip: mouse_long_diagonal_sweep (user interrupted)
[16:26:31] keyboard: key_tap(pause) - 1m39s
[16:27:23] skip: key_alt_tab_bounce(6) (user interrupted)
[16:27:29] keyboard: key_hold(shiftright, (0.5, 1.2)) - 0m57s
[16:28:29] keyboard: key_hold(shiftleft, (0.5, 1.2)) - 1m0s
[16:29:35] skip: key_triple_tap(ctrlright) (user interrupted)
[16:29:41] skip: key_sequential_tap(shift, ctrl) (user interrupted)
[16:29:46] skip: mouse_tiny_step (user interrupted)
[16:29:51] skip: mouse_fast_flick (user interrupted)
[16:29:56] skip: mouse_reverse_curve (user interrupted)
[16:30:01] skip: key_triple_tap(ctrlleft) (user interrupted)
[16:30:06] skip: key_alt_tab_bounce(4) (user interrupted)
[16:30:11] skip: mouse_big_jump (user interrupted)
[16:30:16] skip: mouse_curved_ease_out (user interrupted)
[16:30:22] skip: key_sequential_tap(ctrl, shift) (user interrupted)
[16:30:27] keyboard: key_hold(shiftleft, (0.1, 0.4)) - 1m57s
[16:30:58] skip: mouse_reverse_curve (user interrupted)
[16:31:03] skip: mouse_tiny_step (user interrupted)
[16:31:08] skip: key_double_tap(ctrlright) (user interrupted)
[16:31:13] skip: mouse_fast_flick (user interrupted)
[16:31:19] skip: key_double_tap(ctrlright) (user interrupted)
[16:31:24] skip: mouse_medium_move (user interrupted)
[16:31:29] skip: mouse_zigzag_three_segments (user interrupted)
[16:31:34] skip: key_modifier_medley(2) (user interrupted)
[16:31:39] skip: mouse_short_move (user interrupted)
[16:31:44] skip: key_double_tap(ctrl) (user interrupted)
[16:31:49] skip: mouse_curved_ease_in_out (user interrupted)
[16:31:54] skip: key_triple_tap(ctrl) (user interrupted)
[16:31:59] skip: mouse_tiny_step (user interrupted)
[16:32:04] skip: mouse_long_move (user interrupted)
[16:32:09] skip: mouse_curved_ease_in (user interrupted)
[16:32:14] keyboard: key_tap(shift) - 1m47s
[16:32:50] skip: mouse_reverse_curve (user interrupted)
[16:32:55] skip: mouse_zigzag_three_segments (user interrupted)
[16:33:00] skip: mouse_reverse_curve (user interrupted)
[16:33:05] skip: mouse_short_move (user interrupted)
[16:33:10] skip: mouse_fast_flick (user interrupted)
[16:33:15] skip: mouse_reverse_curve (user interrupted)
[16:33:21] skip: key_double_tap(shiftright) (user interrupted)
[16:33:26] keyboard: key_hold(ctrlleft, (0.5, 1.2)) - 1m11s
[16:34:38] skip: key_sequential_tap(shift, ctrl) (user interrupted)
[16:34:43] skip: mouse_tiny_step (user interrupted)
[16:34:48] keyboard: key_hold(shiftleft, (0.5, 1.2)) - 1m22s
[16:35:31] skip: mouse_big_jump (user interrupted)
[16:35:37] skip: mouse_curved_ease_in (user interrupted)
[16:35:42] keyboard: key_hold(ctrl, (0.5, 1.2)) - 0m53s
[16:36:16] skip: mouse_horizontal_move (user interrupted)
[16:36:21] skip: mouse_horizontal_move (user interrupted)
[16:36:26] skip: mouse_slow_wide_drift (user interrupted)
[16:36:31] keyboard: key_tap(shiftright) - 0m49s
[16:37:09] skip: key_double_tap(ctrl) (user interrupted)
[16:37:14] skip: mouse_fast_flick (user interrupted)
[16:37:19] skip: mouse_long_diagonal_sweep (user interrupted)
[16:37:24] skip: keyboard (user active)
[16:37:29] keyboard: key_hold(shiftright, (0.1, 0.4)) - 0m58s
[16:38:20] keyboard: key_tap(shiftleft) - 0m51s
[16:39:00] skip: mouse_random_walk_chain (user interrupted)
[16:39:05] skip: key_triple_tap(shiftright) (user interrupted)
[16:39:11] keyboard: key_hold(shiftleft, (0.5, 1.2)) - 0m50s
[16:40:02] skip: mouse_medium_move (user interrupted)
[16:40:07] keyboard: key_tap(shiftright) - 0m56s
[16:41:04] skip: mouse (user active)
[16:41:09] skip: keyboard (user active)
[16:41:14] skip: keyboard (user active)
[16:41:19] skip: keyboard (user active)
[16:41:24] skip: mouse (user active)
[16:41:29] keyboard: key_hold(shift, (0.5, 1.2)) - 1m22s
[16:42:41] skip: mouse_big_jump (user interrupted)
[16:42:46] skip: key_double_tap(shiftleft) (user interrupted)
[16:42:52] skip: key_lock_toggle(capslock, 4) (user interrupted)
[16:42:57] skip: mouse_slow_wide_drift (user interrupted)
[16:43:02] skip: mouse (user active)
[16:43:07] skip: mouse (user active)
[16:43:12] skip: keyboard (user active)
[16:43:17] skip: keyboard (user active)
[16:43:22] skip: key_sequential_tap(shiftleft, ctrlright) (user interrupted)
[16:43:27] skip: mouse_long_move (user interrupted)
[16:43:32] skip: mouse_zigzag_three_segments (user interrupted)
[16:43:37] keyboard: key_hold(shift, (0.5, 1.2)) - 2m8s
[16:44:48] skip: key_triple_tap(ctrlright) (user interrupted)
[16:44:53] skip: mouse_slow_drift (user interrupted)
[16:44:59] keyboard: key_hold(ctrlright, (0.1, 0.4)) - 1m21s
[16:45:37] skip: key_double_tap(ctrlleft) (user interrupted)
[16:45:42] keyboard: key_hold(shiftleft, (0.1, 0.4)) - 0m43s
[16:46:52] skip: mouse_micro_jitter (user interrupted)
[16:46:57] keyboard: key_hold(ctrl, (0.1, 0.4)) - 1m15s
[16:47:44] skip: mouse (user active)
[16:47:49] keyboard: key_hold(shiftleft, (0.5, 1.2)) - 0m52s
[16:48:45] skip: key_triple_tap(ctrlleft) (user interrupted)
[16:48:50] skip: mouse_big_jump (user interrupted)
[16:48:55] skip: mouse_zigzag_two_segments (user interrupted)
[16:49:00] skip: mouse_horizontal_move (user interrupted)
[16:49:05] skip: mouse (user active)
[16:49:10] skip: key_sequential_tap(shiftright, ctrlleft) (user interrupted)
[16:49:15] skip: mouse_diagonal_move (user interrupted)
[16:49:20] skip: key_alt_tab_bounce(6) (user interrupted)
[16:49:26] skip: mouse_zigzag_two_segments (user interrupted)
[16:49:31] skip: key_modifier_medley(2) (user interrupted)
[16:49:36] skip: mouse_long_move (user interrupted)
[16:49:41] skip: mouse_slow_drift (user interrupted)
[16:49:46] skip: key_sequential_tap(shiftright, ctrlleft) (user interrupted)
[16:49:52] skip: key_alt_tab_bounce(6) (user interrupted)
[16:49:57] skip: keyboard (user active)
[16:50:02] skip: keyboard (user active)
[16:50:07] keyboard: key_hold(shiftright, (0.1, 0.4)) - 2m17s
[16:50:48] skip: mouse (user active)
[16:50:53] skip: keyboard (user active)
[16:50:58] skip: key_sequential_tap(ctrlleft, shiftright) (user interrupted)
[16:51:04] skip: key_sequential_tap(shift, ctrl) (user interrupted)
[16:51:09] skip: mouse_reverse_curve (user interrupted)
[16:51:14] keyboard: key_hold(ctrlleft, (0.1, 0.4)) - 1m6s
[16:51:45] keyboard: key_hold(ctrl, (0.1, 0.4)) - 0m31s
[16:52:50] skip: mouse_long_move (user interrupted)
[16:52:55] skip: mouse_fast_flick (user interrupted)
[16:53:00] skip: keyboard (user active)
[16:53:05] skip: keyboard (user active)
[16:53:10] skip: keyboard (user active)
[16:53:15] skip: keyboard (user active)
[16:53:20] skip: mouse_diagonal_move (user interrupted)
[16:53:26] skip: key_alt_tab_bounce(4) (user interrupted)
[16:53:31] skip: mouse (user active)
[16:53:36] skip: keyboard (user active)
[16:53:41] skip: mouse_curved_ease_in_out (user interrupted)
[16:53:46] skip: keyboard (user active)
[16:53:51] skip: keyboard (user active)
[16:53:56] skip: keyboard (user active)
[16:54:01] skip: mouse (user active)
[16:54:06] skip: mouse (user active)
[16:54:11] skip: keyboard (user active)
[16:54:16] skip: mouse (user active)
[16:54:21] skip: keyboard (user active)
[16:54:26] skip: keyboard (user active)
[16:54:31] skip: keyboard (user active)
[16:54:36] skip: keyboard (user active)
[16:54:41] skip: keyboard (user active)
[16:54:46] skip: mouse (user active)
[16:54:51] skip: mouse (user active)
[16:54:56] skip: keyboard (user active)
[16:55:01] skip: mouse (user active)
[16:55:06] skip: keyboard (user active)
[16:55:11] skip: mouse (user active)
[16:55:16] keyboard: key_tap(pause) - 3m30s
[16:56:07] skip: mouse (user active)
[16:56:12] skip: mouse (user active)
[16:56:17] skip: mouse (user active)
[16:56:22] skip: keyboard (user active)
[16:56:27] skip: mouse_micro_jitter (user interrupted)
[16:56:32] skip: keyboard (user active)
[16:56:37] skip: mouse (user active)
[16:56:42] skip: keyboard (user active)
[16:56:47] skip: mouse (user active)
[16:56:52] skip: mouse (user active)
[16:56:57] skip: mouse (user active)
[16:57:02] skip: mouse (user active)
[16:57:07] keyboard: key_hold(ctrlleft, (0.1, 0.4)) - 1m51s
[16:57:50] skip: mouse (user active)
[16:57:55] skip: mouse_long_move (user interrupted)
[16:58:00] skip: mouse_horizontal_move (user interrupted)
[16:58:05] skip: key_double_tap(shiftleft) (user interrupted)
[16:58:11] skip: key_sequential_tap(shift, ctrl) (user interrupted)
[16:58:16] skip: mouse (user active)
[16:58:21] skip: mouse (user active)
[16:58:26] skip: keyboard (user active)
[16:58:31] keyboard: key_hold(shift, (0.5, 1.2)) - 1m23s
[16:59:04] skip: key_alt_tab_bounce(6) (user interrupted)
[16:59:09] skip: mouse_reverse_curve (user interrupted)
[16:59:14] skip: mouse_horizontal_move (user interrupted)
[16:59:19] keyboard: key_hold(ctrlleft, (0.5, 1.2)) - 0m48s
[17:00:33] skip: mouse_micro_jitter (user interrupted)
[17:00:38] skip: mouse_reverse_curve (user interrupted)
[17:00:43] skip: mouse_curved_ease_out (user interrupted)
[17:00:48] skip: mouse_zigzag_two_segments (user interrupted)
[17:00:53] skip: mouse_short_move (user interrupted)
[17:00:59] skip: key_triple_tap(ctrl) (user interrupted)
[17:01:04] keyboard: key_tap(shiftright) - 1m44s
[17:01:38] keyboard: key_hold(ctrl, (0.5, 1.2)) - 0m34s
[17:02:17] skip: mouse_horizontal_move (user interrupted)
[17:02:22] skip: mouse_micro_jitter (user interrupted)
[17:02:27] skip: key_sequential_tap(shiftleft, ctrlright) (user interrupted)
[17:02:33] keyboard: key_hold(ctrl, (0.1, 0.4)) - 0m54s
[17:03:34] skip: mouse_random_walk_chain (user interrupted)
[17:03:39] skip: key_sequential_tap(shiftleft, ctrlright) (user interrupted)
[17:03:44] skip: key_lock_toggle(numlock, 2) (user interrupted)
[17:03:49] skip: mouse_curved_ease_in (user interrupted)
[17:03:54] skip: mouse_diagonal_move (user interrupted)
[17:03:59] skip: mouse_zigzag_three_segments (user interrupted)
[17:04:05] skip: key_alt_tab_bounce(8) (user interrupted)
[17:04:10] keyboard: key_tap(shiftleft) - 1m37s
[17:05:07] skip: mouse_vertical_move (user interrupted)
[17:05:12] skip: mouse_zigzag_two_segments (user interrupted)
[17:05:17] skip: key_triple_tap(ctrlright) (user interrupted)
[17:05:22] skip: mouse_random_walk_chain (user interrupted)
[17:05:27] skip: mouse_curved_ease_in (user interrupted)
[17:05:33] skip: key_lock_toggle(numlock, 4) (user interrupted)
[17:05:38] skip: key_sequential_tap(ctrlright, shiftleft) (user interrupted)
[17:05:43] skip: mouse_curved_ease_in (user interrupted)
[17:05:48] skip: key_modifier_medley(4) (user interrupted)
[17:05:54] skip: key_modifier_medley(4) (user interrupted)
[17:05:59] skip: key_lock_toggle(capslock, 4) (user interrupted)
[17:06:04] skip: mouse_zigzag_two_segments (user interrupted)
[17:06:09] skip: mouse_random_walk_chain (user interrupted)
[17:06:14] skip: keyboard (user active)
[17:06:19] skip: keyboard (user active)
[17:06:24] skip: key_sequential_tap(shiftleft, ctrlright) (user interrupted)
[17:06:30] skip: key_triple_tap(shift) (user interrupted)
[17:06:35] skip: key_lock_toggle(capslock, 2) (user interrupted)
[17:06:40] keyboard: key_hold(ctrlright, (0.1, 0.4)) - 2m30s
[17:07:41] keyboard: key_tap(pause) - 1m1s
[17:08:50] skip: key_lock_toggle(numlock, 2) (user interrupted)
[17:08:55] keyboard: key_tap(pause) - 1m13s
[17:09:28] keyboard: key_tap(ctrlleft) - 0m33s
[17:10:43] skip: key_lock_toggle(capslock, 2) (user interrupted)
[17:10:48] skip: mouse_long_move (user interrupted)
[17:10:53] skip: mouse_curved_ease_in_out (user interrupted)
[17:10:58] skip: mouse_zigzag_three_segments (user interrupted)
[17:11:03] skip: mouse_reverse_curve (user interrupted)
[17:11:09] skip: key_alt_tab_bounce(10) (user interrupted)
[17:11:14] keyboard: key_tap(ctrl) - 1m46s
[17:12:15] skip: mouse_medium_move (user interrupted)
[17:12:20] skip: mouse_big_jump (user interrupted)
[17:12:25] skip: mouse_curved_ease_in_out (user interrupted)
[17:12:30] skip: key_triple_tap(ctrlleft) (user interrupted)
[17:12:35] skip: mouse_slow_drift (user interrupted)
[17:12:40] skip: mouse_slow_drift (user interrupted)
[17:12:45] skip: mouse_short_move (user interrupted)
[17:12:51] skip: key_double_tap(pause) (user interrupted)
[17:12:56] skip: mouse_curved_ease_in (user interrupted)
[17:13:01] skip: mouse (user active)
[17:13:06] skip: mouse_micro_jitter (user interrupted)
[17:13:11] skip: key_sequential_tap(ctrl, shift) (user interrupted)
[17:13:16] skip: key_alt_tab_bounce(10) (user interrupted)
[17:13:22] skip: mouse_zigzag_two_segments (user interrupted)
[17:13:27] skip: mouse_random_walk_chain (user interrupted)
[17:13:32] skip: mouse_diagonal_move (user interrupted)
[17:13:37] skip: mouse_fast_flick (user interrupted)
[17:13:42] skip: mouse_curved_ease_out (user interrupted)
[17:13:47] skip: mouse_diagonal_move (user interrupted)
[17:13:52] skip: mouse_short_move (user interrupted)
[17:13:57] skip: key_sequential_tap(shiftleft, ctrlright) (user interrupted)
[17:14:02] skip: mouse_micro_jitter (user interrupted)
[17:14:07] skip: mouse_horizontal_move (user interrupted)
[17:14:12] keyboard: key_tap(ctrlright) - 2m57s
[17:15:04] skip: mouse_reverse_curve (user interrupted)
[17:15:09] skip: mouse_micro_jitter (user interrupted)
[17:15:14] skip: mouse_slow_drift (user interrupted)
[17:15:20] skip: key_alt_tab_bounce(8) (user interrupted)
[17:15:25] keyboard: key_tap(ctrl) - 1m12s
[17:16:18] skip: keyboard (user active)
[17:16:23] skip: mouse_random_walk_chain (user interrupted)
[17:16:28] skip: mouse_micro_jitter (user interrupted)
[17:16:33] skip: mouse_reverse_curve (user interrupted)
[17:16:38] skip: mouse_long_move (user interrupted)
[17:16:43] skip: key_double_tap(ctrlleft) (user interrupted)
[17:16:48] skip: key_sequential_tap(shiftright, ctrlleft) (user interrupted)
[17:16:53] skip: mouse_tiny_step (user interrupted)
[17:16:58] skip: mouse_zigzag_three_segments (user interrupted)
[17:17:04] skip: key_triple_tap(ctrlright) (user interrupted)
[17:17:09] skip: keyboard (user active)
[17:17:14] skip: keyboard (user active)
[17:17:19] skip: keyboard (user active)
[17:17:24] keyboard: key_hold(shiftleft, (0.1, 0.4)) - 1m58s
[17:18:24] skip: mouse_long_diagonal_sweep (user interrupted)
[17:18:29] skip: mouse_medium_move (user interrupted)
[17:18:34] keyboard: key_hold(shiftleft, (0.1, 0.4)) - 1m10s
[17:19:16] keyboard: key_tap(ctrl) - 0m42s
[17:20:04] skip: mouse_diagonal_move (user interrupted)
[17:20:09] skip: mouse_micro_jitter (user interrupted)
[17:20:14] skip: mouse_diagonal_move (user interrupted)
[17:20:19] keyboard: key_hold(shift, (0.1, 0.4)) - 1m3s
[17:21:24] skip: mouse (user active)
[17:21:29] skip: keyboard (user active)
[17:21:34] skip: mouse (user active)
[17:21:40] skip: key_triple_tap(shiftleft) (user interrupted)
[17:21:45] skip: keyboard (user active)
[17:21:50] skip: key_lock_toggle(capslock, 2) (user interrupted)
[17:21:55] skip: mouse_fast_flick (user interrupted)
[17:22:00] skip: mouse_fast_flick (user interrupted)
[17:22:05] skip: key_modifier_medley(4) (user interrupted)
[17:22:10] skip: mouse_long_diagonal_sweep (user interrupted)
[17:22:15] skip: mouse_horizontal_move (user interrupted)
[17:22:21] skip: key_double_tap(pause) (user interrupted)
[17:22:26] skip: mouse_curved_ease_in (user interrupted)
[17:22:31] skip: mouse_tiny_step (user interrupted)
[17:22:36] keyboard: key_hold(ctrlleft, (0.5, 1.2)) - 2m16s
[17:23:14] keyboard: key_hold(ctrlleft, (0.5, 1.2)) - 0m38s
[17:24:08] skip: key_triple_tap(shiftleft) (user interrupted)
[17:24:13] skip: mouse_curved_ease_in (user interrupted)
[17:24:18] skip: mouse_random_walk_chain (user interrupted)
[17:24:24] keyboard: key_hold(shift, (0.5, 1.2)) - 1m9s
[17:25:05] skip: mouse_slow_wide_drift (user interrupted)
[17:25:10] skip: keyboard (user active)
[17:25:15] skip: keyboard (user active)
[17:25:20] skip: mouse (user active)
[17:25:25] skip: keyboard (user active)
[17:25:30] skip: mouse_random_walk_chain (user interrupted)
[17:25:35] skip: key_double_tap(pause) (user interrupted)
[17:25:40] skip: mouse_random_walk_chain (user interrupted)
[17:25:45] keyboard: key_tap(ctrlleft) - 1m21s
[17:26:56] skip: mouse_short_move (user interrupted)
[17:27:01] skip: mouse_tiny_step (user interrupted)
[17:27:06] skip: mouse (user active)
[17:27:11] skip: mouse (user active)
[17:27:16] skip: mouse_short_move (user interrupted)
[17:27:21] skip: mouse (user active)
[17:27:26] skip: mouse (user active)
[17:27:31] skip: mouse (user active)
[17:27:36] skip: mouse_curved_ease_in (user interrupted)
[17:27:41] keyboard: key_hold(ctrl, (0.5, 1.2)) - 1m56s
[17:28:40] skip: mouse_slow_drift (user interrupted)
[17:28:45] skip: mouse_horizontal_move (user interrupted)
[17:28:50] skip: mouse_tiny_step (user interrupted)
[17:28:56] skip: key_double_tap(shiftleft) (user interrupted)
[17:29:01] skip: mouse_horizontal_move (user interrupted)
[17:29:06] skip: mouse_curved_ease_in_out (user interrupted)
[17:29:11] skip: mouse_zigzag_two_segments (user interrupted)
[17:29:16] skip: mouse_slow_wide_drift (user interrupted)
[17:29:21] skip: mouse_horizontal_move (user interrupted)
[17:29:26] skip: mouse_zigzag_three_segments (user interrupted)
[17:29:31] skip: key_double_tap(shiftleft) (user interrupted)
[17:29:36] skip: key_sequential_tap(ctrl, shift) (user interrupted)
[17:29:41] skip: mouse_long_move (user interrupted)
[17:29:46] skip: mouse_medium_move (user interrupted)
[17:29:52] skip: key_double_tap(shiftleft) (user interrupted)
[17:29:57] keyboard: key_hold(shift, (0.5, 1.2)) - 2m15s
[17:31:11] skip: mouse_random_walk_chain (user interrupted)
[17:31:16] keyboard: key_tap(ctrlleft) - 1m19s
[17:31:54] skip: mouse_fast_flick (user interrupted)
[17:31:59] keyboard: key_hold(ctrl, (0.1, 0.4)) - 0m43s
[17:32:43] keyboard: key_tap(shiftleft) - 0m44s
[17:33:58] keyboard: key_hold(shift, (0.1, 0.4)) - 1m15s
[17:35:08] skip: mouse_long_move (user interrupted)
[17:35:13] skip: mouse_zigzag_three_segments (user interrupted)
[17:35:19] skip: key_lock_toggle(numlock, 2) (user interrupted)
[17:35:24] skip: mouse_long_diagonal_sweep (user interrupted)
[17:35:29] keyboard: key_hold(shiftleft, (0.1, 0.4)) - 1m30s
[17:36:21] skip: mouse_long_diagonal_sweep (user interrupted)
[17:36:26] keyboard: key_hold(ctrl, (0.1, 0.4)) - 0m57s
[17:37:23] skip: mouse_curved_ease_in (user interrupted)
[17:37:28] skip: mouse_long_diagonal_sweep (user interrupted)
[17:37:34] skip: key_double_tap(ctrl) (user interrupted)
[17:37:39] skip: key_lock_toggle(capslock, 4) (user interrupted)
[17:37:44] keyboard: key_hold(ctrl, (0.1, 0.4)) - 1m17s
[17:38:57] skip: mouse_zigzag_three_segments (user interrupted)
[17:39:03] skip: key_alt_tab_bounce(6) (user interrupted)
[17:39:08] skip: mouse_zigzag_three_segments (user interrupted)
[17:39:13] skip: mouse_long_move (user interrupted)
[17:39:18] keyboard: key_hold(shift, (0.5, 1.2)) - 1m33s
[17:40:23] keyboard: key_tap(ctrl) - 1m5s
[17:41:30] skip: key_sequential_tap(ctrlright, shiftleft) (user interrupted)
[17:41:36] keyboard: key_hold(ctrlleft, (0.5, 1.2)) - 1m12s
[17:42:10] skip: key_double_tap(shiftright) (user interrupted)
[17:42:15] skip: mouse_horizontal_move (user interrupted)
[17:42:20] skip: mouse_slow_wide_drift (user interrupted)
[17:42:25] skip: mouse_reverse_curve (user interrupted)
[17:42:30] skip: key_alt_tab_bounce(10) (user interrupted)
[17:42:35] skip: mouse_short_move (user interrupted)
[17:42:41] skip: key_lock_toggle(numlock, 2) (user interrupted)
[17:42:46] skip: key_lock_toggle(numlock, 4) (user interrupted)
[17:42:51] skip: key_lock_toggle(capslock, 4) (user interrupted)
[17:42:57] skip: key_sequential_tap(shift, ctrl) (user interrupted)
[17:43:02] skip: mouse_big_jump (user interrupted)
[17:43:07] skip: mouse_vertical_move (user interrupted)
[17:43:12] keyboard: key_tap(ctrlright) - 1m36s
[17:44:13] skip: key_triple_tap(shiftleft) (user interrupted)
[17:44:18] skip: mouse (user active)
[17:44:23] keyboard: key_hold(shift, (0.5, 1.2)) - 1m11s
[17:45:17] skip: keyboard (user active)
[17:45:22] skip: keyboard (user active)
[17:45:27] skip: keyboard (user active)
[17:45:32] skip: mouse (user active)
[17:45:37] skip: keyboard (user active)
[17:45:42] skip: mouse (user active)
[17:45:47] skip: keyboard (user active)
[17:45:52] skip: keyboard (user active)
[17:45:57] skip: mouse (user active)
[17:46:02] skip: keyboard (user active)
[17:46:07] skip: keyboard (user active)
[17:46:12] skip: keyboard (user active)
[17:46:17] skip: mouse (user active)
[17:46:22] skip: mouse_diagonal_move (user interrupted)
[17:46:27] skip: keyboard (user active)
[17:46:32] skip: mouse (user active)
[17:46:37] skip: keyboard (user active)
[17:46:42] skip: mouse (user active)
[17:46:47] skip: keyboard (user active)
[17:46:52] skip: keyboard (user active)
[17:46:57] skip: mouse (user active)
[17:47:02] skip: keyboard (user active)
[17:47:07] skip: keyboard (user active)
[17:47:12] skip: mouse_long_move (user interrupted)
[17:47:17] skip: keyboard (user active)
[17:47:22] skip: keyboard (user active)
[17:47:27] skip: mouse (user active)
[17:47:32] skip: mouse (user active)
[17:47:37] skip: keyboard (user active)
[17:47:42] skip: keyboard (user active)
[17:47:47] skip: mouse (user active)
[17:47:52] skip: keyboard (user active)
[17:47:57] skip: mouse (user active)
[17:48:02] skip: mouse (user active)
[17:48:07] skip: mouse_fast_flick (user interrupted)
[17:48:12] skip: keyboard (user active)
[17:48:17] skip: mouse (user active)
[17:48:22] skip: mouse (user active)
[17:48:27] skip: keyboard (user active)
[17:48:32] skip: keyboard (user active)
[17:48:37] skip: keyboard (user active)
[17:48:42] skip: mouse_random_walk_chain (user interrupted)
[17:48:48] keyboard: key_hold(ctrl, (0.5, 1.2)) - 4m24s
[17:49:56] skip: keyboard (user active)
[17:50:01] skip: mouse (user active)
[17:50:06] skip: keyboard (user active)
[17:50:11] skip: mouse (user active)
[17:50:16] skip: keyboard (user active)
[17:50:21] skip: keyboard (user active)
[17:50:26] skip: keyboard (user active)
[17:50:31] skip: mouse (user active)
[17:50:36] skip: keyboard (user active)
[17:50:41] skip: mouse (user active)
[17:50:46] skip: keyboard (user active)
[17:50:51] skip: mouse (user active)
[17:50:56] skip: mouse (user active)
[17:51:01] skip: keyboard (user active)
[17:51:06] skip: keyboard (user active)
[17:51:11] skip: mouse (user active)
[17:51:16] keyboard: key_hold(ctrlleft, (0.5, 1.2)) - 2m28s
[17:51:49] keyboard: key_hold(ctrl, (0.5, 1.2)) - 0m33s
[17:52:44] skip: mouse (user active)
[17:52:49] skip: mouse_vertical_move (user interrupted)
[17:52:54] skip: keyboard (user active)
[17:52:59] skip: mouse (user active)
[17:53:04] skip: mouse (user active)
[17:53:09] skip: keyboard (user active)
[17:53:14] skip: key_lock_toggle(capslock, 4) (user interrupted)
[17:53:20] skip: key_lock_toggle(numlock, 2) (user interrupted)
[17:53:25] skip: key_triple_tap(shift) (user interrupted)
[17:53:30] skip: mouse_fast_flick (user interrupted)
[17:53:35] skip: mouse_zigzag_three_segments (user interrupted)
[17:53:40] skip: keyboard (user active)
[17:53:45] skip: keyboard (user active)
[17:53:50] skip: mouse (user active)
[17:53:55] skip: mouse (user active)
[17:54:00] skip: mouse (user active)
[17:54:05] skip: mouse (user active)
[17:54:10] skip: keyboard (user active)
[17:54:15] skip: keyboard (user active)
[17:54:20] skip: keyboard (user active)
[17:54:25] skip: keyboard (user active)
[17:54:30] skip: mouse_tiny_step (user interrupted)
[17:54:35] skip: keyboard (user active)
[17:54:40] skip: keyboard (user active)
[17:54:45] skip: keyboard (user active)
[17:54:50] skip: key_triple_tap(shiftright) (user interrupted)
[17:54:55] skip: keyboard (user active)
[17:55:00] skip: mouse (user active)
[17:55:05] skip: key_double_tap(shiftleft) (user interrupted)
[17:55:10] skip: keyboard (user active)
[17:55:15] skip: mouse (user active)
[17:55:20] skip: mouse (user active)
[17:55:25] skip: keyboard (user active)
[17:55:30] skip: keyboard (user active)
[17:55:35] skip: keyboard (user active)
[17:55:41] keyboard: key_hold(shift, (0.1, 0.4)) - 3m51s
[17:56:16] skip: keyboard (user active)
[17:56:21] skip: keyboard (user active)
[17:56:26] skip: key_double_tap(shift) (user interrupted)
[17:56:31] skip: key_triple_tap(shiftleft) (user interrupted)
[17:56:36] skip: mouse (user active)
[17:56:41] skip: keyboard (user active)
[17:56:47] skip: key_double_tap(ctrl) (user interrupted)
[17:56:52] skip: mouse (user active)
[17:56:57] skip: mouse (user active)
[17:57:02] skip: mouse (user active)
[17:57:07] keyboard: key_hold(ctrlleft, (0.1, 0.4)) - 1m25s
[17:58:06] skip: keyboard (user active)
[17:58:11] skip: mouse_reverse_curve (user interrupted)
[17:58:16] skip: mouse_slow_wide_drift (user interrupted)
[17:58:21] skip: mouse_reverse_curve (user interrupted)
[17:58:26] skip: mouse_curved_ease_in (user interrupted)
[17:58:31] skip: mouse (user active)
[17:58:36] skip: mouse_random_walk_chain (user interrupted)
[17:58:41] skip: mouse_random_walk_chain (user interrupted)
[17:58:46] skip: key_lock_toggle(numlock, 2) (user interrupted)
[17:58:51] skip: keyboard (user active)
[17:58:57] skip: key_lock_toggle(scrolllock, 2) (user interrupted)
[17:59:02] skip: mouse (user active)
[17:59:07] skip: mouse (user active)
[17:59:12] skip: keyboard (user active)
[17:59:17] skip: keyboard (user active)
[17:59:22] skip: mouse (user active)
[17:59:27] skip: keyboard (user active)
[17:59:32] skip: mouse (user active)
[17:59:37] skip: mouse_curved_ease_in_out (user interrupted)
[17:59:42] skip: key_double_tap(ctrlright) (user interrupted)
[17:59:47] skip: mouse (user active)
[17:59:52] skip: mouse (user active)
[17:59:57] skip: mouse_random_walk_chain (user interrupted)
[18:00:02] skip: keyboard (user active)
[18:00:07] skip: mouse (user active)
[18:00:12] skip: keyboard (user active)
[18:00:17] skip: mouse (user active)
[18:00:22] skip: mouse_vertical_move (user interrupted)
[18:00:27] skip: mouse (user active)
[18:00:32] skip: keyboard (user active)
[18:00:37] skip: keyboard (user active)
[18:00:42] skip: keyboard (user active)
[18:00:47] skip: mouse_horizontal_move (user interrupted)
[18:00:52] skip: mouse_fast_flick (user interrupted)
[18:00:57] skip: mouse_long_diagonal_sweep (user interrupted)
[18:01:02] skip: mouse_long_move (user interrupted)
[18:01:07] skip: key_double_tap(pause) (user interrupted)
[18:01:13] skip: key_lock_toggle(capslock, 4) (user interrupted)
[18:01:18] skip: mouse_short_move (user interrupted)
[18:01:23] skip: mouse_random_walk_chain (user interrupted)
[18:01:28] keyboard: key_tap(shiftright) - 4m20s
[18:02:06] keyboard: key_tap(shiftright) - 0m38s
[18:02:56] skip: mouse (user active)
[18:03:01] skip: mouse (user active)
[18:03:06] skip: mouse (user active)
[18:03:11] skip: keyboard (user active)
[18:03:16] skip: keyboard (user active)
[18:03:21] skip: mouse (user active)
[18:03:26] skip: mouse (user active)
[18:03:31] skip: mouse (user active)
[18:03:36] skip: mouse (user active)
[18:03:41] skip: mouse (user active)
[18:03:46] skip: mouse (user active)
[18:03:51] skip: keyboard (user active)
[18:03:56] skip: mouse (user active)
[18:04:01] skip: keyboard (user active)
[18:04:06] skip: keyboard (user active)
[18:04:11] skip: mouse (user active)
[18:04:16] skip: keyboard (user active)
[18:04:21] skip: mouse (user active)
[18:04:26] skip: keyboard (user active)
[18:04:31] skip: mouse (user active)
[18:04:36] skip: mouse (user active)
[18:04:41] skip: mouse (user active)
[18:04:46] skip: mouse (user active)
[18:04:51] skip: keyboard (user active)
[18:04:56] skip: mouse (user active)
[18:05:01] skip: keyboard (user active)
[18:05:06] skip: mouse (user active)
[18:05:11] skip: keyboard (user active)
[18:05:16] skip: key_double_tap(ctrl) (user interrupted)
[18:05:21] skip: mouse_long_diagonal_sweep (user interrupted)
[18:05:26] skip: key_lock_toggle(numlock, 4) (user interrupted)
[18:05:31] keyboard: key_tap(shiftleft) - 3m25s [Battery]
[18:06:25] skip: mouse (user active)
[18:06:30] skip: mouse_micro_jitter (user interrupted)
[18:06:35] skip: mouse_micro_jitter (user interrupted)
[18:06:40] skip: key_sequential_tap(ctrlleft, shiftright) (user interrupted)
[18:06:45] skip: key_sequential_tap(ctrlright, shiftleft) (user interrupted)
[18:06:51] skip: key_sequential_tap(ctrlright, shiftleft) (user interrupted)
[18:06:56] keyboard: key_hold(ctrl, (0.5, 1.2)) - 1m24s [Battery]
[18:08:48] skip: keyboard (user active)
[18:08:53] skip: mouse_zigzag_three_segments (user interrupted)
[18:08:58] skip: mouse_vertical_move (user interrupted)
[18:09:03] skip: mouse (user active)
[18:09:08] skip: mouse (user active)
[18:09:13] skip: mouse (user active)
[18:09:18] skip: keyboard (user active)
[18:09:23] skip: keyboard (user active)
[18:09:28] skip: mouse_long_move (user interrupted)
[18:09:33] skip: keyboard (user active)
[18:09:38] skip: mouse (user active)
[18:09:43] skip: mouse (user active)
[18:09:48] skip: mouse (user active)
[18:09:53] skip: mouse (user active)
[18:09:58] skip: mouse (user active)
[18:10:03] skip: mouse (user active)
[18:10:08] skip: keyboard (user active)
[18:10:13] skip: keyboard (user active)
[18:10:18] skip: key_modifier_medley(4) (user interrupted)
[18:10:23] skip: key_sequential_tap(shift, ctrl) (user interrupted)
[18:10:28] skip: mouse_curved_ease_out (user interrupted)
[18:10:33] skip: keyboard (user active)
[18:10:38] skip: mouse (user active)
[18:10:43] skip: keyboard (user active)
[18:10:49] skip: key_sequential_tap(shiftleft, ctrlright) (user interrupted)
[18:10:54] skip: mouse_long_move (user interrupted)
[18:10:59] skip: mouse_zigzag_three_segments (user interrupted)
[18:11:04] skip: key_double_tap(ctrl) (user interrupted)
[18:11:09] skip: mouse_horizontal_move (user interrupted)
[18:11:14] skip: mouse_medium_move (user interrupted)
[18:11:19] keyboard: key_hold(shift, (0.1, 0.4)) - 4m23s [Battery]
[18:12:22] skip: keyboard (user active)
[18:12:27] skip: keyboard (user active)
[18:12:32] skip: keyboard (user active)
[18:12:38] skip: key_lock_toggle(capslock, 2) (user interrupted)
[18:12:43] skip: key_sequential_tap(ctrlleft, shiftright) (user interrupted)
[18:12:48] skip: key_lock_toggle(numlock, 4) (user interrupted)
[18:12:53] skip: mouse_curved_ease_out (user interrupted)
[18:12:58] skip: mouse_curved_ease_in_out (user interrupted)
[18:13:03] skip: key_lock_toggle(numlock, 4) (user interrupted)
[18:13:09] keyboard: key_hold(ctrlright, (0.1, 0.4)) - 1m49s [Battery]
[18:14:41] keyboard: key_tap(shift) - 1m32s [Battery]
[18:16:32] skip: mouse_horizontal_move (user interrupted)
[18:16:37] skip: mouse_horizontal_move (user interrupted)
[18:16:42] skip: mouse_zigzag_three_segments (user interrupted)
[18:16:47] keyboard: key_hold(shiftleft, (0.1, 0.4)) - 2m6s [Battery]
[18:18:18] skip: mouse (user active)
[18:18:23] skip: mouse (user active)
[18:18:28] keyboard: key_hold(shift, (0.1, 0.4)) - 1m41s [Battery]
[18:20:14] skip: mouse_tiny_step (user interrupted)
[18:20:19] skip: mouse (user active)
[18:20:25] skip: key_sequential_tap(ctrlright, shiftleft) (user interrupted)
[18:20:30] skip: mouse_medium_move (user interrupted)
[18:20:35] skip: mouse_fast_flick (user interrupted)
[18:20:40] keyboard: key_tap(ctrlright) - 2m11s [Battery]
[18:21:42] skip: mouse_fast_flick (user interrupted)
[18:21:47] skip: mouse_medium_move (user interrupted)
[18:21:52] skip: mouse_curved_ease_in_out (user interrupted)
[18:21:57] skip: mouse_long_move (user interrupted)
[18:22:02] skip: mouse_micro_jitter (user interrupted)
[18:22:07] skip: mouse_curved_ease_in_out (user interrupted)
[18:22:12] skip: mouse (user active)
[18:22:17] skip: mouse (user active)
[18:22:22] skip: keyboard (user active)
[18:22:27] skip: mouse (user active)
[18:22:32] skip: mouse_vertical_move (user interrupted)
[18:22:37] skip: keyboard (user active)
[18:22:42] skip: keyboard (user active)
[18:22:47] skip: mouse_curved_ease_in (user interrupted)
[18:22:52] skip: key_alt_tab_bounce(6) (user interrupted)
[18:22:57] skip: mouse (user active)
[18:23:02] skip: mouse (user active)
[18:23:07] skip: keyboard (user active)
[18:23:12] skip: keyboard (user active)
[18:23:17] skip: mouse (user active)
[18:23:22] keyboard: key_hold(ctrlright, (0.5, 1.2)) - 2m42s [Battery]
[17:07:03] App Pro started.
[17:07:03] Mode: both | Schedule: 10:00-19:30 Mon-Fri (Active)
[17:08:45] skip: key_lock_toggle(scrolllock, 2) (user interrupted)
[17:08:50] keyboard: key_tap(shiftright) - 1m46s [Battery]
[17:10:16] skip: key_double_tap(ctrl) (user interrupted)
[17:10:21] skip: mouse_reverse_curve (user interrupted)
[17:10:26] skip: key_sequential_tap(shift, ctrl) (user interrupted)
[17:10:31] skip: mouse_horizontal_move (user interrupted)
[17:10:36] skip: mouse_vertical_move (user interrupted)
[17:10:41] skip: mouse_zigzag_three_segments (user interrupted)
[17:10:47] skip: key_lock_toggle(capslock, 2) (user interrupted)
[17:10:52] skip: mouse_reverse_curve (user interrupted)
[17:10:57] skip: mouse_long_diagonal_sweep (user interrupted)
[17:11:02] skip: key_alt_tab_bounce(2) (user interrupted)
[17:11:07] skip: mouse_curved_ease_in_out (user interrupted)
[17:11:12] keyboard: key_tap(pause) - 2m22s [Battery]
[17:12:40] skip: key_sequential_tap(ctrlright, shiftleft) (user interrupted)
[17:12:45] skip: mouse_diagonal_move (user interrupted)
[17:12:50] keyboard: key_tap(ctrl) - 1m37s [Battery]
[17:13:36] skip: key_modifier_medley(4) (user interrupted)
[17:13:41] skip: mouse_zigzag_three_segments (user interrupted)
[17:13:46] skip: mouse_zigzag_two_segments (user interrupted)
[17:13:51] skip: mouse_tiny_step (user interrupted)
[17:13:56] keyboard: key_hold(shiftleft, (0.1, 0.4)) - 1m6s [Battery]
[17:15:11] skip: mouse_slow_drift (user interrupted)
[17:15:16] skip: mouse_random_walk_chain (user interrupted)
[17:15:21] skip: mouse_long_move (user interrupted)
[17:15:26] skip: mouse_reverse_curve (user interrupted)
[17:15:31] skip: mouse_tiny_step (user interrupted)
[17:15:36] skip: mouse_tiny_step (user interrupted)
[17:15:42] skip: key_triple_tap(ctrl) (user interrupted)
[17:15:47] keyboard: key_tap(ctrl) - 1m50s [Battery]
[17:16:33] skip: mouse_short_move (user interrupted)
[17:16:38] skip: key_sequential_tap(ctrlright, shiftleft) (user interrupted)
[17:16:43] skip: key_triple_tap(ctrlleft) (user interrupted)
[17:16:48] skip: mouse_random_walk_chain (user interrupted)
[17:16:53] skip: mouse_medium_move (user interrupted)
[17:16:59] skip: key_modifier_medley(4) (user interrupted)
[17:17:04] skip: mouse_tiny_step (user interrupted)
[17:17:09] keyboard: key_tap(ctrl) - 1m22s [Battery]
[17:18:24] skip: key_sequential_tap(ctrl, shift) (user interrupted)
[17:18:29] skip: mouse_zigzag_two_segments (user interrupted)
[17:18:34] skip: mouse_tiny_step (user interrupted)
[17:18:39] keyboard: key_hold(ctrlleft, (0.5, 1.2)) - 1m30s [Battery]
[17:19:35] skip: key_lock_toggle(numlock, 2) (user interrupted)
[17:19:40] skip: mouse_reverse_curve (user interrupted)
[17:19:45] skip: mouse_curved_ease_out (user interrupted)
[17:19:50] skip: key_triple_tap(ctrl) (user interrupted)
[17:19:55] skip: key_lock_toggle(capslock, 2) (user interrupted)
[17:20:00] keyboard: key_tap(shiftleft) - 1m20s [Battery]
[17:21:35] skip: mouse_reverse_curve (user interrupted)
[17:21:41] keyboard: key_hold(shift, (0.5, 1.2)) - 1m40s [Battery]
[17:23:15] keyboard: key_hold(ctrl, (0.5, 1.2)) - 1m34s [Battery]
[17:24:54] keyboard: key_tap(shift) - 1m39s [Battery]
[17:26:10] skip: mouse_zigzag_two_segments (user interrupted)
[17:26:15] skip: mouse_zigzag_two_segments (user interrupted)
[17:26:20] keyboard: key_hold(ctrlright, (0.5, 1.2)) - 1m26s [Battery]
[17:27:10] skip: mouse_fast_flick (user interrupted)
[17:27:15] skip: mouse_zigzag_three_segments (user interrupted)
[17:27:20] skip: key_sequential_tap(shiftright, ctrlleft) (user interrupted)
[17:27:25] skip: mouse_big_jump (user interrupted)
[17:27:31] skip: key_sequential_tap(ctrlright, shiftleft) (user interrupted)
[17:27:36] skip: mouse_tiny_step (user interrupted)
[17:27:41] skip: mouse_medium_move (user interrupted)
[17:27:46] skip: mouse_random_walk_chain (user interrupted)
[17:27:51] skip: mouse_zigzag_two_segments (user interrupted)
[17:27:56] keyboard: key_hold(shiftleft, (0.5, 1.2)) - 1m35s [Battery]
[17:28:56] skip: key_double_tap(shift) (user interrupted)
[17:29:01] skip: mouse_tiny_step (user interrupted)
[17:29:07] skip: key_double_tap(shiftleft) (user interrupted)
[17:29:12] keyboard: key_hold(shiftright, (0.1, 0.4)) - 1m15s [Battery]
[17:30:46] skip: key_sequential_tap(shiftleft, ctrlright) (user interrupted)
[17:30:51] skip: mouse_slow_wide_drift (user interrupted)
[17:30:56] skip: mouse_short_move (user interrupted)
[17:31:01] skip: mouse_fast_flick (user interrupted)
[17:31:06] keyboard: key_hold(ctrl, (0.1, 0.4)) - 1m54s [Battery]
[17:32:50] keyboard: key_hold(ctrl, (0.5, 1.2)) - 1m43s [Battery]
[17:34:04] keyboard: key_hold(shiftright, (0.5, 1.2)) - 1m14s [Battery]
[17:35:09] keyboard: key_hold(ctrlleft, (0.1, 0.4)) - 1m5s [Battery]
[17:36:06] skip: mouse_curved_ease_in (user interrupted)
[17:36:11] skip: mouse_horizontal_move (user interrupted)
[17:36:16] skip: mouse_short_move (user interrupted)
[17:36:21] skip: key_triple_tap(shiftright) (user interrupted)
[17:36:26] keyboard: key_hold(shift, (0.5, 1.2)) - 1m17s [Battery]
[17:37:34] skip: key_sequential_tap(ctrlleft, shiftright) (user interrupted)
[17:37:39] skip: mouse_curved_ease_in_out (user interrupted)
[17:37:44] skip: key_double_tap(ctrl) (user interrupted)
[17:37:49] skip: mouse_curved_ease_in (user interrupted)
[17:37:54] skip: mouse_curved_ease_in (user interrupted)
[17:37:59] skip: key_lock_toggle(capslock, 2) (user interrupted)
[17:38:04] skip: key_double_tap(shift) (user interrupted)
[17:38:10] skip: key_double_tap(shiftleft) (user interrupted)
[17:38:15] skip: mouse_fast_flick (user interrupted)
[17:38:20] skip: mouse_curved_ease_in (user interrupted)
[17:38:25] skip: mouse_curved_ease_out (user interrupted)
[17:38:30] skip: mouse_short_move (user interrupted)
[17:38:35] keyboard: key_hold(shiftright, (0.1, 0.4)) - 2m8s [Battery]
[17:40:22] keyboard: key_hold(shiftleft, (0.5, 1.2)) - 1m47s [Battery]
[17:41:29] keyboard: key_tap(ctrl) - 1m7s [Battery]
[17:43:13] skip: key_sequential_tap(ctrlright, shiftleft) (user interrupted)
[17:43:18] skip: mouse_big_jump (user interrupted)
[17:43:23] skip: mouse_zigzag_three_segments (user interrupted)
[17:43:28] skip: key_sequential_tap(ctrl, shift) (user interrupted)
[17:43:33] skip: mouse_tiny_step (user interrupted)
[17:43:38] keyboard: key_hold(shift, (0.5, 1.2)) - 2m8s [Battery]
[17:45:18] skip: mouse_vertical_move (user interrupted)
[17:45:24] skip: key_triple_tap(shiftleft) (user interrupted)
[17:45:29] skip: mouse_long_diagonal_sweep (user interrupted)
[17:45:34] skip: mouse_medium_move (user interrupted)
[17:45:39] skip: mouse_horizontal_move (user interrupted)
[17:45:44] skip: key_triple_tap(shiftright) (user interrupted)
[17:45:49] skip: mouse_curved_ease_in (user interrupted)
[17:45:54] skip: key_double_tap(shiftright) (user interrupted)
[17:45:59] keyboard: key_hold(ctrl, (0.1, 0.4)) - 2m20s [Battery]
[17:47:10] skip: mouse_curved_ease_in (user interrupted)
[17:47:16] skip: key_alt_tab_bounce(6) (user interrupted)
[17:47:21] skip: key_alt_tab_bounce(10) (user interrupted)
[17:47:26] skip: mouse_short_move (user interrupted)
[17:47:31] skip: mouse_curved_ease_out (user interrupted)
[17:47:36] skip: mouse_horizontal_move (user interrupted)
[17:47:41] skip: mouse_zigzag_three_segments (user interrupted)
[17:47:46] skip: mouse_tiny_step (user interrupted)
[17:47:52] skip: key_sequential_tap(shift, ctrl) (user interrupted)
[17:47:57] keyboard: key_hold(ctrl, (0.1, 0.4)) - 1m57s [Battery]
[17:49:13] skip: key_sequential_tap(shiftright, ctrlleft) (user interrupted)
[17:49:18] skip: key_modifier_medley(2) (user interrupted)
[17:49:23] keyboard: key_hold(ctrlleft, (0.5, 1.2)) - 1m26s [Battery]
[17:50:21] skip: mouse_diagonal_move (user interrupted)
[17:50:26] skip: key_double_tap(shiftright) (user interrupted)
[17:50:31] skip: mouse_big_jump (user interrupted)
[17:50:36] keyboard: key_hold(ctrlleft, (0.5, 1.2)) - 1m12s [Battery]
[17:52:20] skip: mouse (user active)
[17:52:25] skip: key_double_tap(ctrl) (user interrupted)
[17:52:30] keyboard: key_hold(ctrlright, (0.1, 0.4)) - 1m54s [Battery]
[17:53:39] skip: mouse (user active)
[17:53:44] skip: keyboard (user active)
[17:53:49] skip: keyboard (user active)
[17:53:54] skip: mouse (user active)
[17:53:59] skip: keyboard (user active)
[17:54:04] skip: keyboard (user active)
[17:54:09] skip: keyboard (user active)
[17:54:14] skip: mouse (user active)
[17:54:19] skip: keyboard (user active)
[17:54:24] skip: keyboard (user active)
[17:54:29] skip: keyboard (user active)
[17:54:34] skip: mouse_medium_move (user interrupted)
[17:54:39] skip: keyboard (user active)
[17:54:44] skip: mouse (user active)
[17:54:49] skip: keyboard (user active)
[17:54:54] skip: keyboard (user active)
[17:54:59] skip: keyboard (user active)
[17:55:05] skip: key_double_tap(shiftright) (user interrupted)
[17:55:10] skip: mouse_zigzag_three_segments (user interrupted)
[17:55:15] keyboard: key_hold(shift, (0.5, 1.2)) - 2m44s
[17:55:49] keyboard: key_hold(ctrlleft, (0.5, 1.2)) - 0m34s
[17:56:35] keyboard: key_tap(ctrlright) - 0m46s
[17:57:47] skip: mouse_long_diagonal_sweep (user interrupted)
[17:57:52] skip: mouse (user active)
[17:57:57] skip: keyboard (user active)
[17:58:02] skip: mouse (user active)
[17:58:07] skip: mouse_random_walk_chain (user interrupted)
[17:58:12] skip: keyboard (user active)
[17:58:17] skip: mouse_micro_jitter (user interrupted)
[17:58:22] skip: mouse (user active)
[17:58:27] skip: mouse_curved_ease_in (user interrupted)
[17:58:32] skip: mouse_micro_jitter (user interrupted)
[17:58:37] skip: keyboard (user active)
[17:58:42] skip: keyboard (user active)
[17:58:47] skip: keyboard (user active)
[17:58:52] skip: mouse (user active)
[17:58:57] skip: mouse (user active)
[17:59:02] skip: mouse_medium_move (user interrupted)
[17:59:07] skip: mouse_zigzag_three_segments (user interrupted)
[17:59:13] keyboard: key_hold(shiftright, (0.1, 0.4)) - 2m37s
[18:00:17] keyboard: key_hold(ctrlright, (0.5, 1.2)) - 1m4s
[18:01:07] skip: mouse_vertical_move (user interrupted)
[18:01:12] skip: keyboard (user active)
[18:01:17] skip: mouse_slow_drift (user interrupted)
[18:01:22] skip: mouse (user active)
[18:01:27] keyboard: key_tap(shift) - 1m10s
[18:02:25] skip: key_sequential_tap(ctrl, shift) (user interrupted)
[18:02:30] skip: key_double_tap(pause) (user interrupted)
[18:02:35] skip: mouse_tiny_step (user interrupted)
[18:02:41] skip: key_double_tap(ctrl) (user interrupted)
[18:02:46] skip: mouse_slow_wide_drift (user interrupted)
[18:02:51] keyboard: key_tap(pause) - 1m23s
[18:03:38] skip: mouse_zigzag_two_segments (user interrupted)
[18:03:43] skip: mouse_curved_ease_out (user interrupted)
[18:03:48] skip: key_sequential_tap(ctrlright, shiftleft) (user interrupted)
[18:03:53] skip: key_double_tap(ctrl) (user interrupted)
[18:03:59] skip: key_sequential_tap(shiftleft, ctrlright) (user interrupted)
[18:04:04] skip: key_alt_tab_bounce(2) (user interrupted)
[18:04:09] skip: key_modifier_medley(2) (user interrupted)
[18:04:14] skip: mouse_slow_drift (user interrupted)
[18:04:20] skip: key_sequential_tap(shiftleft, ctrlright) (user interrupted)
[18:04:25] skip: key_lock_toggle(numlock, 2) (user interrupted)
[18:04:31] skip: key_lock_toggle(numlock, 4) (user interrupted)
[18:04:36] skip: mouse_vertical_move (user interrupted)
[18:04:41] skip: mouse_curved_ease_in_out (user interrupted)
[18:04:46] skip: mouse_diagonal_move (user interrupted)
[18:04:51] skip: mouse_zigzag_three_segments (user interrupted)
[18:04:56] keyboard: key_tap(shiftright) - 2m4s
[18:05:32] skip: key_double_tap(shiftright) (user interrupted)
[18:05:37] skip: mouse_micro_jitter (user interrupted)
[18:05:42] skip: mouse_big_jump (user interrupted)
[18:05:47] skip: mouse_diagonal_move (user interrupted)
[18:05:52] skip: mouse_random_walk_chain (user interrupted)
[18:05:57] skip: mouse_random_walk_chain (user interrupted)
[18:06:02] skip: mouse_vertical_move (user interrupted)
[18:06:07] skip: key_double_tap(shiftright) (user interrupted)
[18:06:13] keyboard: key_hold(shiftleft, (0.5, 1.2)) - 1m16s
[18:06:47] keyboard: key_tap(shiftright) - 0m34s
[18:07:42] skip: mouse_curved_ease_in (user interrupted)
[18:07:47] skip: key_triple_tap(shiftright) (user interrupted)
[18:07:52] skip: key_lock_toggle(numlock, 2) (user interrupted)
[18:07:57] skip: mouse_curved_ease_in (user interrupted)
[18:08:02] skip: mouse_curved_ease_out (user interrupted)
[18:08:07] skip: mouse_medium_move (user interrupted)
[18:08:12] skip: mouse_random_walk_chain (user interrupted)
[18:08:18] keyboard: key_tap(shift) - 1m30s
[18:09:07] skip: mouse_slow_wide_drift (user interrupted)
[18:09:12] skip: mouse_big_jump (user interrupted)
[18:09:17] keyboard: key_tap(ctrlright) - 0m59s
[18:10:12] skip: mouse_micro_jitter (user interrupted)
[18:10:17] skip: key_triple_tap(ctrlleft) (user interrupted)
[18:10:22] skip: mouse_slow_drift (user interrupted)
[18:10:27] skip: key_sequential_tap(shiftright, ctrlleft) (user interrupted)
[18:10:32] skip: mouse_vertical_move (user interrupted)
[18:10:38] skip: key_lock_toggle(numlock, 4) (user interrupted)
[18:10:43] skip: key_double_tap(pause) (user interrupted)
[18:10:48] skip: key_sequential_tap(shift, ctrl) (user interrupted)
[18:10:53] keyboard: key_tap(ctrlright) - 1m36s
[18:11:51] keyboard: key_tap(ctrlright) - 0m57s
[18:12:30] keyboard: key_hold(shiftright, (0.5, 1.2)) - 0m39s
[18:13:21] skip: mouse_medium_move (user interrupted)
[18:13:26] skip: key_triple_tap(ctrlright) (user interrupted)
[18:13:31] skip: mouse_zigzag_three_segments (user interrupted)
[18:13:36] skip: mouse_micro_jitter (user interrupted)
[18:13:41] skip: mouse_medium_move (user interrupted)
[18:13:46] skip: mouse_horizontal_move (user interrupted)
[18:13:51] skip: keyboard (user active)
[18:13:56] skip: mouse_fast_flick (user interrupted)
[18:14:01] skip: keyboard (user active)
[18:14:06] skip: mouse (user active)
[18:14:11] keyboard: key_hold(ctrlright, (0.5, 1.2)) - 1m41s
[18:15:20] skip: keyboard (user active)
[18:15:25] skip: keyboard (user active)
[18:15:30] skip: mouse (user active)
[18:15:35] keyboard: key_tap(ctrl) - 1m24s
[18:16:11] skip: mouse_reverse_curve (user interrupted)
[18:16:16] skip: mouse_curved_ease_in_out (user interrupted)
[18:16:21] skip: mouse_reverse_curve (user interrupted)
[18:16:26] skip: keyboard (user active)
[18:16:31] skip: mouse (user active)
[18:16:36] skip: keyboard (user active)
[18:16:41] skip: mouse (user active)
[18:16:46] skip: mouse (user active)
[18:16:51] skip: mouse (user active)
[18:16:56] skip: keyboard (user active)
[18:17:01] skip: keyboard (user active)
[18:17:06] skip: keyboard (user active)
[18:17:11] skip: mouse (user active)
[18:17:16] skip: mouse (user active)
[18:17:21] skip: keyboard (user active)
[18:17:26] skip: mouse (user active)
[18:17:31] skip: keyboard (user active)
[18:17:36] skip: keyboard (user active)
[18:17:41] skip: mouse (user active)
[18:17:46] skip: mouse (user active)
[18:17:51] skip: mouse_slow_drift (user interrupted)
[18:17:57] skip: key_double_tap(pause) (user interrupted)
[18:18:02] skip: key_sequential_tap(ctrlleft, shiftright) (user interrupted)
[18:18:07] skip: key_lock_toggle(capslock, 4) (user interrupted)
[18:18:12] skip: keyboard (user active)
[18:18:17] skip: keyboard (user active)
[18:18:22] skip: mouse (user active)
[18:18:27] skip: mouse (user active)
[18:18:32] skip: keyboard (user active)
[18:18:37] skip: mouse (user active)
[18:18:42] skip: mouse_zigzag_two_segments (user interrupted)
[18:18:47] skip: mouse (user active)
[18:18:52] skip: keyboard (user active)
[18:18:57] skip: keyboard (user active)
[18:19:02] skip: keyboard (user active)
[18:19:07] skip: mouse_slow_drift (user interrupted)
[18:19:12] skip: mouse (user active)
[18:19:17] skip: mouse_random_walk_chain (user interrupted)
[18:19:23] keyboard: key_hold(ctrlright, (0.1, 0.4)) - 3m47s
[18:20:26] skip: mouse (user active)
[18:20:31] skip: keyboard (user active)
[18:20:36] keyboard: key_tap(ctrl) - 1m13s
[18:21:44] skip: mouse_tiny_step (user interrupted)
[18:21:49] skip: keyboard (user active)
[18:21:54] skip: keyboard (user active)
[18:21:59] skip: mouse (user active)
[18:22:04] skip: keyboard (user active)
[18:22:09] skip: mouse (user active)
[18:22:14] skip: mouse (user active)
[18:22:19] skip: keyboard (user active)
[18:22:24] skip: mouse (user active)
[18:22:29] skip: keyboard (user active)
[18:22:34] skip: keyboard (user active)
[18:22:39] skip: keyboard (user active)
[18:22:44] skip: keyboard (user active)
[18:22:49] skip: keyboard (user active)
[18:22:54] skip: keyboard (user active)
[18:22:59] skip: mouse (user active)
[18:23:04] skip: mouse_long_move (user interrupted)
[18:23:09] skip: keyboard (user active)
[18:23:14] skip: mouse_reverse_curve (user interrupted)
[18:23:19] skip: keyboard (user active)
[18:23:24] skip: keyboard (user active)
[18:23:29] skip: keyboard (user active)
[18:23:34] skip: mouse (user active)
[18:23:39] skip: mouse (user active)
[18:23:44] skip: mouse_curved_ease_out (user interrupted)
[18:23:49] skip: mouse_fast_flick (user interrupted)
[18:23:54] skip: mouse_slow_wide_drift (user interrupted)
[18:23:59] keyboard: key_tap(shift) - 3m23s
[18:24:36] skip: keyboard (user active)
[18:24:41] skip: mouse (user active)
[18:24:46] skip: keyboard (user active)
[18:24:51] skip: mouse_curved_ease_in_out (user interrupted)
[18:24:56] skip: keyboard (user active)
[18:25:01] skip: keyboard (user active)
[18:25:06] skip: keyboard (user active)
[18:25:11] skip: keyboard (user active)
[18:25:16] skip: keyboard (user active)
[18:25:21] skip: keyboard (user active)
[18:25:26] skip: mouse (user active)
[18:25:31] skip: mouse (user active)
[18:25:36] skip: keyboard (user active)
[18:25:41] skip: mouse (user active)
[18:25:46] skip: keyboard (user active)
[18:25:51] skip: mouse (user active)
[18:25:56] skip: keyboard (user active)
[18:26:01] skip: keyboard (user active)
[18:26:06] skip: keyboard (user active)
[18:26:11] skip: keyboard (user active)
[18:26:16] skip: mouse (user active)
[18:26:21] skip: key_sequential_tap(shiftright, ctrlleft) (user interrupted)
[18:26:26] skip: mouse_curved_ease_in_out (user interrupted)
[18:26:31] skip: mouse_curved_ease_in_out (user interrupted)
[18:26:36] skip: mouse_medium_move (user interrupted)
[18:26:41] skip: mouse_short_move (user interrupted)
[18:26:46] skip: mouse_micro_jitter (user interrupted)
[18:26:51] skip: mouse_short_move (user interrupted)
[18:26:56] keyboard: key_hold(shift, (0.1, 0.4)) - 2m57s
[18:27:49] skip: keyboard (user active)
[18:27:55] keyboard: key_hold(ctrlright, (0.1, 0.4)) - 0m58s
[18:28:37] skip: mouse_curved_ease_out (user interrupted)
[18:28:42] skip: mouse_curved_ease_in_out (user interrupted)
[18:28:47] keyboard: key_hold(ctrlright, (0.5, 1.2)) - 0m52s
[18:29:29] skip: mouse (user active)
[18:29:34] skip: keyboard (user active)
[18:29:39] skip: keyboard (user active)
[18:29:44] skip: mouse (user active)
[18:29:49] skip: keyboard (user active)
[18:29:54] skip: keyboard (user active)
[18:29:59] skip: keyboard (user active)
[18:30:04] skip: mouse (user active)
[18:30:09] skip: mouse_curved_ease_in_out (user interrupted)
[18:30:14] skip: mouse_fast_flick (user interrupted)
[18:30:19] skip: key_double_tap(pause) (user interrupted)
[18:30:24] skip: key_triple_tap(ctrlright) (user interrupted)
[18:30:30] skip: key_alt_tab_bounce(6) (user interrupted)
[18:30:35] skip: mouse_curved_ease_out (user interrupted)
[18:30:40] skip: key_double_tap(ctrlright) (user interrupted)
[18:30:45] skip: mouse_fast_flick (user interrupted)
[18:30:50] skip: mouse_reverse_curve (user interrupted)
[18:30:55] skip: mouse_zigzag_two_segments (user interrupted)
[18:31:00] skip: mouse (user active)
[18:31:05] skip: keyboard (user active)
[18:31:10] skip: keyboard (user active)
[18:31:15] skip: keyboard (user active)
[18:31:20] skip: keyboard (user active)
[18:31:25] skip: key_triple_tap(shiftright) (user interrupted)
[18:31:30] skip: mouse_fast_flick (user interrupted)
[18:31:35] skip: mouse_curved_ease_in (user interrupted)
[18:31:41] skip: key_lock_toggle(scrolllock, 2) (user interrupted)
[18:31:46] skip: mouse (user active)
[18:31:51] keyboard: key_tap(ctrlright) - 3m3s
[18:32:39] skip: mouse_zigzag_two_segments (user interrupted)
[18:32:44] skip: mouse_reverse_curve (user interrupted)
[18:32:49] keyboard: key_tap(shift) - 0m58s
[18:33:35] skip: key_triple_tap(shift) (user interrupted)
[18:33:40] skip: key_triple_tap(shift) (user interrupted)
[18:33:45] skip: mouse_short_move (user interrupted)
[18:33:50] skip: key_double_tap(ctrl) (user interrupted)
[18:33:55] skip: keyboard (user active)
[18:34:00] skip: keyboard (user active)
[18:34:06] skip: mouse_short_move (user interrupted)
[18:34:11] skip: keyboard (user active)
[18:34:16] skip: keyboard (user active)
[18:34:21] skip: keyboard (user active)
[18:34:26] skip: mouse (user active)
[18:34:31] skip: mouse_random_walk_chain (user interrupted)
[18:34:36] skip: key_double_tap(pause) (user interrupted)
[18:34:41] skip: mouse_vertical_move (user interrupted)
[18:34:46] keyboard: key_hold(ctrl, (0.1, 0.4)) - 1m56s
[18:35:40] skip: key_double_tap(shiftleft) (user interrupted)
[18:35:45] skip: key_lock_toggle(capslock, 4) (user interrupted)
[18:35:51] skip: key_triple_tap(ctrl) (user interrupted)
[18:35:56] skip: mouse_tiny_step (user interrupted)
[18:36:01] skip: keyboard (user active)
[18:36:06] skip: keyboard (user active)
[18:36:11] skip: mouse (user active)
[18:36:16] skip: keyboard (user active)
[18:36:21] skip: keyboard (user active)
[18:36:26] skip: keyboard (user active)
[18:36:31] skip: mouse_reverse_curve (user interrupted)
[18:36:36] keyboard: key_tap(pause) - 1m49s
[18:37:14] skip: keyboard (user active)
[18:37:19] skip: keyboard (user active)
[18:37:24] skip: keyboard (user active)
[18:37:29] skip: mouse_big_jump (user interrupted)
[18:37:34] skip: mouse_diagonal_move (user interrupted)
[18:37:39] skip: keyboard (user active)
[18:37:44] skip: mouse_slow_wide_drift (user interrupted)
[18:37:49] skip: keyboard (user active)
[18:37:54] skip: keyboard (user active)
[18:37:59] skip: mouse (user active)
[18:38:04] skip: mouse (user active)
[18:38:09] skip: mouse (user active)
[18:38:14] skip: mouse_zigzag_three_segments (user interrupted)
[18:38:19] skip: mouse (user active)
[18:38:24] skip: keyboard (user active)
[18:38:29] skip: mouse (user active)
[18:38:34] skip: mouse (user active)
[18:38:39] skip: keyboard (user active)
[18:38:44] skip: mouse (user active)
[18:38:49] skip: mouse (user active)
[18:38:54] skip: mouse (user active)
[18:38:59] skip: keyboard (user active)
[18:39:04] skip: keyboard (user active)
[18:39:09] skip: mouse (user active)
[18:39:14] skip: keyboard (user active)
[18:39:19] skip: keyboard (user active)
[18:39:24] skip: mouse_medium_move (user interrupted)
[18:39:29] skip: mouse (user active)
[18:39:34] skip: keyboard (user active)
[18:39:39] skip: keyboard (user active)
[18:39:44] skip: keyboard (user active)
[18:39:49] skip: keyboard (user active)
[18:39:54] skip: mouse_diagonal_move (user interrupted)
[18:39:59] skip: key_triple_tap(shift) (user interrupted)
[18:40:04] skip: mouse_micro_jitter (user interrupted)
[18:40:09] skip: mouse_curved_ease_in (user interrupted)
[18:40:14] skip: mouse_zigzag_three_segments (user interrupted)
[18:40:19] skip: mouse_slow_wide_drift (user interrupted)
[18:40:24] skip: mouse_curved_ease_in_out (user interrupted)
[18:40:29] skip: mouse_slow_wide_drift (user interrupted)
[18:40:35] keyboard: key_hold(ctrl, (0.1, 0.4)) - 3m58s
[18:41:09] skip: keyboard (user active)
[18:41:14] skip: keyboard (user active)
[18:41:19] skip: mouse (user active)
[18:41:24] skip: mouse_curved_ease_in_out (user interrupted)
[18:41:29] skip: mouse (user active)
[18:41:34] skip: keyboard (user active)
[18:41:39] skip: keyboard (user active)
[18:41:44] skip: mouse_zigzag_two_segments (user interrupted)
[18:41:49] skip: key_alt_tab_bounce(2) (user interrupted)
[18:41:54] skip: mouse_micro_jitter (user interrupted)
[18:42:00] skip: key_sequential_tap(ctrlright, shiftleft) (user interrupted)
[18:42:05] skip: mouse_slow_drift (user interrupted)
[18:42:10] skip: mouse_reverse_curve (user interrupted)
[18:42:15] skip: mouse (user active)
[18:42:20] skip: mouse (user active)
[18:42:25] skip: keyboard (user active)
[18:42:30] skip: mouse (user active)
[18:42:35] keyboard: key_hold(ctrl, (0.5, 1.2)) - 2m0s
[18:43:14] skip: mouse (user active)
[18:43:19] skip: key_triple_tap(ctrl) (user interrupted)
[18:43:25] skip: key_alt_tab_bounce(2) (user interrupted)
[18:43:30] skip: mouse_medium_move (user interrupted)
[18:43:35] skip: mouse_long_diagonal_sweep (user interrupted)
[18:43:40] skip: mouse_horizontal_move (user interrupted)
[18:43:45] keyboard: key_hold(shift, (0.1, 0.4)) - 1m9s
[18:44:17] skip: mouse (user active)
[18:44:22] skip: keyboard (user active)
[18:44:27] skip: mouse (user active)
[18:44:32] skip: mouse (user active)
[18:44:37] skip: keyboard (user active)
[18:44:42] skip: keyboard (user active)
[18:44:47] skip: mouse_diagonal_move (user interrupted)
[18:44:52] skip: key_triple_tap(ctrl) (user interrupted)
[18:44:58] skip: key_alt_tab_bounce(2) (user interrupted)
[18:45:03] keyboard: key_tap(shiftright) - 1m17s
[18:46:07] skip: keyboard (user active)
[18:46:12] skip: keyboard (user active)
[18:46:17] skip: mouse (user active)
[18:46:22] keyboard: key_tap(shift) - 1m19s
[18:47:10] skip: mouse_curved_ease_in (user interrupted)
[18:47:15] keyboard: key_hold(shift, (0.5, 1.2)) - 0m53s
[18:48:05] skip: mouse_short_move (user interrupted)
[18:48:10] skip: mouse_slow_wide_drift (user interrupted)
[18:48:15] skip: keyboard (user active)
[18:48:20] skip: keyboard (user active)
[18:48:25] skip: keyboard (user active)
[18:48:30] skip: keyboard (user active)
[18:48:35] skip: mouse (user active)
[18:48:40] skip: keyboard (user active)
[18:48:45] skip: keyboard (user active)
[18:48:50] skip: mouse (user active)
[18:48:55] skip: mouse (user active)
[18:49:00] skip: keyboard (user active)
[18:49:05] skip: mouse (user active)
[18:49:10] skip: keyboard (user active)
[18:49:15] skip: keyboard (user active)
[18:49:20] skip: mouse (user active)
[18:49:25] skip: mouse (user active)
[18:49:30] skip: mouse (user active)
[18:49:35] skip: mouse (user active)
[18:49:40] skip: mouse (user active)
[18:49:45] skip: mouse (user active)
[18:49:50] skip: mouse (user active)
[18:49:55] skip: keyboard (user active)
[18:50:00] skip: mouse (user active)
[18:50:05] skip: mouse_long_diagonal_sweep (user interrupted)
[18:50:10] skip: keyboard (user active)
[18:50:15] skip: mouse (user active)
[18:50:20] skip: key_sequential_tap(shift, ctrl) (user interrupted)
[18:50:25] keyboard: key_hold(shiftleft, (0.1, 0.4)) - 3m10s
[18:51:02] skip: key_sequential_tap(ctrlleft, shiftright) (user interrupted)
[18:51:07] skip: key_double_tap(shift) (user interrupted)
[18:51:12] skip: keyboard (user active)
[18:51:17] skip: keyboard (user active)
[18:51:22] skip: keyboard (user active)
[18:51:27] skip: mouse_short_move (user interrupted)
[18:51:32] skip: mouse_long_move (user interrupted)
[18:51:37] skip: mouse_short_move (user interrupted)
[18:51:42] skip: mouse (user active)
[18:51:47] skip: mouse (user active)
[18:51:52] skip: keyboard (user active)
[18:51:57] skip: key_triple_tap(shiftleft) (user interrupted)
[18:52:02] skip: keyboard (user active)
[18:52:07] skip: mouse (user active)
[18:52:12] skip: keyboard (user active)
[18:52:17] skip: mouse (user active)
[18:52:22] skip: keyboard (user active)
[18:52:27] skip: keyboard (user active)
[18:52:32] skip: mouse (user active)
[18:52:37] skip: keyboard (user active)
[18:52:42] skip: mouse (user active)
[18:52:47] skip: mouse (user active)
[18:52:52] skip: keyboard (user active)
[18:52:57] skip: mouse (user active)
[18:53:02] skip: mouse (user active)
[18:53:07] skip: mouse (user active)
[18:53:12] skip: mouse (user active)
[18:53:17] skip: keyboard (user active)
[18:53:22] skip: keyboard (user active)
[18:53:27] skip: mouse (user active)
[18:53:32] skip: mouse (user active)
[18:53:37] skip: mouse (user active)
[18:53:42] skip: mouse (user active)
[18:53:47] skip: keyboard (user active)
[18:53:53] skip: key_double_tap(shift) (user interrupted)
[18:53:58] skip: mouse (user active)
[18:54:03] skip: mouse (user active)
[18:54:08] skip: mouse (user active)
[18:54:13] skip: keyboard (user active)
[18:54:18] skip: mouse (user active)
[18:54:23] keyboard: key_hold(ctrl, (0.5, 1.2)) - 3m57s
[18:55:34] skip: mouse_slow_drift (user interrupted)
[18:55:39] skip: key_sequential_tap(shift, ctrl) (user interrupted)
[18:55:44] skip: mouse_fast_flick (user interrupted)
[18:55:49] skip: mouse_tiny_step (user interrupted)
[18:55:54] skip: mouse_diagonal_move (user interrupted)
[18:55:59] skip: mouse_medium_move (user interrupted)
[18:56:05] skip: key_triple_tap(ctrl) (user interrupted)
[18:56:10] keyboard: key_tap(shiftleft) - 1m46s
[18:57:07] skip: mouse_curved_ease_in (user interrupted)
[18:57:12] keyboard: key_hold(ctrlleft, (0.5, 1.2)) - 1m2s
[18:57:57] skip: keyboard (user active)
[18:58:02] skip: keyboard (user active)
[18:58:07] skip: keyboard (user active)
[18:58:12] skip: mouse (user active)
[18:58:17] skip: mouse (user active)
[18:58:22] skip: mouse (user active)
[18:58:27] skip: keyboard (user active)
[18:58:32] skip: mouse (user active)
[18:58:37] skip: mouse (user active)
[18:58:42] skip: mouse (user active)
[18:58:47] skip: keyboard (user active)
[18:58:52] skip: mouse (user active)
[18:58:57] skip: mouse (user active)
[18:59:02] skip: mouse (user active)
[18:59:07] skip: mouse (user active)
[18:59:12] keyboard: key_tap(shift) - 2m0s
[18:59:43] skip: mouse (user active)
[18:59:48] skip: mouse (user active)
[18:59:53] skip: mouse (user active)
[18:59:58] keyboard: key_hold(ctrl, (0.1, 0.4)) - 0m46s
[19:00:40] skip: keyboard (user active)
[19:00:45] skip: keyboard (user active)
[19:00:50] skip: keyboard (user active)
[19:00:55] skip: mouse_reverse_curve (user interrupted)
[19:01:00] skip: keyboard (user active)
[19:01:05] skip: mouse_curved_ease_in_out (user interrupted)
[19:01:10] keyboard: key_tap(ctrlleft) - 1m12s
[19:02:09] skip: key_alt_tab_bounce(4) (user interrupted)
[19:02:14] skip: keyboard (user active)
[19:02:19] skip: key_sequential_tap(shiftleft, ctrlright) (user interrupted)
[19:02:24] skip: keyboard (user active)
[19:02:29] skip: mouse (user active)
[19:02:34] skip: keyboard (user active)
[14:15:10] App Pro started.
[14:15:10] Mode: both | Schedule: 10:00-19:30 Mon-Fri (Active)
[14:16:08] skip: key_lock_toggle(scrolllock, 2) (user interrupted)
[14:16:13] keyboard: key_tap(pause) - 1m3s
[14:17:16] keyboard: key_hold(ctrlright, (0.5, 1.2)) - 1m3s
[14:18:23] keyboard: key_tap(shiftright) - 1m6s
[14:18:55] keyboard: key_tap(ctrlleft) - 0m32s
[14:19:34] skip: mouse_slow_wide_drift (user interrupted)
[14:19:39] skip: mouse_short_move (user interrupted)
[14:19:44] skip: mouse_big_jump (user interrupted)
[14:19:49] skip: mouse_random_walk_chain (user interrupted)
[14:19:54] skip: key_double_tap(ctrlright) (user interrupted)
[14:19:59] skip: key_alt_tab_bounce(8) (user interrupted)
[14:20:04] skip: mouse (user active)
[14:20:09] skip: keyboard (user active)
[14:20:14] skip: mouse (user active)
[14:20:19] skip: mouse_vertical_move (user interrupted)
[14:20:24] skip: key_double_tap(shift) (user interrupted)
[14:20:30] skip: key_alt_tab_bounce(4) (user interrupted)
[14:20:35] skip: mouse_zigzag_three_segments (user interrupted)
[14:20:40] skip: mouse_vertical_move (user interrupted)
[14:20:45] keyboard: key_hold(shiftright, (0.1, 0.4)) - 1m50s
[14:21:55] skip: key_double_tap(shift) (user interrupted)
[14:22:00] skip: mouse_fast_flick (user interrupted)
[14:22:06] skip: key_double_tap(shift) (user interrupted)
[14:22:11] skip: key_sequential_tap(ctrl, shift) (user interrupted)
[14:22:16] skip: mouse_big_jump (user interrupted)
[14:22:21] skip: key_sequential_tap(shift, ctrl) (user interrupted)
[14:22:26] skip: mouse_curved_ease_out (user interrupted)
[14:22:31] skip: mouse_vertical_move (user interrupted)
[14:22:36] skip: mouse_micro_jitter (user interrupted)
[14:22:41] skip: mouse_big_jump (user interrupted)
[14:22:46] skip: key_double_tap(pause) (user interrupted)
[14:22:51] skip: mouse_curved_ease_in (user interrupted)
[14:22:56] skip: keyboard (user active)
[14:23:01] skip: keyboard (user active)
[14:23:06] skip: mouse_vertical_move (user interrupted)
[14:23:11] skip: mouse_medium_move (user interrupted)
[14:23:17] skip: key_alt_tab_bounce(10) (user interrupted)
[14:23:22] skip: mouse_fast_flick (user interrupted)
[14:23:27] skip: mouse_fast_flick (user interrupted)
[14:23:32] keyboard: key_tap(shiftleft) - 2m47s
[14:24:18] skip: key_double_tap(pause) (user interrupted)
[14:24:24] skip: key_triple_tap(ctrlleft) (user interrupted)
[14:24:29] skip: mouse_reverse_curve (user interrupted)
[14:24:34] keyboard: key_hold(shiftright, (0.5, 1.2)) - 1m1s
[14:25:08] skip: mouse (user active)
[14:25:13] skip: keyboard (user active)
[14:25:18] keyboard: key_hold(ctrlright, (0.5, 1.2)) - 0m44s
[14:26:01] skip: mouse (user active)
[14:26:06] skip: keyboard (user active)
[14:26:11] skip: mouse_horizontal_move (user interrupted)
[14:26:16] skip: key_sequential_tap(ctrl, shift) (user interrupted)
[14:26:21] keyboard: key_hold(ctrlright, (0.1, 0.4)) - 1m3s
[14:27:17] keyboard: key_hold(ctrlright, (0.1, 0.4)) - 0m55s
[14:28:17] keyboard: key_hold(ctrlright, (0.1, 0.4)) - 1m0s
[14:29:17] skip: key_double_tap(shift) (user interrupted)
[14:29:22] skip: mouse_slow_wide_drift (user interrupted)
[14:29:27] skip: key_modifier_medley(4) (user interrupted)
[14:29:32] skip: mouse_curved_ease_out (user interrupted)
[14:29:38] skip: key_triple_tap(ctrlleft) (user interrupted)
[14:29:43] skip: key_lock_toggle(numlock, 2) (user interrupted)
[14:29:48] skip: key_alt_tab_bounce(6) (user interrupted)
[14:29:54] skip: key_sequential_tap(shiftright, ctrlleft) (user interrupted)
[14:29:59] skip: mouse_long_diagonal_sweep (user interrupted)
[14:30:04] skip: mouse_zigzag_three_segments (user interrupted)
[14:30:09] keyboard: key_tap(pause) - 1m52s
[14:30:40] skip: keyboard (user active)
[14:30:45] skip: keyboard (user active)
[14:30:50] skip: mouse_micro_jitter (user interrupted)
[14:30:55] skip: mouse_curved_ease_in_out (user interrupted)
[14:31:00] skip: key_sequential_tap(ctrl, shift) (user interrupted)
[14:31:05] skip: mouse_curved_ease_in (user interrupted)
[14:31:10] skip: mouse_reverse_curve (user interrupted)
[14:31:15] skip: keyboard (user active)
[14:31:20] skip: mouse_vertical_move (user interrupted)
[14:31:25] skip: mouse (user active)
[14:31:31] skip: key_double_tap(shiftright) (user interrupted)
[14:31:36] keyboard: key_tap(ctrlleft) - 1m26s
[14:32:20] keyboard: key_tap(shiftright) - 0m44s [Battery]
[15:58:47] App Pro started.
[15:58:47] Mode: both | Schedule: 10:00-19:30 Mon-Fri (Active)
[16:00:36] skip: key_sequential_tap(shiftright, ctrlleft) (user interrupted)
[16:00:41] keyboard: key_hold(ctrlleft, (0.5, 1.2)) - 1m53s [Battery]
[16:02:06] skip: keyboard (user active)
[16:02:11] skip: mouse (user active)
[16:02:16] skip: mouse (user active)
[16:02:21] skip: mouse (user active)
[16:02:26] skip: keyboard (user active)
[16:02:31] skip: keyboard (user active)
[16:02:36] skip: mouse_slow_wide_drift (user interrupted)
[16:02:41] skip: mouse_tiny_step (user interrupted)
[16:02:46] skip: mouse_slow_drift (user interrupted)
[16:02:51] skip: mouse_slow_drift (user interrupted)
[16:02:56] skip: mouse_big_jump (user interrupted)
[16:03:01] skip: mouse_fast_flick (user interrupted)
[16:03:06] skip: mouse_medium_move (user interrupted)
[16:03:11] skip: mouse_short_move (user interrupted)
[16:03:16] skip: key_triple_tap(shiftleft) (user interrupted)
[16:03:21] keyboard: key_hold(shiftleft, (0.5, 1.2)) - 2m40s [Battery]
[16:04:46] skip: key_triple_tap(shiftright) (user interrupted)
[16:04:51] skip: mouse_slow_drift (user interrupted)
[16:04:56] keyboard: key_tap(pause) - 1m34s [Battery]
[16:06:11] skip: mouse_fast_flick (user interrupted)
[16:06:16] skip: key_alt_tab_bounce(8) (user interrupted)
[16:06:21] skip: mouse_micro_jitter (user interrupted)
[16:06:26] skip: mouse_zigzag_two_segments (user interrupted)
[16:06:31] skip: mouse_vertical_move (user interrupted)
[16:06:37] skip: key_double_tap(ctrlleft) (user interrupted)
[16:06:42] keyboard: key_tap(shiftleft) - 1m45s [Battery]
[16:08:31] skip: mouse_reverse_curve (user interrupted)
[16:08:36] keyboard: key_hold(shiftleft, (0.1, 0.4)) - 1m54s [Battery]
[16:10:19] skip: key_triple_tap(shiftleft) (user interrupted)
[16:10:24] skip: mouse_curved_ease_in (user interrupted)
[16:10:29] skip: mouse_horizontal_move (user interrupted)
[16:10:34] keyboard: key_hold(shift, (0.5, 1.2)) - 1m58s [Battery]
[16:11:40] skip: mouse_vertical_move (user interrupted)
[16:11:46] skip: mouse_zigzag_three_segments (user interrupted)
[16:11:51] skip: mouse_vertical_move (user interrupted)
[16:11:56] skip: mouse_vertical_move (user interrupted)
[16:12:01] keyboard: key_hold(ctrl, (0.5, 1.2)) - 1m26s [Battery]
[16:13:32] skip: mouse_short_move (user interrupted)
[16:13:37] skip: key_lock_toggle(numlock, 4) (user interrupted)
[16:13:42] skip: mouse_slow_wide_drift (user interrupted)
[16:13:47] skip: mouse_zigzag_two_segments (user interrupted)
[16:13:52] skip: mouse_horizontal_move (user interrupted)
[16:13:57] keyboard: key_hold(ctrl, (0.1, 0.4)) - 1m56s [Battery]
[16:15:16] skip: key_triple_tap(ctrl) (user interrupted)
[16:15:21] keyboard: key_hold(ctrlright, (0.5, 1.2)) - 1m23s [Battery]
[16:16:49] skip: key_sequential_tap(ctrlright, shiftleft) (user interrupted)
[16:16:55] skip: key_modifier_medley(2) (user interrupted)
[16:17:00] skip: key_modifier_medley(2) (user interrupted)
[16:17:05] skip: key_double_tap(ctrl) (user interrupted)
[16:17:10] keyboard: key_hold(ctrl, (0.5, 1.2)) - 1m49s [Battery]
[16:18:11] keyboard: key_tap(shiftright) - 1m1s [Battery]
[16:19:15] skip: mouse_slow_drift (user interrupted)
[16:19:20] keyboard: key_tap(ctrl) - 1m9s [Battery]
[16:21:04] skip: mouse_zigzag_two_segments (user interrupted)
[16:21:09] skip: key_sequential_tap(shift, ctrl) (user interrupted)
[16:21:14] skip: key_modifier_medley(4) (user interrupted)
[16:21:19] skip: mouse_curved_ease_out (user interrupted)
[16:21:24] skip: mouse_micro_jitter (user interrupted)
[16:21:29] skip: mouse_zigzag_three_segments (user interrupted)
[16:21:34] skip: key_double_tap(shiftright) (user interrupted)
[16:21:39] keyboard: key_tap(shift) - 2m18s [Battery]
[16:23:29] keyboard: key_tap(shiftleft) - 1m49s [Battery]
[16:24:19] skip: key_alt_tab_bounce(4) (user interrupted)
[16:24:24] skip: mouse_horizontal_move (user interrupted)
[16:24:30] skip: key_sequential_tap(shift, ctrl) (user interrupted)
[16:24:35] skip: mouse_short_move (user interrupted)
[16:24:40] skip: mouse_slow_wide_drift (user interrupted)
[16:24:45] skip: mouse_curved_ease_out (user interrupted)
[16:24:50] skip: mouse_slow_drift (user interrupted)
[16:24:55] skip: mouse_curved_ease_out (user interrupted)
[16:25:00] skip: mouse_zigzag_three_segments (user interrupted)
[16:25:05] skip: mouse_reverse_curve (user interrupted)
[16:25:10] keyboard: key_hold(ctrlleft, (0.1, 0.4)) - 1m41s [Battery]
[16:26:49] keyboard: key_hold(ctrlright, (0.1, 0.4)) - 1m39s [Battery]
[16:28:35] skip: mouse_horizontal_move (user interrupted)
[16:28:40] skip: mouse_long_diagonal_sweep (user interrupted)
[16:28:45] skip: mouse_curved_ease_in_out (user interrupted)
[16:28:50] skip: key_double_tap(ctrlleft) (user interrupted)
[16:28:55] skip: mouse_long_move (user interrupted)
[16:29:01] skip: key_alt_tab_bounce(6) (user interrupted)
[16:29:06] skip: mouse_short_move (user interrupted)
[16:29:11] skip: mouse_curved_ease_out (user interrupted)
[16:29:16] keyboard: key_hold(shift, (0.1, 0.4)) - 2m27s [Battery]
[16:30:17] skip: mouse_vertical_move (user interrupted)
[16:30:23] skip: key_lock_toggle(scrolllock, 2) (user interrupted)
[16:30:28] keyboard: key_hold(ctrl, (0.1, 0.4)) - 1m11s [Battery]
[16:32:13] skip: mouse_vertical_move (user interrupted)
[16:32:18] skip: key_lock_toggle(capslock, 4) (user interrupted)
[16:32:23] keyboard: key_hold(ctrl, (0.5, 1.2)) - 1m55s [Battery]
[16:33:42] skip: mouse_medium_move (user interrupted)
[16:33:47] skip: mouse_big_jump (user interrupted)
[16:33:52] skip: mouse_horizontal_move (user interrupted)
[16:33:57] skip: mouse_fast_flick (user interrupted)
[16:34:02] skip: mouse_reverse_curve (user interrupted)
[16:34:07] keyboard: key_hold(ctrl, (0.5, 1.2)) - 1m43s [Battery]
[16:35:01] skip: key_double_tap(ctrlright) (user interrupted)
[16:35:06] keyboard: key_hold(shift, (0.5, 1.2)) - 0m59s [Battery]
[16:36:35] keyboard: key_tap(shiftright) - 1m29s [Battery]
[16:37:35] skip: key_double_tap(ctrl) (user interrupted)
[16:37:41] skip: key_triple_tap(ctrlright) (user interrupted)
[16:37:46] skip: key_alt_tab_bounce(6) (user interrupted)
[16:37:51] skip: mouse_diagonal_move (user interrupted)
[16:37:56] skip: mouse_long_move (user interrupted)
[16:38:02] skip: key_sequential_tap(ctrlleft, shiftright) (user interrupted)
[16:38:07] skip: mouse_vertical_move (user interrupted)
[16:38:12] skip: mouse_short_move (user interrupted)
[16:38:17] keyboard: key_tap(shiftleft) - 1m41s [Battery]
[16:39:54] skip: mouse_zigzag_three_segments (user interrupted)
[16:39:59] keyboard: key_hold(shiftleft, (0.5, 1.2)) - 1m42s [Battery]
[16:40:46] skip: mouse_curved_ease_in_out (user interrupted)
[16:40:51] skip: key_triple_tap(ctrlright) (user interrupted)
[16:40:56] keyboard: key_tap(pause) - 0m57s [Battery]
[16:42:50] skip: key_double_tap(ctrlleft) (user interrupted)
[16:42:55] skip: mouse_reverse_curve (user interrupted)
[16:43:00] keyboard: key_hold(ctrlright, (0.5, 1.2)) - 2m3s [Battery]
[16:44:26] skip: key_alt_tab_bounce(10) (user interrupted)
[16:44:31] skip: mouse_curved_ease_in (user interrupted)
[16:44:36] skip: mouse_diagonal_move (user interrupted)
[16:44:42] skip: key_lock_toggle(capslock, 4) (user interrupted)
[16:44:47] keyboard: key_hold(ctrl, (0.1, 0.4)) - 1m46s [Battery]
[16:46:35] keyboard: key_hold(ctrlright, (0.1, 0.4)) - 1m48s [Battery]
[16:47:57] skip: mouse_zigzag_three_segments (user interrupted)
[16:48:02] skip: mouse_reverse_curve (user interrupted)
[16:48:07] keyboard: key_hold(shiftleft, (0.5, 1.2)) - 1m32s [Battery]
[16:49:21] skip: mouse_horizontal_move (user interrupted)
[16:49:27] keyboard: key_hold(ctrl, (0.1, 0.4)) - 1m19s [Battery]
[16:51:03] skip: mouse_short_move (user interrupted)
[16:51:08] keyboard: key_hold(shiftright, (0.5, 1.2)) - 1m41s [Battery]
[16:52:01] skip: mouse_horizontal_move (user interrupted)
[16:52:06] keyboard: key_hold(shiftright, (0.1, 0.4)) - 0m58s [Battery]
[16:53:23] skip: mouse_reverse_curve (user interrupted)
[16:53:28] skip: mouse_curved_ease_in_out (user interrupted)
[16:53:33] keyboard: key_hold(ctrl, (0.5, 1.2)) - 1m27s [Battery]
[16:54:50] skip: key_alt_tab_bounce(8) (user interrupted)
[16:54:55] skip: mouse_diagonal_move (user interrupted)
[16:55:00] skip: key_sequential_tap(shift, ctrl) (user interrupted)
[16:55:05] skip: mouse_vertical_move (user interrupted)
[16:55:10] keyboard: key_hold(shift, (0.1, 0.4)) - 1m37s [Battery]
[16:56:39] skip: key_alt_tab_bounce(2) (user interrupted)
[16:56:44] skip: mouse_short_move (user interrupted)
[16:56:49] skip: mouse_fast_flick (user interrupted)
[16:56:54] skip: mouse_long_diagonal_sweep (user interrupted)
[16:56:59] keyboard: key_tap(shift) - 1m48s [Battery]
[16:58:27] skip: mouse_curved_ease_out (user interrupted)
[16:58:33] skip: key_sequential_tap(ctrl, shift) (user interrupted)
[16:58:38] keyboard: key_hold(ctrlright, (0.1, 0.4)) - 1m38s [Battery]
[17:00:03] skip: key_double_tap(ctrlright) (user interrupted)
[17:00:08] skip: key_double_tap(ctrl) (user interrupted)
[17:00:13] keyboard: key_hold(shift, (0.5, 1.2)) - 1m35s [Battery]
[17:01:48] skip: key_double_tap(ctrlleft) (user interrupted)
[17:01:53] skip: mouse_horizontal_move (user interrupted)
[17:01:58] skip: mouse_slow_wide_drift (user interrupted)
[17:02:03] skip: key_alt_tab_bounce(6) (user interrupted)
[17:02:09] keyboard: key_hold(shift, (0.1, 0.4)) - 1m54s [Battery]
[17:03:19] keyboard: key_hold(ctrl, (0.5, 1.2)) - 1m10s [Battery]
[17:04:17] skip: mouse_curved_ease_in_out (user interrupted)
[17:04:22] skip: key_double_tap(ctrl) (user interrupted)
[17:04:28] skip: key_alt_tab_bounce(8) (user interrupted)
[17:04:33] skip: key_double_tap(shiftleft) (user interrupted)
[17:04:38] skip: mouse_vertical_move (user interrupted)
[17:04:43] skip: mouse_curved_ease_in (user interrupted)
[17:04:48] skip: key_triple_tap(ctrlright) (user interrupted)
[17:04:53] skip: key_triple_tap(shift) (user interrupted)
[17:04:58] skip: mouse_zigzag_three_segments (user interrupted)
[17:05:03] skip: mouse_random_walk_chain (user interrupted)
[17:05:09] keyboard: key_hold(ctrl, (0.1, 0.4)) - 1m49s [Battery]
[17:06:29] skip: mouse_medium_move (user interrupted)
[17:06:34] keyboard: key_hold(shiftleft, (0.1, 0.4)) - 1m25s [Battery]
[17:08:07] skip: mouse_vertical_move (user interrupted)
[17:08:12] skip: key_modifier_medley(4) (user interrupted)
[17:08:17] skip: mouse_fast_flick (user interrupted)
[17:08:23] skip: key_modifier_medley(4) (user interrupted)
[17:08:28] skip: mouse_short_move (user interrupted)
[17:08:33] skip: key_alt_tab_bounce(10) (user interrupted)
[17:08:38] skip: mouse_short_move (user interrupted)
[17:08:43] skip: mouse_horizontal_move (user interrupted)
[17:08:48] skip: mouse_reverse_curve (user interrupted)
[17:08:53] keyboard: key_tap(shiftleft) - 2m19s [Battery]
[17:09:42] skip: key_triple_tap(ctrlleft) (user interrupted)
[17:09:47] skip: mouse_curved_ease_in_out (user interrupted)
[17:09:52] keyboard: key_hold(shift, (0.5, 1.2)) - 0m59s [Battery]
[17:10:45] keyboard: key_tap(shift) - 0m52s [Battery]
[17:11:59] skip: key_triple_tap(shift) (user interrupted)
[17:12:04] skip: mouse_medium_move (user interrupted)
[17:12:09] skip: mouse_slow_drift (user interrupted)
[17:12:14] skip: mouse_horizontal_move (user interrupted)
[17:12:19] keyboard: key_tap(ctrl) - 1m34s [Battery]
[17:13:37] skip: mouse_big_jump (user interrupted)
[17:13:42] skip: mouse_slow_wide_drift (user interrupted)
[17:13:48] skip: key_lock_toggle(capslock, 2) (user interrupted)
[17:13:53] skip: mouse_zigzag_two_segments (user interrupted)
[17:13:58] skip: mouse_slow_wide_drift (user interrupted)
[17:14:03] skip: mouse_big_jump (user interrupted)
[17:14:08] skip: key_lock_toggle(numlock, 4) (user interrupted)
[17:14:13] keyboard: key_hold(ctrlright, (0.5, 1.2)) - 1m53s [Battery]
[17:15:58] skip: mouse_big_jump (user interrupted)
[17:16:03] skip: mouse_curved_ease_in (user interrupted)
[17:16:09] skip: key_sequential_tap(ctrlleft, shiftright) (user interrupted)
[17:16:14] skip: key_modifier_medley(4) (user interrupted)
[17:16:19] skip: key_triple_tap(ctrl) (user interrupted)
[17:16:24] keyboard: key_tap(shiftright) - 2m11s [Battery]
[17:18:05] skip: mouse (user active)
[17:18:10] skip: keyboard (user active)
[17:18:15] keyboard: key_hold(shiftleft, (0.1, 0.4)) - 1m51s
[17:18:58] skip: mouse_slow_drift (user interrupted)
[17:19:03] skip: mouse_vertical_move (user interrupted)
[17:19:08] skip: key_triple_tap(shiftleft) (user interrupted)
[17:19:13] skip: mouse_curved_ease_in_out (user interrupted)
[17:19:18] skip: mouse_random_walk_chain (user interrupted)
[17:19:23] skip: mouse_long_move (user interrupted)
[17:19:28] keyboard: key_tap(ctrl) - 1m12s
[17:20:20] skip: mouse_slow_wide_drift (user interrupted)
[17:20:25] skip: key_double_tap(shiftleft) (user interrupted)
[17:20:30] keyboard: key_tap(ctrlleft) - 1m2s
[17:21:12] skip: mouse_long_diagonal_sweep (user interrupted)
[17:21:17] skip: mouse_zigzag_three_segments (user interrupted)
[17:21:22] skip: mouse_zigzag_three_segments (user interrupted)
[17:21:28] skip: key_alt_tab_bounce(6) (user interrupted)
[17:21:33] skip: mouse_random_walk_chain (user interrupted)
[17:21:38] skip: mouse_curved_ease_in_out (user interrupted)
[17:21:43] skip: mouse_curved_ease_in_out (user interrupted)
[17:21:48] skip: mouse_diagonal_move (user interrupted)
[17:21:53] skip: mouse_curved_ease_out (user interrupted)
[17:21:58] skip: mouse_curved_ease_in (user interrupted)
[17:22:03] skip: mouse_fast_flick (user interrupted)
[17:22:08] skip: mouse_medium_move (user interrupted)
[17:22:14] skip: key_alt_tab_bounce(4) (user interrupted)
[17:22:19] skip: keyboard (user active)
[17:22:24] skip: keyboard (user active)
[17:22:29] skip: key_double_tap(ctrlright) (user interrupted)
[17:22:34] skip: mouse_diagonal_move (user interrupted)
[17:22:39] skip: mouse_medium_move (user interrupted)
[17:22:44] skip: mouse_short_move (user interrupted)
[17:22:49] skip: mouse_reverse_curve (user interrupted)
[17:22:54] skip: mouse_reverse_curve (user interrupted)
[17:22:59] skip: mouse_short_move (user interrupted)
[17:23:04] skip: mouse_vertical_move (user interrupted)
[17:23:09] skip: mouse_short_move (user interrupted)
[17:23:14] skip: mouse_zigzag_two_segments (user interrupted)
[17:23:19] skip: mouse_curved_ease_in (user interrupted)
[17:23:24] skip: mouse_zigzag_two_segments (user interrupted)
[17:23:29] keyboard: key_hold(shift, (0.5, 1.2)) - 2m58s
[17:24:23] skip: mouse_short_move (user interrupted)
[17:24:29] skip: mouse_horizontal_move (user interrupted)
[17:24:34] skip: mouse_long_move (user interrupted)
[17:24:39] keyboard: key_tap(ctrlleft) - 1m9s
[17:25:52] skip: mouse_big_jump (user interrupted)
[17:25:57] skip: key_alt_tab_bounce(6) (user interrupted)
[17:26:02] skip: mouse (user active)
[17:26:08] skip: key_alt_tab_bounce(4) (user interrupted)
[17:26:13] skip: mouse_random_walk_chain (user interrupted)
[17:26:18] skip: mouse_diagonal_move (user interrupted)
[17:26:23] skip: key_triple_tap(shiftleft) (user interrupted)
[17:26:28] keyboard: key_hold(shift, (0.5, 1.2)) - 1m49s
[17:27:10] keyboard: key_tap(ctrlleft) - 0m42s
[17:27:45] skip: key_lock_toggle(numlock, 4) (user interrupted)
[17:27:51] skip: key_sequential_tap(shiftleft, ctrlright) (user interrupted)
[17:27:56] skip: mouse_fast_flick (user interrupted)
[17:28:01] skip: mouse_long_diagonal_sweep (user interrupted)
[17:28:06] skip: key_sequential_tap(ctrl, shift) (user interrupted)
[17:28:11] skip: mouse_random_walk_chain (user interrupted)
[17:28:16] skip: mouse_curved_ease_out (user interrupted)
[17:28:21] skip: mouse_horizontal_move (user interrupted)
[17:28:26] skip: mouse_micro_jitter (user interrupted)
[17:28:31] skip: mouse_zigzag_two_segments (user interrupted)
[17:28:36] skip: mouse_medium_move (user interrupted)
[17:28:41] skip: mouse_slow_wide_drift (user interrupted)
[17:28:46] skip: mouse_micro_jitter (user interrupted)
[17:28:51] skip: mouse_reverse_curve (user interrupted)
[17:28:56] skip: mouse_zigzag_three_segments (user interrupted)
[17:29:01] skip: mouse_reverse_curve (user interrupted)
[17:29:06] skip: mouse_micro_jitter (user interrupted)
[17:29:11] skip: key_double_tap(ctrlright) (user interrupted)
[17:29:16] skip: mouse_curved_ease_in_out (user interrupted)
[17:29:21] skip: mouse_slow_wide_drift (user interrupted)
[17:29:27] skip: key_lock_toggle(capslock, 2) (user interrupted)
[17:29:32] keyboard: key_hold(shiftleft, (0.5, 1.2)) - 2m21s
[17:30:05] skip: mouse_reverse_curve (user interrupted)
[17:30:10] skip: mouse_big_jump (user interrupted)
[17:30:15] keyboard: key_hold(ctrlright, (0.1, 0.4)) - 0m43s
[17:30:51] keyboard: key_tap(ctrlright) - 0m36s
[17:32:00] skip: mouse_zigzag_two_segments (user interrupted)
[17:32:05] skip: key_sequential_tap(ctrlright, shiftleft) (user interrupted)
[17:32:10] skip: mouse_big_jump (user interrupted)
[17:32:15] skip: mouse_random_walk_chain (user interrupted)
[17:32:20] skip: key_sequential_tap(shift, ctrl) (user interrupted)
[17:32:25] skip: mouse_zigzag_two_segments (user interrupted)
[17:32:30] skip: mouse_medium_move (user interrupted)
[17:32:35] keyboard: key_hold(shift, (0.1, 0.4)) - 1m43s
[17:33:35] skip: mouse_medium_move (user interrupted)
[17:33:40] skip: mouse_curved_ease_in_out (user interrupted)
[17:33:46] skip: key_lock_toggle(scrolllock, 2) (user interrupted)
[17:33:51] skip: mouse_fast_flick (user interrupted)
[17:33:56] skip: mouse_short_move (user interrupted)
[17:34:02] skip: key_alt_tab_bounce(2) (user interrupted)
[17:34:07] skip: mouse_vertical_move (user interrupted)
[17:34:12] keyboard: key_hold(ctrlleft, (0.5, 1.2)) - 1m36s
[17:35:04] skip: mouse_medium_move (user interrupted)
[17:35:09] skip: mouse_slow_wide_drift (user interrupted)
[17:35:14] skip: mouse_big_jump (user interrupted)
[17:35:19] keyboard: key_hold(shiftright, (0.5, 1.2)) - 1m7s
[17:36:07] skip: key_triple_tap(shiftright) (user interrupted)
[17:36:12] skip: mouse_big_jump (user interrupted)
[17:36:18] skip: key_sequential_tap(shiftleft, ctrlright) (user interrupted)
[17:36:23] skip: key_lock_toggle(capslock, 4) (user interrupted)
[17:36:28] skip: mouse_curved_ease_in_out (user interrupted)
[17:36:33] skip: key_sequential_tap(ctrlright, shiftleft) (user interrupted)
[17:36:39] skip: key_lock_toggle(numlock, 4) (user interrupted)
[17:36:44] skip: mouse_long_diagonal_sweep (user interrupted)
[17:36:49] skip: mouse_curved_ease_in_out (user interrupted)
[17:36:54] skip: key_sequential_tap(ctrlright, shiftleft) (user interrupted)
[17:36:59] skip: mouse_short_move (user interrupted)
[17:37:05] skip: key_alt_tab_bounce(4) (user interrupted)
[17:37:10] skip: key_lock_toggle(capslock, 4) (user interrupted)
[17:37:15] skip: mouse_slow_drift (user interrupted)
[17:37:20] skip: mouse_zigzag_two_segments (user interrupted)
[17:37:25] skip: mouse_zigzag_three_segments (user interrupted)
[17:37:31] skip: key_alt_tab_bounce(4) (user interrupted)
[17:37:36] skip: mouse_curved_ease_in (user interrupted)
[17:37:41] skip: mouse_random_walk_chain (user interrupted)
[17:37:46] keyboard: key_hold(shift, (0.1, 0.4)) - 2m26s
[17:38:49] skip: key_sequential_tap(shift, ctrl) (user interrupted)
[17:38:54] skip: mouse_slow_drift (user interrupted)
[17:38:59] skip: mouse_long_diagonal_sweep (user interrupted)
[17:39:04] skip: mouse_horizontal_move (user interrupted)
[17:39:10] skip: key_lock_toggle(numlock, 2) (user interrupted)
[17:39:15] skip: mouse_curved_ease_in_out (user interrupted)
[17:39:20] keyboard: key_hold(shift, (0.5, 1.2)) - 1m33s
[17:40:07] skip: mouse_big_jump (user interrupted)
[17:40:12] skip: key_lock_toggle(capslock, 2) (user interrupted)
[17:40:17] skip: mouse_vertical_move (user interrupted)
[17:40:23] skip: key_sequential_tap(ctrlleft, shiftright) (user interrupted)
[17:40:28] skip: key_lock_toggle(numlock, 2) (user interrupted)
[17:40:33] skip: mouse_slow_drift (user interrupted)
[17:40:38] skip: mouse_zigzag_two_segments (user interrupted)
[17:40:43] skip: mouse_random_walk_chain (user interrupted)
[17:40:48] skip: mouse_curved_ease_out (user interrupted)
[17:40:53] keyboard: key_tap(shift) - 1m33s
[17:41:24] skip: key_double_tap(pause) (user interrupted)
[17:41:29] skip: mouse_diagonal_move (user interrupted)
[17:41:35] skip: key_sequential_tap(ctrlleft, shiftright) (user interrupted)
[17:41:40] keyboard: key_hold(shiftright, (0.1, 0.4)) - 0m46s
[17:42:51] keyboard: key_tap(shiftright) - 1m11s
[17:44:00] skip: key_double_tap(pause) (user interrupted)
[17:44:05] skip: mouse_curved_ease_in_out (user interrupted)
[17:44:10] skip: mouse_long_diagonal_sweep (user interrupted)
[17:44:16] skip: key_triple_tap(shiftleft) (user interrupted)
[17:44:21] skip: mouse_big_jump (user interrupted)
[17:44:26] skip: mouse_vertical_move (user interrupted)
[17:44:31] skip: mouse_curved_ease_in (user interrupted)
[17:44:36] keyboard: key_hold(shiftright, (0.5, 1.2)) - 1m44s
[17:45:46] keyboard: key_hold(ctrl, (0.1, 0.4)) - 1m10s
[17:46:54] keyboard: key_hold(shiftright, (0.1, 0.4)) - 1m8s
[17:47:37] skip: mouse_long_move (user interrupted)
[17:47:42] skip: mouse_fast_flick (user interrupted)
[17:47:48] skip: key_alt_tab_bounce(4) (user interrupted)
[17:47:53] skip: key_alt_tab_bounce(10) (user interrupted)
[17:47:58] skip: mouse_horizontal_move (user interrupted)
[17:48:03] skip: key_double_tap(shift) (user interrupted)
[17:48:08] keyboard: key_tap(ctrl) - 1m14s
[17:49:09] keyboard: key_hold(shiftleft, (0.5, 1.2)) - 1m0s
[17:50:06] skip: mouse_curved_ease_out (user interrupted)
[17:50:11] skip: key_alt_tab_bounce(4) (user interrupted)
[17:50:16] skip: keyboard (user active)
[17:50:21] skip: mouse_zigzag_three_segments (user interrupted)
[17:50:26] skip: mouse_tiny_step (user interrupted)
[17:50:31] keyboard: key_tap(shiftleft) - 1m22s
[17:51:30] skip: key_double_tap(shiftleft) (user interrupted)
[17:51:35] keyboard: key_hold(ctrlright, (0.5, 1.2)) - 1m3s
[17:52:39] skip: mouse_random_walk_chain (user interrupted)
[17:52:44] skip: keyboard (user active)
[17:52:49] skip: key_lock_toggle(numlock, 4) (user interrupted)
[17:52:54] skip: mouse_medium_move (user interrupted)
[17:52:59] skip: mouse (user active)
[17:53:04] keyboard: key_hold(ctrl, (0.1, 0.4)) - 1m29s
[17:53:53] skip: mouse_tiny_step (user interrupted)
[17:53:59] skip: key_triple_tap(shiftright) (user interrupted)
[17:54:04] skip: key_double_tap(ctrl) (user interrupted)
[17:54:09] keyboard: key_hold(ctrl, (0.1, 0.4)) - 1m4s
[17:54:44] skip: keyboard (user active)
[17:54:49] skip: mouse (user active)
[17:54:54] keyboard: key_hold(ctrl, (0.5, 1.2)) - 0m45s
[17:55:37] skip: mouse_long_move (user interrupted)
[17:55:42] skip: keyboard (user active)
[17:55:48] skip: mouse_short_move (user interrupted)
[17:55:53] skip: keyboard (user active)
[17:55:58] skip: mouse_horizontal_move (user interrupted)
[17:56:03] skip: mouse_zigzag_two_segments (user interrupted)
[17:56:08] skip: mouse_reverse_curve (user interrupted)
[17:56:13] keyboard: key_tap(ctrlright) - 1m18s
[17:56:52] skip: key_lock_toggle(scrolllock, 2) (user interrupted)
[17:56:57] skip: key_triple_tap(shiftright) (user interrupted)
[17:57:02] skip: key_triple_tap(shiftleft) (user interrupted)
[17:57:07] skip: mouse_zigzag_two_segments (user interrupted)
[17:57:12] skip: mouse_big_jump (user interrupted)
[17:57:18] skip: key_lock_toggle(capslock, 2) (user interrupted)
[17:57:23] skip: mouse_micro_jitter (user interrupted)
[17:57:28] keyboard: key_hold(shiftleft, (0.1, 0.4)) - 1m15s
[17:58:28] keyboard: key_hold(shift, (0.5, 1.2)) - 1m0s
[17:59:39] skip: key_alt_tab_bounce(2) (user interrupted)
[17:59:44] keyboard: key_tap(ctrl) - 1m15s
[18:00:19] skip: mouse_curved_ease_in (user interrupted)
[18:00:24] skip: key_lock_toggle(capslock, 2) (user interrupted)
[18:00:29] skip: keyboard (user active)
[18:00:34] skip: keyboard (user active)
[18:00:39] skip: mouse_big_jump (user interrupted)
[18:00:45] skip: key_alt_tab_bounce(6) (user interrupted)
[18:00:50] skip: mouse (user active)
[18:00:55] skip: key_double_tap(ctrlleft) (user interrupted)
[18:01:01] skip: key_lock_toggle(numlock, 2) (user interrupted)
[18:01:06] keyboard: key_hold(shiftleft, (0.5, 1.2)) - 1m21s
[18:01:49] skip: mouse_big_jump (user interrupted)
[18:01:54] skip: keyboard (user active)
[18:01:59] skip: mouse_random_walk_chain (user interrupted)
[18:02:04] keyboard: key_hold(ctrlleft, (0.5, 1.2)) - 0m58s
[18:03:13] skip: mouse_micro_jitter (user interrupted)
[18:03:18] skip: key_lock_toggle(numlock, 4) (user interrupted)
[18:03:23] skip: mouse_long_diagonal_sweep (user interrupted)
[18:03:28] skip: mouse_short_move (user interrupted)
[18:03:33] skip: mouse_long_diagonal_sweep (user interrupted)
[18:03:39] skip: mouse_medium_move (user interrupted)
[18:03:44] skip: key_double_tap(shift) (user interrupted)
[18:03:49] skip: mouse_zigzag_two_segments (user interrupted)
[18:03:54] skip: key_double_tap(shift) (user interrupted)
[18:04:00] skip: key_alt_tab_bounce(10) (user interrupted)
[18:04:05] skip: key_double_tap(pause) (user interrupted)
[18:04:10] skip: mouse_long_move (user interrupted)
[18:04:15] keyboard: key_hold(shift, (0.1, 0.4)) - 2m10s
[18:05:29] skip: keyboard (user active)
[18:05:34] skip: mouse (user active)
[18:05:39] skip: mouse (user active)
[18:05:44] skip: keyboard (user active)
[18:05:49] skip: key_triple_tap(shiftright) (user interrupted)
[18:05:54] skip: mouse_curved_ease_out (user interrupted)
[18:05:59] skip: mouse_zigzag_three_segments (user interrupted)
[18:06:04] skip: mouse_micro_jitter (user interrupted)
[18:06:09] skip: mouse_long_diagonal_sweep (user interrupted)
[18:06:15] skip: key_lock_toggle(capslock, 4) (user interrupted)
[18:06:20] skip: key_lock_toggle(scrolllock, 2) (user interrupted)
[18:06:25] skip: mouse_slow_drift (user interrupted)
[18:06:31] skip: key_lock_toggle(capslock, 4) (user interrupted)
[18:06:36] keyboard: key_hold(ctrl, (0.1, 0.4)) - 2m20s
[18:07:35] skip: key_triple_tap(ctrlleft) (user interrupted)
[18:07:40] skip: mouse_slow_drift (user interrupted)
[18:07:45] keyboard: key_tap(ctrl) - 1m9s
[18:08:23] skip: key_triple_tap(ctrlleft) (user interrupted)
[18:08:28] keyboard: key_tap(shiftleft) - 0m43s
[18:09:08] skip: key_alt_tab_bounce(4) (user interrupted)
[18:09:13] skip: mouse_micro_jitter (user interrupted)
[18:09:18] skip: mouse (user active)
[18:09:23] skip: mouse (user active)
[18:09:28] skip: mouse (user active)
[18:09:33] skip: keyboard (user active)
[18:09:38] skip: mouse_zigzag_three_segments (user interrupted)
[18:09:43] skip: key_modifier_medley(2) (user interrupted)
[18:09:48] skip: mouse_zigzag_three_segments (user interrupted)
[18:09:53] keyboard: key_tap(shiftleft) - 1m24s
[18:10:40] keyboard: key_hold(shift, (0.5, 1.2)) - 0m47s
[18:11:31] skip: mouse_zigzag_three_segments (user interrupted)
[18:11:36] keyboard: key_tap(shiftleft) - 0m56s
[18:07:18] App Pro started.
[18:07:18] Mode: both | Schedule: 10:00-19:30 Mon-Fri (Active)
[18:07:59] skip: mouse_vertical_move (user interrupted)
[18:08:04] skip: key_sequential_tap(shift, ctrl) (user interrupted)
[18:08:09] skip: mouse_fast_flick (user interrupted)
[18:08:14] skip: mouse_long_diagonal_sweep (user interrupted)
[18:08:19] skip: mouse_slow_drift (user interrupted)
[18:08:24] skip: key_triple_tap(ctrlright) (user interrupted)
[18:08:29] skip: mouse_curved_ease_in_out (user interrupted)
[18:08:34] skip: keyboard (user active)
[18:08:39] skip: mouse_slow_drift (user interrupted)
[18:08:44] skip: mouse_fast_flick (user interrupted)
[18:08:50] skip: key_triple_tap(shiftright) (user interrupted)
[18:08:55] keyboard: key_tap(shiftleft) - 1m37s
[18:09:49] skip: key_sequential_tap(ctrlright, shiftleft) (user interrupted)
[18:09:54] keyboard: key_tap(pause) - 0m59s
[18:10:57] skip: key_modifier_medley(4) (user interrupted)
[18:11:03] skip: key_modifier_medley(2) (user interrupted)
[18:11:08] skip: mouse_short_move (user interrupted)
[18:11:13] skip: mouse_slow_drift (user interrupted)
[18:11:18] skip: key_modifier_medley(4) (user interrupted)
[18:11:23] skip: key_sequential_tap(shiftright, ctrlleft) (user interrupted)
[18:11:28] skip: mouse_horizontal_move (user interrupted)
[18:11:33] skip: mouse_fast_flick (user interrupted)
[18:11:38] skip: mouse_vertical_move (user interrupted)
[18:11:43] skip: mouse_reverse_curve (user interrupted)
[18:11:48] skip: mouse_medium_move (user interrupted)
[18:11:53] skip: mouse_long_diagonal_sweep (user interrupted)
[18:11:59] skip: key_alt_tab_bounce(6) (user interrupted)
[18:12:04] keyboard: key_hold(ctrlright, (0.1, 0.4)) - 2m9s
[18:12:43] skip: key_triple_tap(ctrlleft) (user interrupted)
[18:12:48] skip: mouse_zigzag_two_segments (user interrupted)
[18:12:54] skip: key_sequential_tap(shift, ctrl) (user interrupted)
[18:12:59] skip: mouse_medium_move (user interrupted)
[18:13:04] skip: mouse_zigzag_two_segments (user interrupted)
[18:13:09] skip: mouse_random_walk_chain (user interrupted)
[18:13:14] skip: key_double_tap(shiftleft) (user interrupted)
[18:13:19] skip: key_double_tap(ctrlleft) (user interrupted)
[18:13:24] skip: mouse_horizontal_move (user interrupted)
[18:13:29] skip: mouse_curved_ease_out (user interrupted)
[18:13:34] skip: mouse_long_diagonal_sweep (user interrupted)
[18:13:40] keyboard: key_hold(ctrl, (0.5, 1.2)) - 1m35s
[18:14:31] skip: mouse_long_diagonal_sweep (user interrupted)
[18:14:36] skip: key_double_tap(shiftleft) (user interrupted)
[18:14:41] skip: mouse_horizontal_move (user interrupted)
[18:14:46] skip: key_double_tap(ctrlright) (user interrupted)
[18:14:51] skip: mouse_long_diagonal_sweep (user interrupted)
[18:14:57] skip: key_lock_toggle(numlock, 4) (user interrupted)
[18:15:02] skip: mouse_big_jump (user interrupted)
[18:15:07] keyboard: key_tap(ctrlright) - 1m27s
[18:15:42] skip: key_sequential_tap(ctrl, shift) (user interrupted)
[18:15:47] keyboard: key_hold(shiftleft, (0.1, 0.4)) - 0m40s
[18:16:48] skip: key_double_tap(shift) (user interrupted)
[18:16:53] skip: mouse_tiny_step (user interrupted)
[18:16:58] skip: key_double_tap(ctrlright) (user interrupted)
[18:17:03] skip: mouse_short_move (user interrupted)
[18:17:08] skip: mouse_curved_ease_out (user interrupted)
[18:17:13] skip: key_sequential_tap(shiftleft, ctrlright) (user interrupted)
[18:17:19] skip: key_lock_toggle(capslock, 2) (user interrupted)
[18:17:24] skip: key_lock_toggle(capslock, 2) (user interrupted)
[18:17:29] skip: mouse_zigzag_three_segments (user interrupted)
[18:17:34] skip: mouse_tiny_step (user interrupted)
[18:17:39] skip: key_double_tap(shift) (user interrupted)
[18:17:44] skip: mouse_short_move (user interrupted)
[18:17:49] keyboard: key_tap(pause) - 2m2s
[18:18:59] skip: key_lock_toggle(scrolllock, 2) (user interrupted)
[18:19:04] skip: mouse_long_move (user interrupted)
[18:19:09] skip: key_lock_toggle(capslock, 4) (user interrupted)
[18:19:15] skip: key_triple_tap(ctrlright) (user interrupted)
[18:19:20] skip: mouse_slow_wide_drift (user interrupted)
[18:19:25] keyboard: key_tap(ctrlleft) - 1m35s
[18:20:36] skip: mouse_long_move (user interrupted)
[18:20:41] keyboard: key_tap(shiftright) - 1m16s
[18:21:39] skip: key_sequential_tap(shift, ctrl) (user interrupted)
[18:21:44] keyboard: key_tap(shiftleft) - 1m3s
[18:22:48] skip: key_modifier_medley(4) (user interrupted)
[18:22:54] skip: key_double_tap(shift) (user interrupted)
[18:22:59] skip: key_lock_toggle(capslock, 2) (user interrupted)
[18:23:04] skip: mouse_curved_ease_out (user interrupted)
[18:23:09] skip: mouse_curved_ease_in_out (user interrupted)
[18:23:14] skip: mouse_zigzag_three_segments (user interrupted)
[18:23:19] skip: key_double_tap(shift) (user interrupted)
[18:23:24] skip: mouse_short_move (user interrupted)
[18:23:30] keyboard: key_hold(ctrlleft, (0.5, 1.2)) - 1m45s
[18:24:25] skip: mouse_zigzag_two_segments (user interrupted)
[18:24:30] skip: mouse_reverse_curve (user interrupted)
[18:24:35] skip: key_sequential_tap(ctrlleft, shiftright) (user interrupted)
[18:24:40] skip: mouse_tiny_step (user interrupted)
[18:24:45] skip: mouse_horizontal_move (user interrupted)
[18:24:50] keyboard: key_tap(shift) - 1m20s
[18:25:22] skip: key_alt_tab_bounce(6) (user interrupted)
[18:25:28] skip: key_triple_tap(ctrl) (user interrupted)
[18:25:33] skip: mouse_micro_jitter (user interrupted)
[18:25:38] skip: mouse_curved_ease_out (user interrupted)
[18:25:43] skip: key_lock_toggle(capslock, 2) (user interrupted)
[18:25:49] skip: key_sequential_tap(shiftright, ctrlleft) (user interrupted)
[18:25:54] skip: key_modifier_medley(4) (user interrupted)
[18:25:59] keyboard: key_tap(shiftright) - 1m8s
[18:26:57] skip: mouse_reverse_curve (user interrupted)
[18:27:02] skip: key_sequential_tap(ctrlleft, shiftright) (user interrupted)
[18:27:08] skip: key_lock_toggle(numlock, 2) (user interrupted)
[18:27:13] skip: key_lock_toggle(capslock, 4) (user interrupted)
[18:27:18] skip: mouse_diagonal_move (user interrupted)
[18:27:23] skip: mouse_curved_ease_in_out (user interrupted)
[18:27:28] skip: mouse_diagonal_move (user interrupted)
[18:27:33] skip: mouse_random_walk_chain (user interrupted)
[18:27:38] skip: mouse (user active)
[18:27:43] skip: mouse (user active)
[18:27:48] skip: mouse (user active)
[18:27:53] skip: mouse_long_diagonal_sweep (user interrupted)
[18:27:59] skip: key_alt_tab_bounce(6) (user interrupted)
[18:28:04] skip: key_sequential_tap(shiftright, ctrlleft) (user interrupted)
[18:28:09] skip: key_sequential_tap(ctrlleft, shiftright) (user interrupted)
[18:28:14] skip: mouse_vertical_move (user interrupted)
[18:28:19] skip: mouse_reverse_curve (user interrupted)
[18:28:24] skip: mouse_short_move (user interrupted)
[18:28:29] skip: key_triple_tap(ctrlright) (user interrupted)
[18:28:35] skip: key_sequential_tap(shift, ctrl) (user interrupted)
[18:28:40] skip: mouse_zigzag_three_segments (user interrupted)
[18:28:45] skip: key_triple_tap(ctrl) (user interrupted)
[18:28:50] skip: key_double_tap(pause) (user interrupted)
[18:28:55] skip: mouse_zigzag_two_segments (user interrupted)
[18:29:00] skip: key_lock_toggle(numlock, 2) (user interrupted)
[18:29:05] skip: mouse_diagonal_move (user interrupted)
[18:29:11] keyboard: key_hold(shiftright, (0.1, 0.4)) - 3m11s
[18:29:52] skip: mouse_diagonal_move (user interrupted)
[18:29:57] skip: mouse_slow_drift (user interrupted)
[18:30:02] skip: key_triple_tap(ctrlleft) (user interrupted)
[18:30:07] keyboard: key_hold(ctrl, (0.5, 1.2)) - 0m56s
[18:31:05] skip: key_lock_toggle(numlock, 4) (user interrupted)
[18:31:11] keyboard: key_hold(ctrlleft, (0.5, 1.2)) - 1m3s
[18:31:53] skip: key_triple_tap(ctrlleft) (user interrupted)
[18:31:58] skip: mouse_zigzag_three_segments (user interrupted)
[18:32:03] skip: key_lock_toggle(scrolllock, 2) (user interrupted)
[18:32:08] skip: mouse_vertical_move (user interrupted)
[18:32:13] skip: mouse_micro_jitter (user interrupted)
[18:32:18] keyboard: key_hold(ctrl, (0.5, 1.2)) - 1m7s
[18:33:14] skip: mouse_slow_drift (user interrupted)
[18:33:20] keyboard: key_hold(shiftright, (0.1, 0.4)) - 1m1s
[18:34:25] skip: key_sequential_tap(shift, ctrl) (user interrupted)
[18:34:30] keyboard: key_hold(ctrlleft, (0.5, 1.2)) - 1m10s
[18:35:26] keyboard: key_tap(ctrl) - 0m56s
[18:36:28] skip: mouse_fast_flick (user interrupted)
[18:36:33] skip: mouse_big_jump (user interrupted)
[18:36:39] skip: key_lock_toggle(scrolllock, 2) (user interrupted)
[18:36:44] skip: mouse_diagonal_move (user interrupted)
[18:36:49] keyboard: key_hold(ctrlleft, (0.1, 0.4)) - 1m22s
[18:37:50] skip: mouse_random_walk_chain (user interrupted)
[18:37:55] skip: mouse_medium_move (user interrupted)
[18:38:00] skip: mouse_vertical_move (user interrupted)
[18:38:05] skip: mouse_fast_flick (user interrupted)
[18:38:10] skip: mouse_slow_drift (user interrupted)
[18:38:15] keyboard: key_hold(ctrlleft, (0.5, 1.2)) - 1m26s
[18:39:05] skip: key_alt_tab_bounce(10) (user interrupted)
[18:39:10] skip: key_triple_tap(shiftleft) (user interrupted)
[18:39:15] keyboard: key_tap(ctrlleft) - 0m59s
[18:39:52] skip: mouse_short_move (user interrupted)
[18:39:57] skip: mouse_long_diagonal_sweep (user interrupted)
[18:40:02] skip: mouse_curved_ease_in (user interrupted)
[18:40:07] keyboard: key_hold(shiftleft, (0.5, 1.2)) - 0m52s
[18:40:43] skip: key_sequential_tap(shift, ctrl) (user interrupted)
[18:40:49] skip: mouse_diagonal_move (user interrupted)
[18:40:54] skip: mouse_slow_wide_drift (user interrupted)
[18:40:59] skip: mouse (user active)
[18:41:04] skip: keyboard (user active)
[18:41:09] skip: mouse_long_move (user interrupted)
[18:41:14] skip: mouse_micro_jitter (user interrupted)
[18:41:19] skip: mouse_zigzag_two_segments (user interrupted)
[18:41:24] skip: keyboard (user active)
[18:41:29] skip: keyboard (user active)
[18:41:34] skip: mouse (user active)
[18:41:39] skip: mouse (user active)
[18:41:44] skip: keyboard (user active)
[18:41:49] skip: mouse (user active)
[18:41:54] skip: keyboard (user active)
[18:41:59] skip: mouse (user active)
[18:42:04] skip: keyboard (user active)
[18:42:09] skip: keyboard (user active)
[18:42:14] skip: keyboard (user active)
[18:42:19] skip: key_lock_toggle(numlock, 4) (user interrupted)
[18:42:24] skip: keyboard (user active)
[18:42:29] skip: mouse (user active)
[18:42:34] skip: keyboard (user active)
[18:42:39] skip: key_alt_tab_bounce(2) (user interrupted)
[18:42:44] skip: mouse (user active)
[18:42:49] skip: mouse_curved_ease_in (user interrupted)
[18:42:55] skip: key_lock_toggle(capslock, 2) (user interrupted)
[18:43:00] keyboard: key_hold(shiftright, (0.5, 1.2)) - 2m52s
[18:43:31] skip: mouse (user active)
[18:43:36] skip: mouse (user active)
[18:43:41] skip: mouse (user active)
[18:43:46] skip: keyboard (user active)
[18:43:51] keyboard: key_hold(ctrlright, (0.5, 1.2)) - 0m51s
[18:44:53] keyboard: key_tap(shift) - 1m2s
[18:45:42] skip: mouse (user active)
[18:45:47] skip: mouse (user active)
[18:45:52] skip: mouse_reverse_curve (user interrupted)
[18:45:57] skip: keyboard (user active)
[18:46:02] keyboard: key_tap(shift) - 1m9s
[18:47:07] skip: keyboard (user active)
[18:47:12] skip: key_double_tap(ctrlright) (user interrupted)
[18:47:17] skip: mouse_micro_jitter (user interrupted)
[18:47:22] skip: mouse_tiny_step (user interrupted)
[18:47:28] keyboard: key_hold(shiftleft, (0.1, 0.4)) - 1m25s
[18:48:00] skip: mouse_short_move (user interrupted)
[18:48:05] skip: keyboard (user active)
[18:48:10] keyboard: key_hold(ctrl, (0.1, 0.4)) - 0m42s
[18:48:48] skip: mouse_long_diagonal_sweep (user interrupted)
[18:48:53] skip: keyboard (user active)
[18:48:58] skip: keyboard (user active)
[18:49:03] skip: keyboard (user active)
[18:49:08] skip: keyboard (user active)
[18:49:13] skip: mouse (user active)
[18:49:18] skip: mouse_random_walk_chain (user interrupted)
[18:49:23] skip: mouse_curved_ease_out (user interrupted)
[18:49:28] skip: key_triple_tap(ctrlleft) (user interrupted)
[18:49:33] keyboard: key_tap(pause) - 1m23s
[18:50:44] skip: mouse_big_jump (user interrupted)
[18:50:49] keyboard: key_tap(pause) - 1m16s
[18:51:31] skip: keyboard (user active)
[18:51:36] skip: keyboard (user active)
[18:51:41] skip: mouse_fast_flick (user interrupted)
[18:51:46] skip: mouse (user active)
[18:51:51] skip: mouse (user active)
[18:51:56] skip: keyboard (user active)
[18:52:01] skip: mouse_slow_drift (user interrupted)
[18:52:06] keyboard: key_tap(ctrl) - 1m17s
[18:53:07] skip: keyboard (user active)
[18:53:12] skip: mouse (user active)
[18:53:17] skip: keyboard (user active)
[18:53:22] skip: keyboard (user active)
[18:53:27] skip: mouse_slow_drift (user interrupted)
[18:53:33] skip: key_sequential_tap(shiftright, ctrlleft) (user interrupted)
[18:53:38] skip: mouse_slow_wide_drift (user interrupted)
[18:53:43] skip: key_modifier_medley(4) (user interrupted)
[18:53:48] skip: key_sequential_tap(ctrlleft, shiftright) (user interrupted)
[18:53:54] skip: key_sequential_tap(ctrlleft, shiftright) (user interrupted)
[18:53:59] skip: key_alt_tab_bounce(4) (user interrupted)
[18:54:05] skip: key_alt_tab_bounce(8) (user interrupted)
[18:54:10] skip: keyboard (user active)
[18:54:15] skip: keyboard (user active)
[18:54:20] skip: mouse_diagonal_move (user interrupted)
[18:54:25] skip: keyboard (user active)
[18:54:30] skip: mouse (user active)
[18:54:35] skip: mouse (user active)
[18:54:40] skip: keyboard (user active)
[18:54:45] skip: keyboard (user active)
[18:54:50] keyboard: key_tap(pause) - 2m43s
[18:56:05] skip: key_sequential_tap(ctrlright, shiftleft) (user interrupted)
[18:56:10] skip: key_double_tap(pause) (user interrupted)
[18:56:16] skip: mouse_short_move (user interrupted)
[18:56:21] skip: key_alt_tab_bounce(4) (user interrupted)
[18:56:26] skip: keyboard (user active)
[18:56:31] skip: keyboard (user active)
[18:56:36] skip: keyboard (user active)
[18:56:41] skip: keyboard (user active)
[18:56:46] skip: mouse (user active)
[18:56:52] skip: key_alt_tab_bounce(8) (user interrupted)
[18:56:57] skip: keyboard (user active)
[18:57:02] skip: mouse (user active)
[18:57:07] skip: keyboard (user active)
[18:57:12] skip: mouse (user active)
[18:57:17] skip: keyboard (user active)
[18:57:22] skip: mouse (user active)
[18:57:27] skip: keyboard (user active)
[18:57:32] skip: keyboard (user active)
[18:57:37] skip: keyboard (user active)
[18:57:42] skip: mouse (user active)
[18:57:47] skip: mouse_curved_ease_in (user interrupted)
[18:57:52] skip: mouse_short_move (user interrupted)
[18:57:57] skip: key_double_tap(shiftright) (user interrupted)
[18:58:02] keyboard: key_tap(shift) - 3m12s
[18:58:45] skip: key_alt_tab_bounce(4) (user interrupted)
[18:58:50] skip: mouse_big_jump (user interrupted)
[18:58:55] skip: mouse_slow_drift (user interrupted)
[18:59:00] skip: keyboard (user active)
[18:59:05] skip: keyboard (user active)
[18:59:10] skip: key_lock_toggle(capslock, 2) (user interrupted)
[18:59:15] skip: mouse_tiny_step (user interrupted)
[18:59:20] skip: mouse_zigzag_two_segments (user interrupted)
[18:59:25] skip: mouse (user active)
[18:59:30] skip: mouse (user active)
[18:59:35] skip: mouse_vertical_move (user interrupted)
[18:59:40] keyboard: key_tap(shift) - 1m38s
[19:00:23] skip: key_triple_tap(shift) (user interrupted)
[19:00:29] keyboard: key_hold(ctrlleft, (0.5, 1.2)) - 0m48s
[19:01:15] keyboard: key_tap(pause) - 0m46s
[19:02:00] skip: mouse_fast_flick (user interrupted)
[19:02:05] skip: mouse_zigzag_two_segments (user interrupted)
[19:02:10] skip: mouse_slow_wide_drift (user interrupted)
[19:02:15] skip: key_sequential_tap(shift, ctrl) (user interrupted)
[19:02:20] skip: mouse_zigzag_three_segments (user interrupted)
[19:02:25] keyboard: key_hold(shiftright, (0.5, 1.2)) - 1m10s
[19:03:11] skip: mouse_vertical_move (user interrupted)
[19:03:16] skip: keyboard (user active)
[19:03:21] skip: mouse_zigzag_two_segments (user interrupted)
[19:03:26] skip: mouse (user active)
[19:03:31] skip: key_double_tap(ctrlleft) (user interrupted)
[19:03:36] skip: mouse_reverse_curve (user interrupted)
[19:03:41] skip: keyboard (user active)
[19:03:46] skip: mouse_random_walk_chain (user interrupted)
[19:03:51] skip: mouse_micro_jitter (user interrupted)
[19:03:57] skip: key_alt_tab_bounce(6) (user interrupted)
[19:04:02] skip: mouse (user active)
[19:04:07] skip: mouse (user active)
[19:04:12] skip: keyboard (user active)
[19:04:17] skip: mouse (user active)
[19:04:22] skip: mouse (user active)
[19:04:27] skip: mouse_curved_ease_out (user interrupted)
[19:04:32] keyboard: key_hold(ctrl, (0.1, 0.4)) - 2m6s
[19:05:08] skip: mouse_vertical_move (user interrupted)
[19:05:13] skip: mouse_medium_move (user interrupted)
[19:05:18] skip: mouse_long_move (user interrupted)
[19:05:23] skip: mouse_long_diagonal_sweep (user interrupted)
[19:05:28] skip: mouse_short_move (user interrupted)
[19:05:33] skip: mouse_short_move (user interrupted)
[19:05:39] skip: key_lock_toggle(capslock, 2) (user interrupted)
[19:05:44] skip: keyboard (user active)
[19:05:49] skip: mouse_medium_move (user interrupted)
[19:05:54] skip: mouse (user active)
[19:05:59] skip: keyboard (user active)
[19:06:04] skip: keyboard (user active)
[11:00:50] App Pro started.
[11:00:50] Mode: both | Schedule: 10:00-19:30 Mon-Fri (Active)
[11:01:30] keyboard: key_hold(shiftright, (0.1, 0.4)) - 0m40s
[11:02:37] skip: mouse_random_walk_chain (user interrupted)
[11:02:42] skip: mouse_random_walk_chain (user interrupted)
[11:02:47] keyboard: key_hold(ctrl, (0.5, 1.2)) - 1m17s
[11:03:47] keyboard: key_hold(shift, (0.5, 1.2)) - 1m0s
[11:04:36] skip: mouse_reverse_curve (user interrupted)
[11:04:41] skip: mouse_curved_ease_out (user interrupted)
[11:04:47] keyboard: key_hold(ctrl, (0.5, 1.2)) - 0m59s
[11:05:51] keyboard: key_hold(ctrl, (0.5, 1.2)) - 1m4s
[11:07:06] skip: key_alt_tab_bounce(10) (user interrupted)
[11:07:12] skip: key_sequential_tap(shiftright, ctrlleft) (user interrupted)
[11:07:17] keyboard: key_hold(ctrlright, (0.5, 1.2)) - 1m25s
[11:08:14] skip: mouse_reverse_curve (user interrupted)
[11:08:19] keyboard: key_tap(ctrl) - 1m2s
[11:09:26] skip: mouse_slow_drift (user interrupted)
[11:09:31] skip: mouse_horizontal_move (user interrupted)
[11:09:36] skip: mouse_short_move (user interrupted)
[11:09:41] keyboard: key_hold(shift, (0.1, 0.4)) - 1m22s
[11:10:19] keyboard: key_tap(pause) - 0m38s
[11:11:14] keyboard: key_hold(ctrl, (0.5, 1.2)) - 0m55s
[11:11:59] skip: mouse (user active)
[11:12:04] skip: mouse_short_move (user interrupted)
[11:12:09] skip: mouse_big_jump (user interrupted)
[11:12:14] skip: keyboard (user active)
[11:12:19] skip: mouse_fast_flick (user interrupted)
[11:12:24] skip: mouse_diagonal_move (user interrupted)
[11:12:30] skip: key_lock_toggle(numlock, 4) (user interrupted)
[11:12:35] skip: mouse_reverse_curve (user interrupted)
[11:12:40] skip: mouse_big_jump (user interrupted)
[11:12:45] skip: mouse_slow_wide_drift (user interrupted)
[11:12:50] skip: mouse_micro_jitter (user interrupted)
[11:12:55] skip: key_double_tap(ctrl) (user interrupted)
[11:13:00] skip: key_triple_tap(ctrlleft) (user interrupted)
[11:13:05] skip: mouse_slow_wide_drift (user interrupted)
[11:13:10] skip: mouse_long_diagonal_sweep (user interrupted)
[11:13:15] skip: mouse_slow_wide_drift (user interrupted)
[11:13:21] skip: key_modifier_medley(4) (user interrupted)
[11:13:26] skip: mouse_short_move (user interrupted)
[11:13:31] keyboard: key_tap(shiftleft) - 2m16s
[11:14:02] skip: key_alt_tab_bounce(4) (user interrupted)
[11:14:07] skip: mouse_tiny_step (user interrupted)
[11:14:12] skip: key_double_tap(ctrlright) (user interrupted)
[11:14:17] skip: mouse_curved_ease_in (user interrupted)
[11:14:22] skip: mouse_reverse_curve (user interrupted)
[11:14:27] skip: mouse_big_jump (user interrupted)
[11:14:33] keyboard: key_tap(shiftleft) - 1m1s
[11:15:13] skip: mouse_random_walk_chain (user interrupted)
[11:15:18] skip: mouse_vertical_move (user interrupted)
[11:15:23] skip: mouse_zigzag_two_segments (user interrupted)
[11:15:28] skip: mouse (user active)
[11:15:33] keyboard: key_hold(ctrlleft, (0.1, 0.4)) - 1m0s
[11:16:42] skip: mouse_slow_drift (user interrupted)
[11:16:47] keyboard: key_tap(ctrlleft) - 1m14s
[11:18:02] skip: key_double_tap(ctrlright) (user interrupted)
[11:18:07] skip: keyboard (user active)
[11:18:12] skip: mouse_reverse_curve (user interrupted)
[11:18:17] keyboard: key_hold(shiftleft, (0.1, 0.4)) - 1m30s
[11:19:00] skip: key_triple_tap(ctrlright) (user interrupted)
[11:19:05] skip: mouse_random_walk_chain (user interrupted)
[11:19:10] skip: mouse_slow_wide_drift (user interrupted)
[11:19:15] skip: mouse_slow_drift (user interrupted)
[11:19:20] keyboard: key_hold(shiftleft, (0.1, 0.4)) - 1m2s
[11:20:26] skip: mouse_slow_wide_drift (user interrupted)
[11:20:31] skip: mouse_zigzag_two_segments (user interrupted)
[11:20:36] skip: key_triple_tap(ctrl) (user interrupted)
[11:20:41] skip: mouse_curved_ease_out (user interrupted)
[11:20:46] skip: mouse_curved_ease_out (user interrupted)
[11:20:51] skip: mouse_slow_drift (user interrupted)
[11:20:56] skip: key_triple_tap(ctrl) (user interrupted)
[11:21:01] skip: mouse (user active)
[11:21:06] skip: mouse (user active)
[11:21:11] skip: mouse_slow_wide_drift (user interrupted)
[11:21:16] skip: mouse_zigzag_three_segments (user interrupted)
[11:21:22] skip: key_triple_tap(ctrlleft) (user interrupted)
[11:21:27] skip: key_alt_tab_bounce(8) (user interrupted)
[11:21:32] skip: mouse_big_jump (user interrupted)
[11:21:37] skip: mouse_zigzag_two_segments (user interrupted)
[11:21:42] keyboard: key_tap(shiftleft) - 2m22s
[11:22:47] keyboard: key_tap(shiftleft) - 1m5s
[11:24:01] skip: mouse (user active)
[11:24:06] skip: mouse (user active)
[11:24:11] skip: mouse (user active)
[11:24:16] skip: keyboard (user active)
[11:24:21] skip: mouse (user active)
[11:24:26] skip: mouse (user active)
[11:24:31] skip: mouse_zigzag_three_segments (user interrupted)
[11:24:36] skip: mouse_zigzag_three_segments (user interrupted)
[11:24:42] skip: key_triple_tap(shiftleft) (user interrupted)
[11:24:47] skip: key_triple_tap(ctrlleft) (user interrupted)
[11:24:52] skip: mouse_curved_ease_out (user interrupted)
[11:24:57] skip: mouse_tiny_step (user interrupted)
[11:25:02] skip: key_sequential_tap(shiftleft, ctrlright) (user interrupted)
[11:25:08] skip: key_alt_tab_bounce(8) (user interrupted)
[11:25:13] keyboard: key_tap(shiftleft) - 2m25s
[11:25:53] skip: mouse_long_diagonal_sweep (user interrupted)
[11:25:58] skip: mouse_slow_wide_drift (user interrupted)
[11:26:03] skip: key_double_tap(pause) (user interrupted)
[11:26:08] skip: mouse_curved_ease_out (user interrupted)
[11:26:13] skip: mouse_tiny_step (user interrupted)
[11:26:18] skip: key_double_tap(ctrlright) (user interrupted)
[11:26:24] skip: mouse_zigzag_two_segments (user interrupted)
[11:26:29] keyboard: key_hold(ctrlright, (0.1, 0.4)) - 1m15s
[11:27:40] skip: mouse_zigzag_two_segments (user interrupted)
[11:27:45] keyboard: key_hold(shiftleft, (0.5, 1.2)) - 1m16s
[11:28:57] skip: key_lock_toggle(scrolllock, 2) (user interrupted)
[11:29:02] skip: mouse_long_move (user interrupted)
[11:29:07] keyboard: key_hold(shiftright, (0.5, 1.2)) - 1m22s
[11:30:05] skip: key_triple_tap(ctrlleft) (user interrupted)
[11:30:10] skip: key_double_tap(shiftright) (user interrupted)
[11:30:15] keyboard: key_hold(shift, (0.5, 1.2)) - 1m7s
[11:31:03] skip: key_double_tap(shiftright) (user interrupted)
[11:31:09] skip: key_lock_toggle(numlock, 2) (user interrupted)
[11:31:14] keyboard: key_hold(ctrlleft, (0.1, 0.4)) - 0m58s
[11:31:59] skip: mouse_tiny_step (user interrupted)
[11:32:04] skip: mouse_vertical_move (user interrupted)
[11:32:09] skip: mouse_zigzag_three_segments (user interrupted)
[11:32:14] skip: key_sequential_tap(ctrlright, shiftleft) (user interrupted)
[11:32:20] skip: mouse_slow_wide_drift (user interrupted)
[11:32:25] keyboard: key_hold(ctrl, (0.5, 1.2)) - 1m10s
[11:33:02] skip: mouse_short_move (user interrupted)
[11:33:07] skip: mouse_vertical_move (user interrupted)
[11:33:12] skip: mouse_long_diagonal_sweep (user interrupted)
[11:33:17] skip: mouse_horizontal_move (user interrupted)
[11:33:22] skip: mouse_short_move (user interrupted)
[11:33:27] skip: key_sequential_tap(ctrlright, shiftleft) (user interrupted)
[11:33:32] skip: mouse_fast_flick (user interrupted)
[11:33:37] skip: mouse_tiny_step (user interrupted)
[11:33:42] skip: key_sequential_tap(ctrlleft, shiftright) (user interrupted)
[11:33:48] skip: key_sequential_tap(shiftright, ctrlleft) (user interrupted)
[11:33:53] skip: mouse_curved_ease_in_out (user interrupted)
[11:33:58] keyboard: key_tap(ctrlright) - 1m33s
[11:34:38] skip: mouse_fast_flick (user interrupted)
[11:34:43] keyboard: key_hold(shiftright, (0.1, 0.4)) - 0m45s
[11:35:57] keyboard: key_hold(ctrlright, (0.1, 0.4)) - 1m14s
[11:37:05] skip: keyboard (user active)
[11:37:10] keyboard: key_hold(shift, (0.1, 0.4)) - 1m13s
[11:37:42] skip: key_lock_toggle(scrolllock, 2) (user interrupted)
[11:37:47] skip: mouse_slow_drift (user interrupted)
[11:37:52] skip: mouse (user active)
[11:37:57] skip: mouse (user active)
[11:38:02] skip: mouse_tiny_step (user interrupted)
[11:38:07] skip: mouse (user active)
[11:38:12] skip: mouse_long_move (user interrupted)
[11:38:17] skip: keyboard (user active)
[11:38:22] skip: mouse (user active)
[11:38:27] skip: keyboard (user active)
[11:38:32] skip: mouse_big_jump (user interrupted)
[11:38:37] skip: mouse_tiny_step (user interrupted)
[11:38:42] skip: key_triple_tap(shiftleft) (user interrupted)
[11:38:47] skip: keyboard (user active)
[11:38:52] keyboard: key_tap(ctrlleft) - 1m41s
[11:39:30] skip: mouse_reverse_curve (user interrupted)
[11:39:35] skip: keyboard (user active)
[11:39:40] skip: mouse (user active)
[11:39:45] skip: mouse_micro_jitter (user interrupted)
[11:39:50] skip: keyboard (user active)
[11:39:55] skip: mouse (user active)
[11:40:00] skip: keyboard (user active)
[11:40:05] skip: mouse (user active)
[11:40:10] skip: mouse (user active)
[11:40:15] skip: keyboard (user active)
[11:40:20] skip: keyboard (user active)
[11:40:25] skip: mouse (user active)
[11:40:30] skip: mouse (user active)
[11:40:35] skip: mouse_long_move (user interrupted)
[11:40:40] skip: mouse (user active)
[11:40:45] skip: mouse_long_move (user interrupted)
[11:40:50] skip: keyboard (user active)
[11:40:55] skip: mouse (user active)
[11:41:00] skip: mouse (user active)
[11:41:05] skip: mouse_fast_flick (user interrupted)
[11:41:10] skip: mouse (user active)
[11:41:15] skip: keyboard (user active)
[11:41:20] skip: keyboard (user active)
[11:41:25] skip: keyboard (user active)
[11:41:30] skip: mouse (user active)
[11:41:35] skip: mouse (user active)
[11:41:40] skip: mouse (user active)
[11:41:45] skip: keyboard (user active)
[11:41:50] skip: keyboard (user active)
[11:41:55] skip: keyboard (user active)
[11:42:00] skip: mouse (user active)
[11:42:05] skip: mouse (user active)
[11:42:10] skip: keyboard (user active)
[11:42:15] skip: mouse (user active)
[11:42:20] skip: keyboard (user active)
[11:42:25] skip: keyboard (user active)
[11:42:30] skip: mouse_big_jump (user interrupted)
[11:42:36] skip: key_double_tap(pause) (user interrupted)
[11:42:41] skip: key_modifier_medley(2) (user interrupted)
[11:42:46] skip: mouse_curved_ease_in (user interrupted)
[11:42:51] skip: keyboard (user active)
[11:42:56] skip: keyboard (user active)
[11:43:01] skip: mouse (user active)
[11:43:06] skip: keyboard (user active)
[11:43:11] skip: mouse (user active)
[11:43:16] skip: mouse (user active)
[11:43:21] skip: keyboard (user active)
[11:43:26] skip: mouse (user active)
[11:43:31] skip: mouse (user active)
[11:43:36] skip: keyboard (user active)
[11:43:41] skip: mouse (user active)
[11:43:46] skip: keyboard (user active)
[11:43:51] skip: keyboard (user active)
[11:43:56] skip: mouse (user active)
[11:44:01] skip: keyboard (user active)
[11:44:06] skip: keyboard (user active)
[11:44:11] skip: keyboard (user active)
[11:44:16] skip: mouse (user active)
[11:44:21] skip: keyboard (user active)
[11:44:26] skip: mouse (user active)
[11:44:31] skip: keyboard (user active)
[11:44:36] skip: mouse (user active)
[11:44:41] skip: key_triple_tap(ctrlleft) (user interrupted)
[11:44:46] skip: mouse (user active)
[11:44:51] skip: keyboard (user active)
[11:44:56] skip: mouse (user active)
[11:45:01] skip: mouse (user active)
[11:45:06] skip: keyboard (user active)
[11:45:11] skip: mouse (user active)
[11:45:16] skip: keyboard (user active)
[11:45:21] skip: mouse_fast_flick (user interrupted)
[11:45:26] skip: mouse_big_jump (user interrupted)
[11:45:31] skip: mouse_short_move (user interrupted)
[11:45:36] skip: mouse_medium_move (user interrupted)
[11:45:41] skip: mouse_horizontal_move (user interrupted)
[11:45:46] skip: mouse_big_jump (user interrupted)
[11:45:51] skip: mouse_diagonal_move (user interrupted)
[11:45:56] skip: mouse_fast_flick (user interrupted)
[11:46:01] skip: mouse_diagonal_move (user interrupted)
[11:46:07] skip: key_triple_tap(shiftright) (user interrupted)
[11:46:12] skip: key_sequential_tap(ctrlleft, shiftright) (user interrupted)
[11:46:17] skip: mouse_big_jump (user interrupted)
[11:46:22] skip: mouse_curved_ease_in_out (user interrupted)
[11:46:28] skip: key_lock_toggle(numlock, 2) (user interrupted)
[11:46:33] skip: mouse (user active)
[11:46:38] skip: keyboard (user active)
[11:46:43] skip: mouse (user active)
[11:46:48] skip: mouse_slow_wide_drift (user interrupted)
[11:46:53] skip: mouse (user active)
[11:46:58] keyboard: key_hold(shiftright, (0.1, 0.4)) - 8m5s
[11:48:08] skip: mouse_zigzag_two_segments (user interrupted)
[11:48:13] skip: mouse_zigzag_three_segments (user interrupted)
[11:48:18] skip: key_sequential_tap(ctrl, shift) (user interrupted)
[11:48:23] skip: key_double_tap(ctrlright) (user interrupted)
[11:48:28] skip: mouse_long_diagonal_sweep (user interrupted)
[11:48:33] skip: mouse (user active)
[11:48:38] skip: mouse_long_move (user interrupted)
[11:48:43] skip: mouse_long_move (user interrupted)
[11:48:48] skip: mouse_medium_move (user interrupted)
[11:48:54] skip: key_alt_tab_bounce(10) (user interrupted)
[11:48:59] skip: mouse_curved_ease_out (user interrupted)
[11:49:04] skip: key_double_tap(pause) (user interrupted)
[11:49:09] skip: mouse (user active)
[11:49:14] skip: mouse (user active)
[11:49:19] skip: mouse (user active)
[11:49:24] skip: mouse (user active)
[11:49:29] skip: keyboard (user active)
[11:49:34] skip: mouse_zigzag_two_segments (user interrupted)
[11:49:39] skip: mouse_micro_jitter (user interrupted)
[11:49:44] skip: key_triple_tap(shiftleft) (user interrupted)
[11:49:49] skip: mouse_horizontal_move (user interrupted)
[11:49:54] skip: mouse_random_walk_chain (user interrupted)
[11:49:59] skip: mouse_reverse_curve (user interrupted)
[11:50:05] skip: key_modifier_medley(2) (user interrupted)
[11:50:10] keyboard: key_hold(ctrlright, (0.5, 1.2)) - 3m12s
[11:50:48] skip: key_lock_toggle(numlock, 4) (user interrupted)
[11:50:53] skip: mouse_reverse_curve (user interrupted)
[11:50:59] skip: key_alt_tab_bounce(6) (user interrupted)
[11:51:04] skip: mouse_micro_jitter (user interrupted)
[11:51:09] skip: mouse_curved_ease_in (user interrupted)
[11:51:14] skip: mouse_random_walk_chain (user interrupted)
[11:51:19] keyboard: key_tap(ctrlleft) - 1m8s
[11:52:14] skip: mouse (user active)
[11:52:19] skip: keyboard (user active)
[11:52:24] skip: mouse (user active)
[11:52:29] skip: mouse (user active)
[11:52:34] skip: mouse (user active)
[11:52:39] skip: keyboard (user active)
[11:52:44] skip: key_triple_tap(shiftleft) (user interrupted)
[11:52:49] keyboard: key_tap(ctrl) - 1m30s
[11:53:34] skip: key_triple_tap(ctrl) (user interrupted)
[11:53:40] skip: key_alt_tab_bounce(8) (user interrupted)
[11:53:45] skip: mouse_long_move (user interrupted)
[11:53:50] keyboard: key_hold(shiftleft, (0.1, 0.4)) - 1m0s
[11:54:36] skip: mouse (user active)
[11:54:41] skip: keyboard (user active)
[11:54:46] skip: mouse_long_move (user interrupted)
[11:54:51] skip: keyboard (user active)
[11:54:56] skip: key_modifier_medley(2) (user interrupted)
[11:55:01] skip: mouse_slow_wide_drift (user interrupted)
[11:55:06] skip: mouse_zigzag_two_segments (user interrupted)
[11:55:12] keyboard: key_hold(shift, (0.1, 0.4)) - 1m21s
[11:55:57] skip: key_alt_tab_bounce(6) (user interrupted)
[11:56:02] skip: mouse_slow_wide_drift (user interrupted)
[11:56:07] skip: mouse_curved_ease_out (user interrupted)
[11:56:12] skip: key_sequential_tap(shift, ctrl) (user interrupted)
[11:56:18] skip: key_modifier_medley(2) (user interrupted)
[11:56:23] skip: mouse_long_move (user interrupted)
[11:56:28] skip: mouse_micro_jitter (user interrupted)
[11:56:33] skip: mouse_random_walk_chain (user interrupted)
[11:56:38] skip: mouse_random_walk_chain (user interrupted)
[11:56:43] skip: mouse_micro_jitter (user interrupted)
[11:56:48] skip: key_sequential_tap(ctrlright, shiftleft) (user interrupted)
[11:56:53] skip: key_lock_toggle(scrolllock, 2) (user interrupted)
[11:56:58] skip: mouse_slow_drift (user interrupted)
[11:57:03] skip: mouse_reverse_curve (user interrupted)
[11:57:09] skip: key_double_tap(shiftleft) (user interrupted)
[11:57:14] skip: mouse_curved_ease_in_out (user interrupted)
[11:57:19] skip: keyboard (user active)
[11:57:24] skip: keyboard (user active)
[11:57:29] skip: mouse (user active)
[11:57:34] skip: keyboard (user active)
[11:57:39] skip: mouse (user active)
[11:57:44] skip: mouse (user active)
[11:57:49] skip: keyboard (user active)
[11:57:54] skip: mouse (user active)
[11:57:59] skip: mouse (user active)
[11:58:04] skip: mouse (user active)
[11:58:09] skip: mouse_micro_jitter (user interrupted)
[11:58:14] skip: key_double_tap(ctrlright) (user interrupted)
[11:58:19] skip: mouse_long_diagonal_sweep (user interrupted)
[11:58:24] skip: mouse_diagonal_move (user interrupted)
[11:58:29] skip: mouse_zigzag_three_segments (user interrupted)
[11:58:34] skip: mouse_curved_ease_in_out (user interrupted)
[11:58:39] skip: mouse_curved_ease_in_out (user interrupted)
[11:58:44] keyboard: key_tap(ctrlright) - 3m32s
[11:59:59] skip: mouse_vertical_move (user interrupted)
[12:00:04] skip: mouse_curved_ease_in (user interrupted)
[12:00:09] skip: mouse_diagonal_move (user interrupted)
[12:00:15] skip: key_sequential_tap(ctrl, shift) (user interrupted)
[12:00:20] keyboard: key_hold(ctrlright, (0.1, 0.4)) - 1m35s
[12:01:13] keyboard: key_hold(ctrl, (0.1, 0.4)) - 0m53s
[12:01:54] skip: key_double_tap(shiftleft) (user interrupted)
[12:01:59] skip: key_alt_tab_bounce(10) (user interrupted)
[12:02:04] skip: keyboard (user active)
[12:02:10] skip: key_sequential_tap(shift, ctrl) (user interrupted)
[12:02:15] skip: key_triple_tap(ctrlright) (user interrupted)
[12:02:20] keyboard: key_tap(ctrl) - 1m7s
[12:02:53] skip: mouse_slow_drift (user interrupted)
[12:02:58] skip: mouse_reverse_curve (user interrupted)
[12:03:04] skip: key_alt_tab_bounce(10) (user interrupted)
[12:03:09] skip: key_alt_tab_bounce(10) (user interrupted)
[12:03:15] skip: key_sequential_tap(ctrl, shift) (user interrupted)
[12:03:20] skip: mouse_vertical_move (user interrupted)
[12:03:25] skip: mouse_slow_drift (user interrupted)
[12:03:30] skip: mouse_zigzag_three_segments (user interrupted)
[12:03:35] skip: key_triple_tap(ctrl) (user interrupted)
[12:03:40] skip: key_triple_tap(shiftleft) (user interrupted)
[12:03:45] skip: mouse_reverse_curve (user interrupted)
[12:03:50] skip: mouse_long_move (user interrupted)
[12:03:55] skip: mouse_curved_ease_in_out (user interrupted)
[12:04:00] skip: key_sequential_tap(shiftleft, ctrlright) (user interrupted)
[12:04:05] skip: mouse_random_walk_chain (user interrupted)
[12:04:10] skip: mouse_reverse_curve (user interrupted)
[12:04:16] skip: key_triple_tap(shift) (user interrupted)
[12:04:21] skip: mouse_long_diagonal_sweep (user interrupted)
[12:04:26] keyboard: key_hold(shiftleft, (0.1, 0.4)) - 2m5s
[12:05:40] skip: mouse_micro_jitter (user interrupted)
[12:05:45] skip: key_triple_tap(ctrlleft) (user interrupted)
[12:05:50] skip: mouse_fast_flick (user interrupted)
[12:05:55] skip: mouse_random_walk_chain (user interrupted)
[12:06:00] skip: mouse_fast_flick (user interrupted)
[12:06:05] skip: mouse (user active)
[12:06:10] skip: mouse (user active)
[12:06:15] skip: mouse_big_jump (user interrupted)
[12:06:20] skip: key_alt_tab_bounce(10) (user interrupted)
[12:06:26] skip: key_sequential_tap(ctrlleft, shiftright) (user interrupted)
[12:06:31] skip: mouse_curved_ease_out (user interrupted)
[12:06:36] skip: mouse (user active)
[12:06:41] skip: key_alt_tab_bounce(6) (user interrupted)
[12:06:46] skip: mouse_random_walk_chain (user interrupted)
[12:06:51] skip: mouse_micro_jitter (user interrupted)
[12:06:56] keyboard: key_hold(ctrlright, (0.5, 1.2)) - 2m30s
[12:08:11] skip: key_alt_tab_bounce(6) (user interrupted)
[12:08:16] skip: mouse_medium_move (user interrupted)
[12:08:21] skip: mouse_tiny_step (user interrupted)
[12:08:26] skip: mouse_vertical_move (user interrupted)
[12:08:31] skip: keyboard (user active)
[12:08:36] skip: mouse_fast_flick (user interrupted)
[12:08:41] keyboard: key_hold(shiftright, (0.1, 0.4)) - 1m44s
[12:09:25] skip: mouse_slow_drift (user interrupted)
[12:09:30] skip: key_double_tap(shiftleft) (user interrupted)
[12:09:36] skip: key_alt_tab_bounce(4) (user interrupted)
[12:09:41] skip: mouse_fast_flick (user interrupted)
[12:09:46] skip: key_lock_toggle(numlock, 2) (user interrupted)
[12:09:51] keyboard: key_tap(ctrlleft) - 1m10s
[12:11:05] keyboard: key_tap(pause) - 1m14s
[12:12:19] keyboard: key_tap(shiftleft) - 1m14s
[12:13:33] skip: key_triple_tap(shiftright) (user interrupted)
[12:13:38] skip: mouse_long_diagonal_sweep (user interrupted)
[12:13:43] skip: mouse_curved_ease_in (user interrupted)
[12:13:48] skip: key_alt_tab_bounce(8) (user interrupted)
[12:13:54] skip: key_lock_toggle(numlock, 2) (user interrupted)
[12:13:59] skip: mouse_curved_ease_out (user interrupted)
[12:14:04] skip: key_sequential_tap(shift, ctrl) (user interrupted)
[12:14:09] skip: mouse_slow_drift (user interrupted)
[12:14:14] skip: mouse_curved_ease_in (user interrupted)
[12:14:19] skip: mouse_slow_wide_drift (user interrupted)
[12:14:24] skip: mouse_random_walk_chain (user interrupted)
[12:14:29] keyboard: key_tap(ctrl) - 2m9s
[12:15:26] skip: mouse_vertical_move (user interrupted)
[12:15:31] skip: key_double_tap(shift) (user interrupted)
[12:15:37] skip: key_lock_toggle(numlock, 4) (user interrupted)
[12:15:42] skip: mouse_micro_jitter (user interrupted)
[12:15:47] skip: mouse_curved_ease_out (user interrupted)
[12:15:52] skip: mouse_fast_flick (user interrupted)
[12:15:57] keyboard: key_tap(shift) - 1m27s
[12:16:38] skip: keyboard (user active)
[12:16:43] skip: mouse_tiny_step (user interrupted)
[12:16:48] skip: keyboard (user active)
[12:16:53] skip: keyboard (user active)
[12:16:58] skip: keyboard (user active)
[12:17:03] skip: mouse (user active)
[12:17:08] keyboard: key_hold(shiftleft, (0.5, 1.2)) - 1m11s
[12:18:16] skip: mouse (user active)
[12:18:21] skip: mouse (user active)
[12:18:26] skip: keyboard (user active)
[12:18:31] skip: mouse_reverse_curve (user interrupted)
[12:18:36] skip: key_double_tap(ctrlleft) (user interrupted)
[12:18:42] keyboard: key_hold(ctrlleft, (0.5, 1.2)) - 1m33s
[12:19:22] skip: mouse (user active)
[12:19:27] skip: key_lock_toggle(numlock, 4) (user interrupted)
[12:19:32] skip: mouse_reverse_curve (user interrupted)
[12:19:37] skip: keyboard (user active)
[12:19:42] skip: keyboard (user active)
[12:19:47] skip: mouse_tiny_step (user interrupted)
[12:19:52] skip: keyboard (user active)
[12:19:57] skip: mouse (user active)
[12:20:02] skip: keyboard (user active)
[12:20:07] skip: keyboard (user active)
[12:20:12] skip: mouse (user active)
[12:20:17] skip: mouse (user active)
[12:20:22] skip: mouse (user active)
[12:20:27] skip: keyboard (user active)
[12:20:32] skip: mouse (user active)
[12:20:37] skip: mouse (user active)
[12:20:42] skip: mouse (user active)
[12:20:47] skip: mouse (user active)
[12:20:52] skip: mouse (user active)
[12:20:57] skip: mouse (user active)
[12:21:02] skip: keyboard (user active)
[12:21:07] keyboard: key_hold(ctrlleft, (0.1, 0.4)) - 2m25s
[12:21:59] skip: key_sequential_tap(shift, ctrl) (user interrupted)
[12:22:04] keyboard: key_hold(ctrl, (0.5, 1.2)) - 0m56s
[12:22:48] skip: mouse_long_diagonal_sweep (user interrupted)
[12:22:53] skip: mouse_reverse_curve (user interrupted)
[12:22:58] skip: key_lock_toggle(capslock, 2) (user interrupted)
[12:23:03] skip: mouse_random_walk_chain (user interrupted)
[12:23:08] skip: mouse_zigzag_two_segments (user interrupted)
[12:23:13] keyboard: key_hold(shift, (0.5, 1.2)) - 1m9s
[12:24:27] keyboard: key_hold(shiftright, (0.5, 1.2)) - 1m14s
[12:25:43] skip: mouse_slow_wide_drift (user interrupted)
[12:25:48] skip: key_double_tap(shiftright) (user interrupted)
[12:25:53] skip: mouse_vertical_move (user interrupted)
[12:25:58] skip: key_double_tap(shift) (user interrupted)
[12:26:03] skip: mouse_short_move (user interrupted)
[12:26:08] skip: key_sequential_tap(shift, ctrl) (user interrupted)
[12:26:13] skip: mouse_curved_ease_in_out (user interrupted)
[12:26:18] skip: mouse_zigzag_two_segments (user interrupted)
[12:26:23] skip: mouse_long_move (user interrupted)
[12:26:29] skip: key_double_tap(pause) (user interrupted)
[12:26:34] skip: mouse_slow_wide_drift (user interrupted)
[12:26:39] skip: key_alt_tab_bounce(6) (user interrupted)
[12:26:44] keyboard: key_hold(shift, (0.5, 1.2)) - 2m16s
[12:27:59] skip: key_double_tap(ctrlright) (user interrupted)
[12:28:05] skip: mouse_short_move (user interrupted)
[12:28:10] skip: key_double_tap(shift) (user interrupted)
[12:28:15] skip: mouse_curved_ease_in (user interrupted)
[12:28:20] skip: mouse_fast_flick (user interrupted)
[12:28:25] skip: mouse_horizontal_move (user interrupted)
[12:28:30] keyboard: key_hold(ctrlright, (0.5, 1.2)) - 1m45s
[12:29:26] skip: key_double_tap(pause) (user interrupted)
[12:29:31] skip: key_triple_tap(shiftleft) (user interrupted)
[12:29:36] keyboard: key_hold(ctrlright, (0.1, 0.4)) - 1m6s
[12:30:12] skip: mouse_random_walk_chain (user interrupted)
[12:30:17] keyboard: key_hold(shift, (0.5, 1.2)) - 0m40s
[12:31:22] skip: mouse_medium_move (user interrupted)
[12:31:27] skip: mouse_slow_drift (user interrupted)
[12:31:32] skip: mouse_curved_ease_out (user interrupted)
[12:31:37] skip: mouse_curved_ease_in_out (user interrupted)
[12:31:42] skip: mouse_curved_ease_in_out (user interrupted)
[12:31:47] skip: key_sequential_tap(ctrlleft, shiftright) (user interrupted)
[12:31:52] skip: key_triple_tap(ctrlleft) (user interrupted)
[12:31:57] skip: mouse_reverse_curve (user interrupted)
[12:32:03] skip: key_double_tap(pause) (user interrupted)
[12:32:08] skip: key_double_tap(ctrlleft) (user interrupted)
[12:32:13] keyboard: key_tap(pause) - 1m56s
[12:32:51] skip: mouse_big_jump (user interrupted)
[12:32:56] skip: key_lock_toggle(numlock, 4) (user interrupted)
[12:33:01] skip: mouse_slow_drift (user interrupted)
[12:33:06] skip: mouse_medium_move (user interrupted)
[12:33:11] skip: key_triple_tap(ctrlleft) (user interrupted)
[12:33:17] keyboard: key_hold(ctrl, (0.5, 1.2)) - 1m3s
[12:34:20] skip: mouse_curved_ease_out (user interrupted)
[12:34:25] skip: key_sequential_tap(shift, ctrl) (user interrupted)
[12:34:30] skip: mouse_micro_jitter (user interrupted)
[12:34:35] skip: mouse_long_diagonal_sweep (user interrupted)
[12:34:40] skip: key_lock_toggle(numlock, 4) (user interrupted)
[12:34:46] skip: mouse_long_move (user interrupted)
[12:34:51] skip: key_sequential_tap(shift, ctrl) (user interrupted)
[12:34:56] keyboard: key_hold(ctrl, (0.5, 1.2)) - 1m39s
[12:35:59] skip: mouse_curved_ease_in (user interrupted)
[12:36:04] skip: mouse_tiny_step (user interrupted)
[12:36:09] skip: mouse_big_jump (user interrupted)
[12:36:14] skip: mouse_horizontal_move (user interrupted)
[12:36:20] skip: key_lock_toggle(capslock, 2) (user interrupted)
[12:36:25] skip: mouse_slow_wide_drift (user interrupted)
[12:36:30] skip: mouse_vertical_move (user interrupted)
[12:36:35] keyboard: key_tap(ctrl) - 1m38s
[12:37:15] skip: mouse_long_diagonal_sweep (user interrupted)
[12:37:20] skip: mouse_curved_ease_out (user interrupted)
[12:37:25] skip: mouse_short_move (user interrupted)
[12:37:30] skip: key_double_tap(shiftleft) (user interrupted)
[12:37:35] skip: key_double_tap(shiftleft) (user interrupted)
[12:37:40] skip: mouse_slow_wide_drift (user interrupted)
[12:37:45] skip: mouse_diagonal_move (user interrupted)
[12:37:50] keyboard: key_tap(pause) - 1m15s
[12:38:42] skip: mouse_zigzag_three_segments (user interrupted)
[12:38:47] skip: mouse_vertical_move (user interrupted)
[12:38:52] skip: mouse_random_walk_chain (user interrupted)
[12:38:57] skip: mouse_big_jump (user interrupted)
[12:39:02] skip: key_triple_tap(shiftright) (user interrupted)
[12:39:07] skip: keyboard (user active)
[12:39:12] skip: keyboard (user active)
[12:39:17] skip: mouse (user active)
[12:39:22] skip: keyboard (user active)
[12:39:27] skip: mouse (user active)
[12:39:32] skip: keyboard (user active)
[12:39:37] skip: mouse_fast_flick (user interrupted)
[12:39:42] skip: keyboard (user active)
[12:39:47] skip: keyboard (user active)
[12:39:52] skip: mouse (user active)
[12:39:57] skip: keyboard (user active)
[12:40:02] skip: keyboard (user active)
[12:40:07] skip: mouse (user active)
[12:40:12] skip: mouse (user active)
[12:40:17] skip: mouse (user active)
[12:40:22] skip: keyboard (user active)
[12:40:27] skip: keyboard (user active)
[12:40:32] skip: mouse (user active)
[12:40:37] skip: mouse (user active)
[12:40:42] skip: mouse (user active)
[12:40:47] skip: mouse (user active)
[12:40:52] skip: mouse (user active)
[12:40:57] skip: mouse (user active)
[12:41:02] skip: mouse (user active)
[12:41:07] skip: mouse (user active)
[12:41:12] skip: keyboard (user active)
[12:41:17] skip: keyboard (user active)
[12:41:22] skip: key_sequential_tap(shiftleft, ctrlright) (user interrupted)
[12:41:27] skip: keyboard (user active)
[12:41:32] skip: keyboard (user active)
[12:41:37] skip: mouse_micro_jitter (user interrupted)
[12:41:42] skip: keyboard (user active)
[12:41:47] skip: keyboard (user active)
[12:41:52] skip: keyboard (user active)
[12:41:57] skip: mouse (user active)
[12:42:02] skip: mouse (user active)
[12:42:07] skip: mouse (user active)
[12:42:12] skip: mouse (user active)
[12:42:17] skip: mouse (user active)
[12:42:22] skip: mouse (user active)
[12:42:27] skip: keyboard (user active)
[12:42:32] skip: keyboard (user active)
[12:42:37] skip: keyboard (user active)
[12:42:42] skip: mouse_micro_jitter (user interrupted)
[12:42:47] skip: keyboard (user active)
[12:42:52] skip: keyboard (user active)
[12:42:57] skip: keyboard (user active)
[12:43:02] skip: mouse (user active)
[12:43:07] skip: keyboard (user active)
[12:43:12] skip: keyboard (user active)
[12:43:17] skip: mouse_curved_ease_in_out (user interrupted)
[12:43:22] keyboard: key_hold(ctrl, (0.1, 0.4)) - 5m31s
[12:44:02] skip: mouse_long_diagonal_sweep (user interrupted)
[12:44:08] skip: key_alt_tab_bounce(8) (user interrupted)
[12:44:13] skip: key_sequential_tap(shift, ctrl) (user interrupted)
[12:44:18] skip: mouse (user active)
[12:44:24] skip: key_sequential_tap(shift, ctrl) (user interrupted)
[12:44:29] keyboard: key_hold(shift, (0.5, 1.2)) - 1m6s
[12:45:28] skip: key_triple_tap(ctrlright) (user interrupted)
[12:45:33] skip: mouse_horizontal_move (user interrupted)
[12:45:38] skip: mouse_slow_wide_drift (user interrupted)
[12:45:43] skip: key_double_tap(ctrlright) (user interrupted)
[12:45:49] skip: key_lock_toggle(scrolllock, 2) (user interrupted)
[12:45:54] skip: key_sequential_tap(ctrlright, shiftleft) (user interrupted)
[12:45:59] skip: mouse_short_move (user interrupted)
[12:46:04] skip: key_double_tap(shiftleft) (user interrupted)
[12:46:09] skip: key_double_tap(pause) (user interrupted)
[12:46:15] keyboard: key_tap(pause) - 1m45s
[12:47:26] skip: keyboard (user active)
[12:47:31] skip: mouse (user active)
[12:47:36] skip: keyboard (user active)
[12:47:41] skip: keyboard (user active)
[12:47:46] skip: keyboard (user active)
[12:47:51] skip: mouse (user active)
[12:47:56] skip: mouse (user active)
[12:48:01] skip: keyboard (user active)
[12:48:06] skip: mouse (user active)
[12:48:11] skip: mouse (user active)
[12:48:16] skip: mouse (user active)
[12:48:21] skip: mouse_short_move (user interrupted)
[12:48:26] skip: mouse_horizontal_move (user interrupted)
[12:48:31] skip: keyboard (user active)
[12:48:36] skip: keyboard (user active)
[12:48:41] skip: keyboard (user active)
[12:48:46] skip: keyboard (user active)
[12:48:51] skip: keyboard (user active)
[12:48:56] skip: mouse (user active)
[12:49:01] skip: keyboard (user active)
[12:49:06] skip: mouse (user active)
[12:49:11] skip: keyboard (user active)
[12:49:16] skip: keyboard (user active)
[12:49:21] skip: keyboard (user active)
[12:49:26] skip: keyboard (user active)
[12:49:31] skip: mouse (user active)
[12:49:36] skip: keyboard (user active)
[12:49:41] skip: mouse (user active)
[12:49:46] skip: keyboard (user active)
[12:49:51] skip: mouse (user active)
[12:49:56] keyboard: key_tap(ctrlright) - 3m41s
[12:51:05] skip: mouse_zigzag_three_segments (user interrupted)
[12:51:10] skip: mouse_micro_jitter (user interrupted)
[12:51:15] skip: mouse_slow_wide_drift (user interrupted)
[12:51:20] skip: key_sequential_tap(shiftright, ctrlleft) (user interrupted)
[12:51:25] skip: mouse_medium_move (user interrupted)
[12:51:30] skip: key_double_tap(shiftleft) (user interrupted)
[12:51:36] skip: key_lock_toggle(capslock, 2) (user interrupted)
[12:51:41] keyboard: key_tap(shiftright) - 1m45s
[12:52:51] skip: key_double_tap(pause) (user interrupted)
[12:52:56] skip: keyboard (user active)
[12:53:01] skip: mouse_fast_flick (user interrupted)
[12:53:06] skip: key_sequential_tap(shiftright, ctrlleft) (user interrupted)
[12:53:11] skip: mouse_slow_wide_drift (user interrupted)
[12:53:16] skip: mouse_zigzag_three_segments (user interrupted)
[12:53:21] skip: keyboard (user active)
[12:53:26] skip: keyboard (user active)
[12:53:31] skip: mouse (user active)
[12:53:36] skip: mouse (user active)
[12:53:41] skip: mouse_big_jump (user interrupted)
[12:53:46] skip: mouse (user active)
[12:53:51] skip: mouse (user active)
[12:53:56] skip: keyboard (user active)
[12:54:01] skip: mouse (user active)
[12:54:06] skip: mouse (user active)
[12:54:11] skip: keyboard (user active)
[12:54:16] skip: mouse_slow_wide_drift (user interrupted)
[12:54:21] skip: mouse (user active)
[12:54:26] skip: mouse (user active)
[12:54:32] keyboard: key_hold(ctrl, (0.1, 0.4)) - 2m50s
[12:55:23] skip: keyboard (user active)
[12:55:28] skip: keyboard (user active)
[12:55:33] skip: mouse (user active)
[12:55:38] skip: keyboard (user active)
[12:55:43] skip: keyboard (user active)
[12:55:48] skip: keyboard (user active)
[12:55:53] skip: mouse (user active)
[12:55:58] skip: keyboard (user active)
[12:56:03] skip: mouse_micro_jitter (user interrupted)
[12:56:08] skip: mouse_vertical_move (user interrupted)
[12:56:13] skip: key_double_tap(pause) (user interrupted)
[12:56:18] skip: mouse_curved_ease_in (user interrupted)
[12:56:23] skip: key_double_tap(shiftright) (user interrupted)
[12:56:28] skip: keyboard (user active)
[12:56:33] skip: mouse (user active)
[12:56:38] skip: keyboard (user active)
[12:56:43] skip: mouse_horizontal_move (user interrupted)
[12:56:48] skip: mouse_vertical_move (user interrupted)
[12:56:53] skip: keyboard (user active)
[12:56:58] skip: mouse (user active)
[12:57:03] keyboard: key_hold(ctrlleft, (0.5, 1.2)) - 2m31s
[12:58:10] skip: mouse_micro_jitter (user interrupted)
[12:58:15] skip: mouse (user active)
[12:58:20] skip: mouse (user active)
[12:58:25] skip: keyboard (user active)
[12:58:30] skip: mouse_curved_ease_in_out (user interrupted)
[12:58:35] skip: mouse_short_move (user interrupted)
[12:58:40] skip: mouse_vertical_move (user interrupted)
[12:58:45] skip: mouse_zigzag_three_segments (user interrupted)
[12:58:50] keyboard: key_tap(ctrlright) - 1m46s
[13:00:04] skip: mouse_reverse_curve (user interrupted)
[13:00:09] skip: keyboard (user active)
[13:00:14] skip: mouse_vertical_move (user interrupted)
[13:00:19] skip: mouse (user active)
[13:00:24] skip: mouse (user active)
[13:00:29] keyboard: key_hold(shiftleft, (0.5, 1.2)) - 1m39s
[13:01:20] skip: mouse_horizontal_move (user interrupted)
[13:01:25] skip: key_triple_tap(ctrlleft) (user interrupted)
[13:01:30] skip: mouse_zigzag_three_segments (user interrupted)
[13:01:35] skip: mouse_curved_ease_out (user interrupted)
[13:01:40] skip: mouse_curved_ease_out (user interrupted)
[13:01:45] skip: mouse_big_jump (user interrupted)
[13:01:50] skip: mouse_long_move (user interrupted)
[13:01:56] skip: key_triple_tap(ctrl) (user interrupted)
[13:02:01] skip: mouse (user active)
[13:02:06] skip: mouse_curved_ease_in (user interrupted)
[13:02:11] skip: key_alt_tab_bounce(4) (user interrupted)
[13:02:16] skip: mouse_curved_ease_in_out (user interrupted)
[13:02:21] skip: mouse_slow_wide_drift (user interrupted)
[13:02:26] skip: keyboard (user active)
[13:02:31] skip: mouse (user active)
[13:02:36] skip: mouse (user active)
[13:02:41] skip: mouse_diagonal_move (user interrupted)
[13:02:46] skip: keyboard (user active)
[13:02:51] skip: mouse_curved_ease_in (user interrupted)
[13:02:56] skip: keyboard (user active)
[13:03:01] skip: keyboard (user active)
[13:03:06] skip: keyboard (user active)
[13:03:11] skip: keyboard (user active)
[13:03:16] skip: mouse (user active)
[13:03:21] skip: mouse_big_jump (user interrupted)
[13:03:26] keyboard: key_hold(ctrlleft, (0.1, 0.4)) - 2m57s
[13:04:31] skip: keyboard (user active)
[13:04:36] skip: mouse (user active)
[13:04:41] skip: keyboard (user active)
[13:04:46] skip: mouse (user active)
[13:04:51] skip: keyboard (user active)
[13:04:56] skip: keyboard (user active)
[13:05:02] skip: key_lock_toggle(capslock, 2) (user interrupted)
[13:05:07] skip: key_triple_tap(shiftleft) (user interrupted)
[13:05:12] skip: mouse_tiny_step (user interrupted)
[13:05:18] skip: key_alt_tab_bounce(2) (user interrupted)
[13:05:23] skip: mouse_slow_wide_drift (user interrupted)
[13:05:28] keyboard: key_hold(ctrlright, (0.1, 0.4)) - 2m1s
[13:06:35] skip: keyboard (user active)
[13:06:40] skip: mouse (user active)
[13:06:45] skip: keyboard (user active)
[13:06:50] skip: mouse (user active)
[13:06:55] skip: keyboard (user active)
[13:07:00] skip: mouse (user active)
[13:07:05] skip: mouse (user active)
[13:07:10] skip: keyboard (user active)
[13:07:15] skip: mouse (user active)
[13:07:20] skip: keyboard (user active)
[13:07:25] skip: mouse (user active)
[13:07:30] skip: keyboard (user active)
[13:07:35] skip: mouse_fast_flick (user interrupted)
[13:07:40] skip: mouse (user active)
[13:07:45] skip: keyboard (user active)
[13:07:50] skip: mouse_tiny_step (user interrupted)
[13:07:55] skip: mouse (user active)
[13:08:00] skip: keyboard (user active)
[13:08:05] skip: keyboard (user active)
[13:08:10] skip: keyboard (user active)
[13:08:15] skip: mouse (user active)
[13:08:20] skip: keyboard (user active)
[13:08:25] skip: keyboard (user active)
[13:08:30] skip: mouse (user active)
[13:08:35] skip: mouse_reverse_curve (user interrupted)
[13:08:40] skip: keyboard (user active)
[13:08:45] skip: keyboard (user active)
[13:08:50] skip: mouse (user active)
[13:08:55] skip: keyboard (user active)
[13:09:00] skip: keyboard (user active)
[13:09:05] skip: mouse_vertical_move (user interrupted)
[13:09:10] skip: mouse (user active)
[13:09:15] skip: key_sequential_tap(shift, ctrl) (user interrupted)
[13:09:20] skip: keyboard (user active)
[13:09:25] skip: keyboard (user active)
[13:09:31] skip: key_modifier_medley(4) (user interrupted)
[13:09:36] skip: mouse_short_move (user interrupted)
[13:09:41] skip: mouse_zigzag_two_segments (user interrupted)
[13:09:46] skip: mouse_long_move (user interrupted)
[13:09:51] keyboard: key_tap(shiftleft) - 4m22s
[13:10:24] skip: mouse_short_move (user interrupted)
[13:10:29] skip: key_lock_toggle(numlock, 4) (user interrupted)
[13:10:34] skip: key_double_tap(shiftleft) (user interrupted)
[13:10:39] skip: mouse_curved_ease_out (user interrupted)
[13:10:44] skip: keyboard (user active)
[13:10:49] skip: mouse (user active)
[13:10:54] skip: mouse_random_walk_chain (user interrupted)
[13:10:59] skip: mouse_tiny_step (user interrupted)
[13:11:04] skip: mouse (user active)
[13:11:10] keyboard: key_hold(ctrlleft, (0.5, 1.2)) - 1m18s
[13:12:02] skip: mouse_slow_drift (user interrupted)
[13:12:07] skip: key_alt_tab_bounce(6) (user interrupted)
[13:12:12] skip: mouse_curved_ease_in (user interrupted)
[13:12:17] skip: mouse_micro_jitter (user interrupted)
[13:12:23] skip: key_alt_tab_bounce(4) (user interrupted)
[13:12:28] skip: key_sequential_tap(shiftright, ctrlleft) (user interrupted)
[13:12:33] skip: key_triple_tap(ctrl) (user interrupted)
[13:12:38] skip: key_lock_toggle(capslock, 2) (user interrupted)
[13:12:43] skip: mouse (user active)
[13:12:48] skip: mouse_long_move (user interrupted)
[13:12:53] skip: keyboard (user active)
[13:12:58] skip: keyboard (user active)
[13:13:03] skip: mouse (user active)
[13:13:08] skip: keyboard (user active)
[13:13:13] skip: keyboard (user active)
[13:13:18] skip: mouse_random_walk_chain (user interrupted)
[13:13:23] skip: mouse_horizontal_move (user interrupted)
[13:13:28] skip: mouse_long_move (user interrupted)
[13:13:33] skip: mouse (user active)
[13:13:38] skip: keyboard (user active)
[14:10:10] App Pro started.
[14:10:10] Mode: both | Schedule: 10:00-19:30 Mon-Fri (Active)
[14:11:17] skip: key_sequential_tap(shiftright, ctrlleft) (user interrupted)
[14:11:22] skip: mouse_medium_move (user interrupted)
[14:11:27] skip: mouse_slow_wide_drift (user interrupted)
[14:11:32] skip: key_lock_toggle(capslock, 4) (user interrupted)
[14:11:38] skip: mouse_slow_drift (user interrupted)
[14:11:43] skip: mouse_big_jump (user interrupted)
[14:11:48] skip: key_double_tap(shift) (user interrupted)
[14:11:53] skip: mouse_long_diagonal_sweep (user interrupted)
[14:11:58] skip: mouse_diagonal_move (user interrupted)
[14:12:03] skip: mouse_micro_jitter (user interrupted)
[14:12:08] skip: mouse_medium_move (user interrupted)
[14:12:13] skip: key_triple_tap(ctrlleft) (user interrupted)
[14:12:18] skip: key_double_tap(shift) (user interrupted)
[14:12:23] skip: mouse_fast_flick (user interrupted)
[14:12:29] keyboard: key_hold(ctrlleft, (0.1, 0.4)) - 2m18s
[14:13:27] skip: mouse_big_jump (user interrupted)
[14:13:32] skip: key_double_tap(shiftleft) (user interrupted)
[14:13:37] skip: key_alt_tab_bounce(4) (user interrupted)
[14:13:43] skip: key_lock_toggle(scrolllock, 2) (user interrupted)
[14:13:48] skip: mouse_slow_drift (user interrupted)
[14:13:53] keyboard: key_hold(ctrlleft, (0.5, 1.2)) - 1m24s
[14:14:35] keyboard: key_tap(ctrlleft) - 0m42s
[14:15:36] skip: mouse_long_diagonal_sweep (user interrupted)
[14:15:41] skip: mouse_curved_ease_in (user interrupted)
[14:15:46] skip: mouse_diagonal_move (user interrupted)
[14:15:51] skip: mouse_curved_ease_out (user interrupted)
[14:15:56] skip: mouse_diagonal_move (user interrupted)
[14:16:01] skip: mouse_slow_drift (user interrupted)
[14:16:07] skip: key_lock_toggle(capslock, 4) (user interrupted)
[14:16:12] skip: key_alt_tab_bounce(6) (user interrupted)
[14:16:17] skip: key_triple_tap(shiftright) (user interrupted)
[14:16:23] skip: key_double_tap(ctrlright) (user interrupted)
[14:16:28] skip: key_lock_toggle(numlock, 2) (user interrupted)
[14:16:33] skip: mouse_curved_ease_in (user interrupted)
[14:16:38] keyboard: key_hold(shiftleft, (0.1, 0.4)) - 2m2s
[14:17:30] skip: mouse_vertical_move (user interrupted)
[14:17:36] skip: key_lock_toggle(numlock, 2) (user interrupted)
[14:17:41] skip: key_alt_tab_bounce(10) (user interrupted)
[14:17:46] skip: key_sequential_tap(shift, ctrl) (user interrupted)
[14:17:52] skip: key_lock_toggle(capslock, 4) (user interrupted)
[14:17:57] keyboard: key_hold(ctrl, (0.1, 0.4)) - 1m18s
[14:18:47] skip: mouse_long_diagonal_sweep (user interrupted)
[14:18:52] skip: mouse_zigzag_three_segments (user interrupted)
[14:18:57] skip: key_double_tap(ctrlright) (user interrupted)
[14:19:02] skip: mouse_vertical_move (user interrupted)
[14:19:07] skip: key_triple_tap(ctrlleft) (user interrupted)
[14:19:12] keyboard: key_tap(shiftleft) - 1m15s
[14:20:14] skip: mouse_fast_flick (user interrupted)
[14:20:19] skip: mouse_medium_move (user interrupted)
[14:20:24] skip: mouse_diagonal_move (user interrupted)
[14:20:29] skip: mouse_diagonal_move (user interrupted)
[14:20:35] skip: key_double_tap(shiftleft) (user interrupted)
[14:20:40] skip: mouse_medium_move (user interrupted)
[14:20:45] skip: mouse_vertical_move (user interrupted)
[14:20:50] skip: key_double_tap(shiftleft) (user interrupted)
[14:20:55] skip: key_triple_tap(shiftright) (user interrupted)
[14:21:00] skip: mouse_long_diagonal_sweep (user interrupted)
[14:21:05] skip: mouse_reverse_curve (user interrupted)
[14:21:10] skip: mouse_vertical_move (user interrupted)
[14:21:15] skip: mouse_long_move (user interrupted)
[14:21:21] skip: key_sequential_tap(ctrlleft, shiftright) (user interrupted)
[14:21:26] skip: mouse_curved_ease_out (user interrupted)
[14:21:31] skip: key_double_tap(shiftleft) (user interrupted)
[14:21:36] skip: key_triple_tap(ctrl) (user interrupted)
[14:21:41] skip: mouse_horizontal_move (user interrupted)
[14:21:46] skip: key_lock_toggle(numlock, 2) (user interrupted)
[14:21:51] skip: mouse_zigzag_three_segments (user interrupted)
[14:21:56] skip: mouse_micro_jitter (user interrupted)
[14:22:02] skip: key_modifier_medley(4) (user interrupted)
[14:22:07] keyboard: key_tap(ctrlleft) - 2m54s
[14:22:39] keyboard: key_hold(shiftleft, (0.1, 0.4)) - 0m32s
[14:23:15] keyboard: key_tap(shiftright) - 0m36s
[14:24:15] skip: mouse_zigzag_three_segments (user interrupted)
[14:24:20] skip: mouse_slow_wide_drift (user interrupted)
[14:24:25] skip: mouse_horizontal_move (user interrupted)
[14:24:30] skip: key_double_tap(ctrl) (user interrupted)
[14:24:35] keyboard: key_hold(shiftleft, (0.5, 1.2)) - 1m20s
[14:25:51] keyboard: key_tap(shiftright) - 1m15s
[14:26:28] skip: mouse_vertical_move (user interrupted)
[14:26:33] skip: mouse_reverse_curve (user interrupted)
[14:26:38] skip: mouse_curved_ease_in (user interrupted)
[14:26:43] skip: mouse_slow_drift (user interrupted)
[14:26:48] keyboard: key_hold(ctrlright, (0.1, 0.4)) - 0m57s
[14:27:39] skip: key_alt_tab_bounce(2) (user interrupted)
[14:27:44] keyboard: key_hold(shift, (0.1, 0.4)) - 0m56s
[14:28:31] skip: mouse_slow_drift (user interrupted)
[14:28:36] keyboard: key_tap(ctrlleft) - 0m52s
[14:29:39] skip: key_lock_toggle(numlock, 2) (user interrupted)
[14:29:44] keyboard: key_hold(ctrlright, (0.1, 0.4)) - 1m7s
[14:30:52] skip: keyboard (user active)
[14:30:57] skip: keyboard (user active)
[14:31:02] skip: keyboard (user active)
[14:31:07] skip: mouse (user active)
[14:31:12] skip: mouse (user active)
[14:31:17] skip: mouse (user active)
[14:31:22] skip: key_triple_tap(shiftleft) (user interrupted)
[14:31:27] skip: mouse_zigzag_two_segments (user interrupted)
[14:31:32] skip: key_double_tap(shift) (user interrupted)
[14:31:37] skip: mouse_micro_jitter (user interrupted)
[14:31:43] skip: mouse_reverse_curve (user interrupted)
[14:31:48] skip: key_lock_toggle(scrolllock, 2) (user interrupted)
[14:31:53] keyboard: key_tap(shiftright) - 2m8s [Battery]
[14:32:55] skip: mouse (user active)
[14:33:00] skip: key_double_tap(ctrlright) (user interrupted)
[14:33:05] skip: mouse_medium_move (user interrupted)
[14:33:10] skip: keyboard (user active)
[14:33:15] skip: keyboard (user active)
[14:33:20] skip: keyboard (user active)
[14:33:25] skip: keyboard (user active)
[14:33:30] skip: keyboard (user active)
[14:33:35] skip: mouse_diagonal_move (user interrupted)
[14:33:41] skip: key_alt_tab_bounce(6) (user interrupted)
[14:33:46] skip: mouse_long_move (user interrupted)
[14:33:51] skip: mouse (user active)
[14:33:56] skip: mouse (user active)
[14:34:01] skip: mouse_horizontal_move (user interrupted)
[14:34:06] skip: key_double_tap(ctrlleft) (user interrupted)
[14:34:11] skip: mouse_curved_ease_out (user interrupted)
[14:34:16] skip: key_triple_tap(ctrlright) (user interrupted)
[14:34:21] skip: mouse_vertical_move (user interrupted)
[14:34:26] skip: mouse_big_jump (user interrupted)
[14:34:31] skip: mouse_micro_jitter (user interrupted)
[14:34:37] skip: key_modifier_medley(4) (user interrupted)
[14:34:42] skip: key_double_tap(shift) (user interrupted)
[14:34:47] skip: mouse_long_move (user interrupted)
[14:34:52] keyboard: key_tap(ctrl) - 2m58s [Battery]
[14:36:16] skip: mouse_curved_ease_in_out (user interrupted)
[14:36:21] skip: mouse_zigzag_three_segments (user interrupted)
[14:36:26] skip: mouse_medium_move (user interrupted)
[14:36:31] skip: mouse_reverse_curve (user interrupted)
[14:36:36] skip: key_lock_toggle(numlock, 2) (user interrupted)
[14:36:41] skip: mouse_short_move (user interrupted)
[14:36:46] skip: keyboard (user active)
[14:36:51] keyboard: key_hold(shift, (0.5, 1.2)) - 1m59s [Battery]
[14:38:28] skip: mouse (user active)
[14:38:33] skip: mouse (user active)
[14:38:38] skip: keyboard (user active)
[14:38:43] skip: mouse (user active)
[14:38:48] skip: mouse (user active)
[14:38:53] skip: keyboard (user active)
[14:38:58] skip: keyboard (user active)
[14:39:03] skip: mouse_long_diagonal_sweep (user interrupted)
[14:39:08] skip: mouse (user active)
[14:39:13] skip: mouse_big_jump (user interrupted)
[14:39:19] skip: key_modifier_medley(2) (user interrupted)
[14:39:24] skip: keyboard (user active)
[14:39:29] skip: mouse (user active)
[14:39:34] skip: mouse_curved_ease_in (user interrupted)
[14:39:39] skip: mouse_micro_jitter (user interrupted)
[14:39:44] skip: mouse_fast_flick (user interrupted)
[14:39:49] skip: key_triple_tap(shift) (user interrupted)
[14:39:55] skip: key_sequential_tap(ctrlleft, shiftright) (user interrupted)
[14:40:00] skip: mouse_zigzag_two_segments (user interrupted)
[14:40:05] keyboard: key_hold(ctrlright, (0.5, 1.2)) - 3m13s [Battery]
[14:41:03] skip: mouse_slow_drift (user interrupted)
[14:41:08] keyboard: key_hold(ctrlright, (0.1, 0.4)) - 1m3s [Battery]
[14:42:05] skip: mouse_long_diagonal_sweep (user interrupted)
[14:42:10] skip: mouse_random_walk_chain (user interrupted)
[14:42:15] skip: mouse_slow_drift (user interrupted)
[14:42:20] skip: key_triple_tap(shiftleft) (user interrupted)
[14:42:25] skip: key_triple_tap(shiftright) (user interrupted)
[14:42:31] skip: key_triple_tap(ctrl) (user interrupted)
[14:42:36] skip: mouse_horizontal_move (user interrupted)
[14:42:41] skip: key_triple_tap(shift) (user interrupted)
[14:42:46] skip: mouse_slow_wide_drift (user interrupted)
[14:42:51] skip: mouse_horizontal_move (user interrupted)
[14:42:56] skip: mouse_vertical_move (user interrupted)
[14:43:01] skip: mouse_curved_ease_in_out (user interrupted)
[14:43:06] skip: mouse (user active)
[14:43:11] skip: key_double_tap(ctrlleft) (user interrupted)
[14:43:16] skip: key_sequential_tap(shift, ctrl) (user interrupted)
[14:43:21] skip: mouse_curved_ease_out (user interrupted)
[14:43:27] skip: key_lock_toggle(capslock, 4) (user interrupted)
[14:43:32] skip: key_lock_toggle(capslock, 2) (user interrupted)
[14:43:37] skip: mouse_long_move (user interrupted)
[14:43:42] keyboard: key_tap(ctrlright) - 2m34s [Battery]
[14:45:00] keyboard: key_tap(shiftright) - 1m18s [Battery]
[14:46:42] skip: mouse_vertical_move (user interrupted)
[14:46:48] keyboard: key_tap(shiftleft) - 1m47s [Battery]
[14:48:28] skip: mouse (user active)
[14:48:33] skip: mouse (user active)
[14:48:38] skip: mouse_slow_drift (user interrupted)
[14:48:43] skip: keyboard (user active)
[14:48:48] skip: mouse (user active)
[14:48:53] skip: mouse_slow_wide_drift (user interrupted)
[14:48:58] keyboard: key_hold(ctrlright, (0.5, 1.2)) - 2m10s [Battery]
[14:50:34] skip: key_sequential_tap(ctrlleft, shiftright) (user interrupted)
[14:50:39] skip: key_double_tap(ctrlleft) (user interrupted)
[14:50:45] skip: key_double_tap(shiftright) (user interrupted)
[14:50:50] skip: mouse_reverse_curve (user interrupted)
[14:50:55] skip: key_sequential_tap(ctrlleft, shiftright) (user interrupted)
[14:51:00] skip: mouse_short_move (user interrupted)
[14:51:05] skip: key_modifier_medley(4) (user interrupted)
[14:51:10] skip: mouse_zigzag_two_segments (user interrupted)
[14:51:15] skip: keyboard (user active)
[14:51:20] keyboard: key_tap(shiftright) - 2m22s [Battery]
[14:52:28] keyboard: key_hold(ctrlleft, (0.5, 1.2)) - 1m7s [Battery]
[14:53:36] skip: mouse_slow_wide_drift (user interrupted)
[14:53:41] skip: key_lock_toggle(scrolllock, 2) (user interrupted)
[14:53:46] skip: key_lock_toggle(scrolllock, 2) (user interrupted)
[14:53:52] keyboard: key_hold(ctrlright, (0.1, 0.4)) - 1m23s [Battery]
[14:54:51] skip: mouse_curved_ease_in_out (user interrupted)
[14:54:56] skip: key_modifier_medley(4) (user interrupted)
[14:55:01] keyboard: key_tap(shiftright) - 1m9s [Battery]
[14:56:51] skip: key_lock_toggle(scrolllock, 2) (user interrupted)
[14:56:57] keyboard: key_hold(ctrlright, (0.1, 0.4)) - 1m55s [Battery]
[14:58:21] skip: mouse_big_jump (user interrupted)
[14:58:26] skip: mouse_diagonal_move (user interrupted)
[14:58:31] skip: mouse_slow_wide_drift (user interrupted)
[14:58:36] skip: key_double_tap(ctrlleft) (user interrupted)
[14:58:41] skip: mouse_long_diagonal_sweep (user interrupted)
[14:58:46] skip: keyboard (user active)
[14:58:51] skip: mouse_slow_wide_drift (user interrupted)
[14:58:56] skip: keyboard (user active)
[14:59:01] skip: key_sequential_tap(ctrlright, shiftleft) (user interrupted)
[14:59:06] skip: keyboard (user active)
[14:59:11] skip: mouse_zigzag_two_segments (user interrupted)
[14:59:16] skip: key_triple_tap(ctrl) (user interrupted)
[14:59:21] skip: mouse_curved_ease_in (user interrupted)
[14:59:27] skip: key_alt_tab_bounce(10) (user interrupted)
[14:59:32] skip: keyboard (user active)
[14:59:37] skip: mouse (user active)
[14:59:42] skip: mouse_long_move (user interrupted)
[14:59:47] keyboard: key_hold(shift, (0.5, 1.2)) - 2m50s [Battery]
[15:00:38] skip: key_lock_toggle(capslock, 4) (user interrupted)
[15:00:44] skip: key_alt_tab_bounce(4) (user interrupted)
[15:00:49] skip: keyboard (user active)
[15:00:54] skip: mouse (user active)
[15:00:59] skip: mouse_zigzag_two_segments (user interrupted)
[15:01:04] skip: mouse (user active)
[15:01:09] skip: mouse_long_move (user interrupted)
[15:01:14] skip: mouse_vertical_move (user interrupted)
[15:01:19] skip: key_alt_tab_bounce(8) (user interrupted)
[15:01:25] skip: key_triple_tap(shiftleft) (user interrupted)
[15:01:30] skip: keyboard (user active)
[15:01:35] skip: mouse (user active)
[15:01:40] skip: key_alt_tab_bounce(6) (user interrupted)
[15:01:45] skip: mouse (user active)
[15:01:50] skip: mouse_zigzag_two_segments (user interrupted)
[15:01:55] skip: key_sequential_tap(ctrlleft, shiftright) (user interrupted)
[15:02:00] skip: mouse_diagonal_move (user interrupted)
[15:02:06] skip: mouse_curved_ease_in_out (user interrupted)
[15:02:11] skip: keyboard (user active)
[15:02:16] skip: mouse_curved_ease_in_out (user interrupted)
[15:02:21] keyboard: key_hold(ctrl, (0.1, 0.4)) - 2m33s [Battery]
[15:03:19] skip: mouse_random_walk_chain (user interrupted)
[15:03:24] keyboard: key_hold(shiftleft, (0.1, 0.4)) - 1m3s [Battery]
[15:05:10] keyboard: key_tap(shiftleft) - 1m46s [Battery]
[15:06:56] skip: mouse (user active)
[15:07:01] keyboard: key_tap(shiftright) - 1m51s [Battery]
[15:08:29] skip: key_triple_tap(ctrlleft) (user interrupted)
[15:08:34] skip: mouse_zigzag_three_segments (user interrupted)
[15:08:39] skip: keyboard (user active)
[15:08:44] skip: mouse_zigzag_three_segments (user interrupted)
[15:08:50] skip: key_sequential_tap(ctrl, shift) (user interrupted)
[15:08:55] keyboard: key_hold(shift, (0.1, 0.4)) - 1m53s [Battery]
[15:09:49] skip: mouse_micro_jitter (user interrupted)
[15:09:54] skip: mouse_zigzag_two_segments (user interrupted)
[15:09:59] skip: key_lock_toggle(numlock, 2) (user interrupted)
[15:10:04] skip: mouse_curved_ease_in (user interrupted)
[15:10:09] skip: keyboard (user active)
[15:10:14] skip: keyboard (user active)
[15:10:19] skip: keyboard (user active)
[15:10:24] skip: mouse (user active)
[15:10:29] skip: mouse_zigzag_two_segments (user interrupted)
[15:10:35] skip: key_sequential_tap(ctrl, shift) (user interrupted)
[15:10:40] skip: keyboard (user active)
[15:10:45] skip: mouse_vertical_move (user interrupted)
[15:10:50] keyboard: key_hold(shiftleft, (0.1, 0.4)) - 1m54s [Battery]
[15:12:06] skip: mouse (user active)
[15:12:11] skip: mouse (user active)
[15:12:16] skip: mouse (user active)
[15:12:21] skip: keyboard (user active)
[15:12:26] keyboard: key_hold(ctrl, (0.1, 0.4)) - 1m36s [Battery]
[15:14:10] skip: mouse_long_move (user interrupted)
[15:14:15] skip: mouse_curved_ease_in (user interrupted)
[15:14:20] skip: keyboard (user active)
[15:14:25] skip: mouse (user active)
[15:14:30] skip: mouse_zigzag_two_segments (user interrupted)
[15:14:35] skip: keyboard (user active)
[15:14:40] keyboard: key_hold(shiftright, (0.5, 1.2)) - 2m14s [Battery]
[15:15:50] skip: key_triple_tap(ctrlleft) (user interrupted)
[15:15:55] skip: mouse_reverse_curve (user interrupted)
[15:16:00] skip: key_sequential_tap(shift, ctrl) (user interrupted)
[15:16:05] skip: mouse_long_move (user interrupted)
[15:16:10] keyboard: key_hold(shiftright, (0.1, 0.4)) - 1m29s [Battery]
[15:16:56] skip: mouse_long_move (user interrupted)
[15:17:02] skip: key_triple_tap(shift) (user interrupted)
[15:17:07] skip: key_alt_tab_bounce(6) (user interrupted)
[15:17:12] skip: mouse_micro_jitter (user interrupted)
[15:17:17] skip: mouse_curved_ease_in_out (user interrupted)
[15:17:22] skip: mouse_slow_wide_drift (user interrupted)
[15:17:27] skip: mouse_long_diagonal_sweep (user interrupted)
[15:17:32] skip: mouse_slow_wide_drift (user interrupted)
[15:17:37] skip: mouse_vertical_move (user interrupted)
[15:17:42] skip: mouse_long_move (user interrupted)
[15:17:47] keyboard: key_hold(ctrlleft, (0.1, 0.4)) - 1m36s [Battery]
[15:19:27] skip: mouse_diagonal_move (user interrupted)
[15:19:32] skip: keyboard (user active)
[15:19:37] skip: mouse (user active)
[15:19:42] skip: mouse_slow_wide_drift (user interrupted)
[15:19:47] skip: keyboard (user active)
[15:19:53] skip: key_triple_tap(shiftleft) (user interrupted)
[15:19:58] keyboard: key_hold(ctrlleft, (0.5, 1.2)) - 2m10s [Battery]
[15:21:49] skip: keyboard (user active)
[15:21:54] skip: mouse_reverse_curve (user interrupted)
[15:21:59] skip: mouse_short_move (user interrupted)
[15:22:04] keyboard: key_hold(shift, (0.1, 0.4)) - 2m6s [Battery]
[15:23:38] keyboard: key_hold(shiftleft, (0.1, 0.4)) - 1m34s [Battery]
[15:25:20] skip: mouse (user active)
[15:25:25] skip: keyboard (user active)
[15:25:31] skip: key_lock_toggle(numlock, 2) (user interrupted)
[15:25:36] keyboard: key_hold(shift, (0.1, 0.4)) - 1m57s
[15:26:29] skip: key_alt_tab_bounce(8) (user interrupted)
[15:26:34] skip: mouse_long_diagonal_sweep (user interrupted)
[15:26:40] keyboard: key_hold(shift, (0.1, 0.4)) - 1m3s
[15:27:23] keyboard: key_hold(ctrlleft, (0.5, 1.2)) - 0m43s
[15:28:07] skip: key_double_tap(shift) (user interrupted)
[15:28:12] keyboard: key_hold(ctrlleft, (0.5, 1.2)) - 0m49s
[15:28:54] skip: mouse_big_jump (user interrupted)
[15:28:59] skip: key_triple_tap(shift) (user interrupted)
[15:29:05] skip: mouse_zigzag_three_segments (user interrupted)
[15:29:10] keyboard: key_hold(ctrlright, (0.5, 1.2)) - 0m57s
[15:30:06] skip: key_double_tap(ctrl) (user interrupted)
[15:30:11] skip: key_double_tap(ctrl) (user interrupted)
[15:30:17] skip: key_double_tap(shiftleft) (user interrupted)
[15:30:22] keyboard: key_hold(ctrl, (0.1, 0.4)) - 1m11s
[15:31:32] skip: key_lock_toggle(numlock, 4) (user interrupted)
[15:31:37] skip: mouse_curved_ease_out (user interrupted)
[15:31:42] skip: mouse_curved_ease_out (user interrupted)
[15:31:47] skip: mouse_slow_drift (user interrupted)
[15:31:52] skip: mouse_fast_flick (user interrupted)
[15:31:57] skip: key_double_tap(ctrl) (user interrupted)
[15:32:03] keyboard: key_hold(ctrlleft, (0.5, 1.2)) - 1m40s
[15:33:09] skip: mouse_tiny_step (user interrupted)
[15:33:14] keyboard: key_hold(ctrl, (0.5, 1.2)) - 1m11s
[15:33:55] skip: key_double_tap(shiftleft) (user interrupted)
[15:34:00] skip: mouse_curved_ease_out (user interrupted)
[15:34:05] skip: mouse_fast_flick (user interrupted)
[15:34:10] skip: mouse_big_jump (user interrupted)
[15:34:16] skip: key_sequential_tap(shiftright, ctrlleft) (user interrupted)
[15:34:21] skip: mouse_medium_move (user interrupted)
[15:34:26] skip: mouse_curved_ease_in_out (user interrupted)
[15:34:31] skip: key_double_tap(pause) (user interrupted)
[15:34:36] skip: key_sequential_tap(shiftleft, ctrlright) (user interrupted)
[15:34:41] skip: mouse_diagonal_move (user interrupted)
[15:34:46] skip: mouse_random_walk_chain (user interrupted)
[15:34:52] skip: key_alt_tab_bounce(4) (user interrupted)
[15:34:57] skip: key_lock_toggle(numlock, 4) (user interrupted)
[15:35:02] skip: mouse (user active)
[15:35:07] skip: key_lock_toggle(scrolllock, 2) (user interrupted)
[15:35:13] skip: key_sequential_tap(ctrlleft, shiftright) (user interrupted)
[15:35:18] skip: mouse_tiny_step (user interrupted)
[15:35:23] skip: mouse_fast_flick (user interrupted)
[15:35:28] skip: mouse_big_jump (user interrupted)
[15:35:33] skip: mouse_reverse_curve (user interrupted)
[15:35:38] skip: mouse_curved_ease_in (user interrupted)
[15:35:43] keyboard: key_tap(shiftleft) - 2m28s
[15:36:22] skip: mouse_horizontal_move (user interrupted)
[15:36:27] skip: mouse_curved_ease_in_out (user interrupted)
[15:36:32] skip: key_double_tap(ctrl) (user interrupted)
[15:36:38] skip: key_alt_tab_bounce(6) (user interrupted)
[15:36:43] skip: keyboard (user active)
[15:36:48] skip: mouse (user active)
[15:36:53] skip: keyboard (user active)
[15:36:58] skip: mouse_fast_flick (user interrupted)
[15:37:03] keyboard: key_tap(shiftright) - 1m19s
[15:38:11] keyboard: key_hold(ctrlleft, (0.1, 0.4)) - 1m8s
[15:39:05] skip: keyboard (user active)
[15:39:10] keyboard: key_hold(ctrl, (0.5, 1.2)) - 0m59s
[15:40:16] skip: mouse (user active)
[15:40:21] skip: mouse (user active)
[15:40:26] skip: keyboard (user active)
[15:40:31] skip: mouse (user active)
[15:40:36] skip: keyboard (user active)
[15:40:41] skip: keyboard (user active)
[15:40:46] skip: keyboard (user active)
[15:40:51] skip: keyboard (user active)
[15:40:56] skip: mouse (user active)
[15:41:01] skip: keyboard (user active)
[15:41:06] skip: keyboard (user active)
[15:41:11] skip: mouse (user active)
[15:41:16] skip: keyboard (user active)
[15:41:21] skip: mouse (user active)
[15:41:26] skip: mouse (user active)
[15:41:31] skip: keyboard (user active)
[15:41:36] skip: keyboard (user active)
[15:41:41] skip: mouse_curved_ease_in_out (user interrupted)
[15:41:46] skip: key_sequential_tap(ctrlright, shiftleft) (user interrupted)
[15:41:51] skip: keyboard (user active)
[15:41:56] skip: mouse_curved_ease_in (user interrupted)
[15:42:02] skip: key_lock_toggle(numlock, 2) (user interrupted)
[15:42:07] skip: keyboard (user active)
[15:42:12] skip: key_triple_tap(shiftright) (user interrupted)
[15:42:17] skip: mouse_curved_ease_out (user interrupted)
[15:42:22] keyboard: key_hold(ctrl, (0.1, 0.4)) - 3m12s
[15:43:03] skip: key_double_tap(pause) (user interrupted)
[15:43:08] skip: key_double_tap(ctrl) (user interrupted)
[15:43:13] skip: mouse_reverse_curve (user interrupted)
[15:43:18] keyboard: key_tap(shift) - 0m55s
[15:43:53] keyboard: key_tap(ctrlleft) - 0m35s
[15:44:41] skip: key_triple_tap(ctrl) (user interrupted)
[15:44:47] skip: mouse_random_walk_chain (user interrupted)
[15:44:52] skip: mouse (user active)
[15:44:57] skip: mouse_horizontal_move (user interrupted)
[15:45:02] skip: key_alt_tab_bounce(6) (user interrupted)
[15:45:07] skip: mouse (user active)
[15:45:12] keyboard: key_tap(ctrlright) - 1m18s
[15:45:49] keyboard: key_tap(shiftright) - 0m37s
[15:46:51] skip: mouse_random_walk_chain (user interrupted)
[15:46:56] skip: key_triple_tap(shiftright) (user interrupted)
[15:47:01] skip: mouse_tiny_step (user interrupted)
[15:47:07] skip: key_lock_toggle(numlock, 2) (user interrupted)
[15:47:12] skip: mouse (user active)
[15:47:17] skip: mouse_curved_ease_in (user interrupted)
[15:47:22] skip: mouse_reverse_curve (user interrupted)
[15:47:27] skip: mouse_random_walk_chain (user interrupted)
[15:47:32] skip: mouse_random_walk_chain (user interrupted)
[15:47:37] skip: keyboard (user active)
[15:47:42] skip: mouse_curved_ease_in_out (user interrupted)
[15:47:47] skip: mouse_long_move (user interrupted)
[15:47:52] keyboard: key_tap(shiftleft) - 2m2s
[15:48:57] skip: mouse_diagonal_move (user interrupted)
[15:49:02] skip: mouse_tiny_step (user interrupted)
[15:49:07] skip: mouse_vertical_move (user interrupted)
[15:49:12] skip: key_sequential_tap(ctrl, shift) (user interrupted)
[15:49:17] skip: mouse_long_move (user interrupted)
[15:49:22] keyboard: key_tap(shift) - 1m30s
[15:50:23] skip: mouse_zigzag_three_segments (user interrupted)
[15:50:28] keyboard: key_tap(shift) - 1m5s
[15:51:04] skip: key_double_tap(ctrlleft) (user interrupted)
[15:51:09] skip: mouse_long_move (user interrupted)
[15:51:14] skip: key_double_tap(ctrlleft) (user interrupted)
[15:51:19] skip: mouse_long_diagonal_sweep (user interrupted)
[15:51:24] skip: mouse_micro_jitter (user interrupted)
[15:51:29] keyboard: key_hold(ctrlright, (0.5, 1.2)) - 1m1s
[15:52:42] skip: key_triple_tap(ctrlright) (user interrupted)
[15:52:48] keyboard: key_tap(shift) - 1m18s
[15:53:53] skip: mouse_curved_ease_out (user interrupted)
[15:53:58] skip: key_alt_tab_bounce(4) (user interrupted)
[15:54:03] skip: mouse_long_move (user interrupted)
[15:54:08] skip: mouse_long_move (user interrupted)
[15:54:13] skip: mouse_curved_ease_in (user interrupted)
[15:54:18] skip: mouse_diagonal_move (user interrupted)
[15:54:23] keyboard: key_hold(shiftleft, (0.5, 1.2)) - 1m35s
[15:55:32] skip: mouse_long_diagonal_sweep (user interrupted)
[15:55:37] skip: mouse_short_move (user interrupted)
[15:55:42] skip: mouse_curved_ease_in (user interrupted)
[15:55:47] skip: mouse_curved_ease_in (user interrupted)
[15:55:53] skip: key_alt_tab_bounce(2) (user interrupted)
[15:55:58] skip: keyboard (user active)
[15:56:03] skip: key_triple_tap(ctrlleft) (user interrupted)
[15:56:08] skip: keyboard (user active)
[15:56:14] skip: key_lock_toggle(numlock, 2) (user interrupted)
[15:56:19] skip: key_alt_tab_bounce(6) (user interrupted)
[15:56:24] skip: mouse (user active)
[15:56:29] skip: key_double_tap(ctrl) (user interrupted)
[15:56:34] keyboard: key_tap(shiftleft) - 2m11s
[15:57:18] skip: mouse_diagonal_move (user interrupted)
[15:57:23] skip: mouse_big_jump (user interrupted)
[15:57:28] skip: mouse (user active)
[15:57:33] skip: mouse (user active)
[15:57:38] skip: mouse_slow_wide_drift (user interrupted)
[15:57:44] skip: key_triple_tap(shift) (user interrupted)
[15:57:49] skip: mouse_big_jump (user interrupted)
[15:57:54] skip: key_alt_tab_bounce(8) (user interrupted)
[15:57:59] keyboard: key_tap(ctrlright) - 1m24s
[15:58:54] skip: mouse_reverse_curve (user interrupted)
[15:58:59] skip: key_triple_tap(ctrlleft) (user interrupted)
[15:59:05] skip: key_alt_tab_bounce(2) (user interrupted)
[15:59:10] skip: key_sequential_tap(shiftright, ctrlleft) (user interrupted)
[15:59:15] skip: key_double_tap(shiftright) (user interrupted)
[15:59:20] keyboard: key_tap(ctrl) - 1m21s
[16:00:19] keyboard: key_hold(shiftright, (0.5, 1.2)) - 0m59s
[16:01:18] skip: key_double_tap(ctrlright) (user interrupted)
[16:01:23] skip: key_sequential_tap(shift, ctrl) (user interrupted)
[16:01:28] skip: mouse_big_jump (user interrupted)
[16:01:33] skip: mouse_diagonal_move (user interrupted)
[16:01:38] skip: mouse_medium_move (user interrupted)
[16:01:43] skip: mouse_long_move (user interrupted)
[16:01:48] keyboard: key_hold(ctrl, (0.1, 0.4)) - 1m28s
[16:02:34] skip: mouse_long_diagonal_sweep (user interrupted)
[16:02:39] keyboard: key_hold(ctrl, (0.5, 1.2)) - 0m51s
[16:03:13] skip: mouse_fast_flick (user interrupted)
[16:03:19] skip: mouse_fast_flick (user interrupted)
[16:03:24] keyboard: key_tap(shiftleft) - 0m44s
[16:04:02] keyboard: key_hold(ctrl, (0.1, 0.4)) - 0m38s
[16:04:48] skip: mouse_diagonal_move (user interrupted)
[16:04:53] keyboard: key_tap(shift) - 0m51s
[16:05:28] skip: mouse_micro_jitter (user interrupted)
[16:05:33] skip: key_sequential_tap(ctrlleft, shiftright) (user interrupted)
[16:05:38] keyboard: key_hold(ctrlleft, (0.5, 1.2)) - 0m45s
[16:06:45] skip: mouse_medium_move (user interrupted)
[16:06:51] skip: key_sequential_tap(ctrl, shift) (user interrupted)
[16:06:56] keyboard: key_hold(ctrl, (0.1, 0.4)) - 1m17s
[16:07:40] skip: key_triple_tap(ctrlright) (user interrupted)
[16:07:45] skip: keyboard (user active)
[16:07:50] skip: mouse_horizontal_move (user interrupted)
[16:07:55] keyboard: key_tap(shiftright) - 0m59s
[16:08:46] skip: key_sequential_tap(ctrlleft, shiftright) (user interrupted)
[16:08:51] skip: mouse_long_move (user interrupted)
[16:08:56] skip: mouse_tiny_step (user interrupted)
[16:09:01] keyboard: key_tap(ctrlleft) - 1m5s
[16:10:13] skip: mouse_vertical_move (user interrupted)
[16:10:18] skip: key_lock_toggle(scrolllock, 2) (user interrupted)
[16:10:23] keyboard: key_tap(ctrlright) - 1m22s
[16:11:25] skip: mouse_reverse_curve (user interrupted)
[16:11:31] skip: key_lock_toggle(scrolllock, 2) (user interrupted)
[16:11:36] skip: mouse_horizontal_move (user interrupted)
[16:11:41] skip: mouse_big_jump (user interrupted)
[16:11:46] skip: mouse_curved_ease_in (user interrupted)
[16:11:51] skip: mouse_medium_move (user interrupted)
[16:11:56] keyboard: key_tap(pause) - 1m32s
[16:13:09] skip: keyboard (user active)
[16:13:14] skip: mouse_random_walk_chain (user interrupted)
[16:13:19] keyboard: key_hold(shiftright, (0.5, 1.2)) - 1m23s
[16:14:02] skip: mouse_vertical_move (user interrupted)
[16:14:07] skip: mouse_long_move (user interrupted)
[16:14:12] skip: mouse_zigzag_two_segments (user interrupted)
[16:14:17] keyboard: key_hold(shift, (0.5, 1.2)) - 0m58s
[16:15:27] skip: mouse_curved_ease_out (user interrupted)
[16:15:33] keyboard: key_hold(shiftleft, (0.1, 0.4)) - 1m15s
[16:16:35] skip: mouse_reverse_curve (user interrupted)
[16:16:40] keyboard: key_tap(shiftright) - 1m7s
[16:17:29] skip: mouse_curved_ease_in_out (user interrupted)
[16:17:34] skip: mouse_vertical_move (user interrupted)
[16:17:39] skip: mouse_long_diagonal_sweep (user interrupted)
[16:17:44] keyboard: key_hold(shiftleft, (0.1, 0.4)) - 1m4s
[16:18:33] keyboard: key_hold(shiftleft, (0.1, 0.4)) - 0m49s
[16:19:10] skip: mouse_big_jump (user interrupted)
[16:19:15] skip: mouse_reverse_curve (user interrupted)
[16:19:20] skip: mouse_reverse_curve (user interrupted)
[16:19:26] skip: key_alt_tab_bounce(2) (user interrupted)
[16:19:31] skip: mouse_random_walk_chain (user interrupted)
[16:19:36] skip: key_alt_tab_bounce(2) (user interrupted)
[16:19:41] keyboard: key_hold(ctrl, (0.5, 1.2)) - 1m8s
[16:20:40] skip: mouse_long_diagonal_sweep (user interrupted)
[16:20:46] skip: key_double_tap(shiftright) (user interrupted)
[16:20:51] skip: mouse_medium_move (user interrupted)
[16:20:56] skip: mouse_long_move (user interrupted)
[16:21:01] skip: key_triple_tap(ctrlright) (user interrupted)
[16:21:06] skip: mouse_diagonal_move (user interrupted)
[16:21:11] keyboard: key_hold(shift, (0.1, 0.4)) - 1m29s
[16:22:12] skip: key_double_tap(shift) (user interrupted)
[16:22:17] skip: key_triple_tap(ctrl) (user interrupted)
[16:22:23] skip: key_modifier_medley(2) (user interrupted)
[16:22:28] skip: mouse_random_walk_chain (user interrupted)
[16:22:33] skip: mouse_tiny_step (user interrupted)
[16:22:38] skip: mouse_zigzag_two_segments (user interrupted)
[16:22:43] skip: mouse_horizontal_move (user interrupted)
[16:22:48] skip: mouse_tiny_step (user interrupted)
[16:22:53] skip: key_sequential_tap(ctrlleft, shiftright) (user interrupted)
[16:22:58] skip: mouse_curved_ease_in (user interrupted)
[16:23:03] skip: mouse_horizontal_move (user interrupted)
[16:23:09] skip: key_lock_toggle(capslock, 2) (user interrupted)
[16:23:14] skip: mouse_zigzag_two_segments (user interrupted)
[16:23:19] skip: mouse_fast_flick (user interrupted)
[16:23:24] skip: mouse_reverse_curve (user interrupted)
[16:23:29] skip: mouse_curved_ease_out (user interrupted)
[16:23:34] skip: key_triple_tap(shiftleft) (user interrupted)
[16:23:39] keyboard: key_hold(ctrlleft, (0.1, 0.4)) - 2m27s
[16:24:33] skip: mouse_slow_drift (user interrupted)
[16:24:38] skip: mouse_slow_wide_drift (user interrupted)
[16:24:43] skip: key_triple_tap(shift) (user interrupted)
[16:24:48] skip: mouse_long_move (user interrupted)
[16:24:54] skip: key_triple_tap(shift) (user interrupted)
[16:24:59] keyboard: key_hold(shiftright, (0.1, 0.4)) - 1m19s
[16:25:44] skip: keyboard (user active)
[16:25:49] keyboard: key_hold(shiftright, (0.5, 1.2)) - 0m50s
[16:26:54] skip: mouse (user active)
[16:26:59] skip: key_triple_tap(shift) (user interrupted)
[16:27:04] skip: mouse_long_move (user interrupted)
[16:27:09] skip: mouse_tiny_step (user interrupted)
[16:27:14] skip: key_lock_toggle(capslock, 4) (user interrupted)
[16:27:19] skip: mouse_random_walk_chain (user interrupted)
[16:27:25] keyboard: key_tap(shiftleft) - 1m35s
[16:28:19] skip: mouse_long_diagonal_sweep (user interrupted)
[16:28:24] keyboard: key_tap(shiftleft) - 0m59s
[16:29:33] skip: mouse_long_diagonal_sweep (user interrupted)
[16:29:38] skip: mouse_slow_drift (user interrupted)
[16:29:43] keyboard: key_tap(ctrl) - 1m19s
[16:30:28] keyboard: key_hold(ctrlright, (0.5, 1.2)) - 0m45s
[16:31:21] skip: mouse_random_walk_chain (user interrupted)
[16:31:26] skip: mouse_long_diagonal_sweep (user interrupted)
[16:31:31] skip: mouse_long_diagonal_sweep (user interrupted)
[16:31:36] skip: mouse_reverse_curve (user interrupted)
[16:31:41] keyboard: key_tap(shiftleft) - 1m13s
[16:32:45] skip: key_alt_tab_bounce(2) (user interrupted)
[16:32:50] skip: key_double_tap(shift) (user interrupted)
[16:32:55] skip: key_triple_tap(ctrlleft) (user interrupted)
[16:33:01] skip: key_sequential_tap(shift, ctrl) (user interrupted)
[16:33:06] skip: mouse_vertical_move (user interrupted)
[16:33:11] skip: mouse_short_move (user interrupted)
[16:33:16] keyboard: key_hold(ctrlleft, (0.5, 1.2)) - 1m34s
[16:33:52] skip: mouse_slow_drift (user interrupted)
[16:33:57] skip: mouse_big_jump (user interrupted)
[16:34:02] skip: mouse_vertical_move (user interrupted)
[16:34:07] skip: key_lock_toggle(numlock, 4) (user interrupted)
[16:34:13] skip: key_lock_toggle(capslock, 4) (user interrupted)
[16:34:18] skip: key_alt_tab_bounce(10) (user interrupted)
[16:34:23] skip: key_triple_tap(shift) (user interrupted)
[16:34:29] skip: key_lock_toggle(capslock, 2) (user interrupted)
[16:34:34] skip: mouse_tiny_step (user interrupted)
[16:34:39] skip: mouse_micro_jitter (user interrupted)
[16:34:44] skip: key_double_tap(shift) (user interrupted)
[16:34:50] skip: key_lock_toggle(numlock, 2) (user interrupted)
[16:34:55] skip: mouse_tiny_step (user interrupted)
[16:35:00] skip: mouse_long_move (user interrupted)
[16:35:05] skip: key_triple_tap(ctrl) (user interrupted)
[16:35:10] skip: key_triple_tap(shift) (user interrupted)
[16:35:15] skip: mouse_reverse_curve (user interrupted)
[16:35:20] skip: mouse_short_move (user interrupted)
[16:35:25] keyboard: key_hold(shiftright, (0.5, 1.2)) - 2m9s
[16:36:29] skip: mouse_big_jump (user interrupted)
[16:36:34] skip: mouse_curved_ease_out (user interrupted)
[16:36:40] keyboard: key_hold(ctrlleft, (0.5, 1.2)) - 1m14s
[16:37:50] skip: mouse_slow_drift (user interrupted)
[16:37:55] skip: mouse_curved_ease_out (user interrupted)
[16:38:00] skip: key_sequential_tap(shiftright, ctrlleft) (user interrupted)
[16:38:05] skip: mouse_vertical_move (user interrupted)
[16:38:10] skip: key_modifier_medley(2) (user interrupted)
[16:38:15] skip: mouse_long_move (user interrupted)
[16:38:21] skip: key_triple_tap(ctrlleft) (user interrupted)
[16:38:26] skip: mouse_random_walk_chain (user interrupted)
[16:38:31] skip: mouse_zigzag_three_segments (user interrupted)
[16:38:36] skip: mouse_random_walk_chain (user interrupted)
[16:38:41] skip: mouse_slow_drift (user interrupted)
[16:38:46] skip: key_double_tap(ctrlleft) (user interrupted)
[16:38:51] skip: mouse_tiny_step (user interrupted)
[16:38:56] skip: mouse_long_move (user interrupted)
[16:39:01] skip: mouse_curved_ease_out (user interrupted)
[16:39:06] skip: mouse_slow_wide_drift (user interrupted)
[16:39:11] skip: mouse_fast_flick (user interrupted)
[16:39:16] skip: mouse_medium_move (user interrupted)
[16:39:21] skip: mouse_short_move (user interrupted)
[16:39:26] keyboard: key_hold(ctrl, (0.5, 1.2)) - 2m46s
[16:40:00] keyboard: key_hold(shift, (0.1, 0.4)) - 0m34s
[16:40:50] skip: mouse_curved_ease_out (user interrupted)
[16:40:55] skip: mouse_long_move (user interrupted)
[16:41:00] skip: mouse_reverse_curve (user interrupted)
[16:41:06] skip: key_double_tap(shiftleft) (user interrupted)
[16:41:11] skip: key_triple_tap(ctrlleft) (user interrupted)
[16:41:16] skip: key_triple_tap(ctrlright) (user interrupted)
[16:41:21] skip: key_double_tap(shiftright) (user interrupted)
[16:41:27] skip: key_double_tap(ctrl) (user interrupted)
[16:41:32] keyboard: key_tap(pause) - 1m31s
[16:42:05] skip: mouse_zigzag_three_segments (user interrupted)
[16:42:10] skip: mouse_short_move (user interrupted)
[16:42:15] skip: mouse_medium_move (user interrupted)
[16:42:20] keyboard: key_tap(ctrlright) - 0m48s
[16:43:22] skip: mouse_short_move (user interrupted)
[16:43:27] skip: mouse_big_jump (user interrupted)
[16:43:32] keyboard: key_tap(ctrl) - 1m12s
[16:44:35] skip: mouse_zigzag_three_segments (user interrupted)
[16:44:40] skip: mouse_long_diagonal_sweep (user interrupted)
[16:44:45] skip: mouse_short_move (user interrupted)
[16:44:50] skip: mouse_slow_wide_drift (user interrupted)
[16:44:55] skip: mouse_tiny_step (user interrupted)
[16:45:01] skip: key_double_tap(shiftright) (user interrupted)
[16:45:06] skip: mouse_curved_ease_in_out (user interrupted)
[16:45:11] skip: mouse_tiny_step (user interrupted)
[16:45:16] skip: mouse_medium_move (user interrupted)
[16:45:21] keyboard: key_tap(shiftleft) - 1m48s
[16:46:07] skip: key_sequential_tap(shift, ctrl) (user interrupted)
[16:46:12] skip: mouse_zigzag_three_segments (user interrupted)
[16:46:17] keyboard: key_hold(shiftright, (0.5, 1.2)) - 0m56s
[16:47:23] keyboard: key_hold(ctrlright, (0.5, 1.2)) - 1m6s
[16:48:20] skip: key_double_tap(shiftright) (user interrupted)
[16:48:25] skip: mouse_big_jump (user interrupted)
[16:48:30] skip: key_lock_toggle(numlock, 2) (user interrupted)
[16:48:35] skip: mouse_zigzag_two_segments (user interrupted)
[16:48:40] skip: mouse_slow_drift (user interrupted)
[16:48:45] skip: mouse_big_jump (user interrupted)
[16:48:50] skip: mouse_diagonal_move (user interrupted)
[16:48:55] skip: mouse_zigzag_two_segments (user interrupted)
[16:49:01] skip: key_alt_tab_bounce(6) (user interrupted)
[16:49:06] skip: mouse_random_walk_chain (user interrupted)
[16:49:11] skip: mouse_micro_jitter (user interrupted)
[16:49:16] skip: key_double_tap(ctrl) (user interrupted)
[16:49:21] keyboard: key_hold(ctrl, (0.5, 1.2)) - 1m57s
[16:50:06] skip: mouse_zigzag_three_segments (user interrupted)
[16:50:11] skip: mouse_random_walk_chain (user interrupted)
[16:50:16] skip: mouse_big_jump (user interrupted)
[16:50:21] skip: mouse_slow_wide_drift (user interrupted)
[16:50:26] skip: mouse_fast_flick (user interrupted)
[16:50:32] keyboard: key_hold(ctrlright, (0.5, 1.2)) - 1m10s
[16:51:44] skip: mouse_big_jump (user interrupted)
[16:51:49] skip: key_sequential_tap(ctrl, shift) (user interrupted)
[16:51:54] skip: mouse_slow_drift (user interrupted)
[16:51:59] skip: mouse_long_diagonal_sweep (user interrupted)
[16:52:04] skip: mouse_zigzag_two_segments (user interrupted)
[16:52:09] skip: key_alt_tab_bounce(10) (user interrupted)
[16:52:15] skip: key_triple_tap(shiftright) (user interrupted)
[16:52:20] skip: mouse_curved_ease_in_out (user interrupted)
[16:52:25] keyboard: key_tap(shiftleft) - 1m53s
[16:53:01] skip: mouse_vertical_move (user interrupted)
[16:53:06] skip: mouse (user active)
[16:53:11] skip: key_double_tap(pause) (user interrupted)
[16:53:16] skip: key_sequential_tap(shiftright, ctrlleft) (user interrupted)
[16:53:21] skip: mouse_medium_move (user interrupted)
[16:53:27] keyboard: key_hold(ctrlright, (0.5, 1.2)) - 1m1s
[16:54:27] skip: mouse_vertical_move (user interrupted)
[16:54:32] skip: mouse_reverse_curve (user interrupted)
[16:54:37] skip: key_double_tap(ctrlright) (user interrupted)
[16:54:42] keyboard: key_hold(shiftleft, (0.5, 1.2)) - 1m15s
[16:55:50] skip: mouse_horizontal_move (user interrupted)
[16:55:55] skip: mouse_random_walk_chain (user interrupted)
[16:56:01] skip: key_lock_toggle(capslock, 2) (user interrupted)
[16:56:06] skip: mouse_long_diagonal_sweep (user interrupted)
[16:56:11] skip: mouse_long_move (user interrupted)
[16:56:16] skip: mouse_short_move (user interrupted)
[16:56:21] skip: mouse_long_diagonal_sweep (user interrupted)
[16:56:26] skip: mouse_vertical_move (user interrupted)
[16:56:31] keyboard: key_hold(ctrlleft, (0.5, 1.2)) - 1m48s
[16:57:37] skip: key_alt_tab_bounce(4) (user interrupted)
[16:57:42] skip: mouse_medium_move (user interrupted)
[16:57:48] skip: key_lock_toggle(scrolllock, 2) (user interrupted)
[16:57:53] skip: mouse_zigzag_two_segments (user interrupted)
[16:57:58] skip: mouse_big_jump (user interrupted)
[16:58:03] keyboard: key_hold(ctrlleft, (0.5, 1.2)) - 1m32s
[16:59:06] skip: mouse_long_diagonal_sweep (user interrupted)
[16:59:11] skip: mouse_curved_ease_in_out (user interrupted)
[16:59:16] skip: mouse_diagonal_move (user interrupted)
[16:59:21] keyboard: key_hold(ctrlleft, (0.1, 0.4)) - 1m18s
[16:59:57] skip: key_modifier_medley(2) (user interrupted)
[17:00:02] skip: mouse_random_walk_chain (user interrupted)
[17:00:07] keyboard: key_tap(ctrlright) - 0m45s
[17:01:17] skip: mouse_diagonal_move (user interrupted)
[17:01:22] keyboard: key_hold(ctrlright, (0.5, 1.2)) - 1m15s
[17:01:57] skip: key_double_tap(ctrl) (user interrupted)
[17:02:02] skip: key_double_tap(ctrlright) (user interrupted)
[17:02:07] skip: mouse_diagonal_move (user interrupted)
[17:02:13] skip: key_lock_toggle(capslock, 2) (user interrupted)
[17:02:18] skip: mouse_curved_ease_in (user interrupted)
[17:02:23] keyboard: key_tap(ctrlright) - 1m1s
[17:03:07] skip: mouse_tiny_step (user interrupted)
[17:03:12] keyboard: key_hold(ctrlright, (0.5, 1.2)) - 0m49s
[17:04:07] keyboard: key_hold(ctrlleft, (0.5, 1.2)) - 0m55s
[17:04:58] skip: mouse_tiny_step (user interrupted)
[17:05:04] skip: key_alt_tab_bounce(2) (user interrupted)
[17:05:09] skip: mouse_long_move (user interrupted)
[17:05:14] skip: key_modifier_medley(2) (user interrupted)
[17:05:19] keyboard: key_hold(shiftleft, (0.1, 0.4)) - 1m11s
[17:06:31] skip: mouse_medium_move (user interrupted)
[17:06:36] keyboard: key_hold(ctrl, (0.5, 1.2)) - 1m17s
[17:07:49] skip: key_lock_toggle(numlock, 4) (user interrupted)
[17:07:54] skip: mouse_random_walk_chain (user interrupted)
[17:07:59] skip: key_lock_toggle(scrolllock, 2) (user interrupted)
[17:08:04] skip: mouse_big_jump (user interrupted)
[17:08:09] skip: mouse_medium_move (user interrupted)
[17:08:14] skip: mouse_random_walk_chain (user interrupted)
[17:08:19] keyboard: key_tap(shiftleft) - 1m42s
[17:08:52] skip: mouse_curved_ease_in_out (user interrupted)
[17:08:58] skip: key_double_tap(shiftright) (user interrupted)
[17:09:03] skip: key_sequential_tap(ctrlright, shiftleft) (user interrupted)
[17:09:08] skip: key_sequential_tap(ctrlleft, shiftright) (user interrupted)
[17:09:13] skip: mouse_zigzag_three_segments (user interrupted)
[17:09:18] skip: mouse_slow_wide_drift (user interrupted)
[17:09:24] skip: key_alt_tab_bounce(6) (user interrupted)
[17:09:29] skip: key_double_tap(ctrlleft) (user interrupted)
[17:09:34] keyboard: key_hold(shift, (0.5, 1.2)) - 1m14s
[17:10:24] skip: mouse_curved_ease_out (user interrupted)
[17:10:29] skip: key_alt_tab_bounce(6) (user interrupted)
[17:10:34] skip: mouse_long_diagonal_sweep (user interrupted)
[17:10:39] skip: mouse_medium_move (user interrupted)
[17:10:44] skip: mouse_fast_flick (user interrupted)
[17:10:49] skip: key_sequential_tap(shiftright, ctrlleft) (user interrupted)
[17:10:54] skip: mouse_curved_ease_in_out (user interrupted)
[17:10:59] skip: mouse_zigzag_two_segments (user interrupted)
[17:11:04] keyboard: key_hold(shift, (0.5, 1.2)) - 1m29s
[17:11:38] skip: mouse_tiny_step (user interrupted)
[17:11:44] skip: key_triple_tap(shiftright) (user interrupted)
[17:11:49] skip: key_double_tap(shiftleft) (user interrupted)
[17:11:54] keyboard: key_tap(shiftright) - 0m49s
[17:13:09] skip: mouse_short_move (user interrupted)
[17:13:14] skip: mouse_reverse_curve (user interrupted)
[17:13:19] skip: mouse_slow_wide_drift (user interrupted)
[17:13:24] skip: key_sequential_tap(ctrlright, shiftleft) (user interrupted)
[17:13:30] skip: key_lock_toggle(numlock, 4) (user interrupted)
[17:13:35] skip: mouse_diagonal_move (user interrupted)
[17:13:40] skip: mouse_slow_drift (user interrupted)
[17:13:45] skip: key_sequential_tap(ctrlright, shiftleft) (user interrupted)
[17:13:50] skip: mouse_random_walk_chain (user interrupted)
[17:13:55] skip: mouse_long_move (user interrupted)
[17:14:00] skip: mouse_fast_flick (user interrupted)
[17:14:05] skip: mouse_curved_ease_in (user interrupted)
[17:14:10] keyboard: key_hold(shift, (0.1, 0.4)) - 2m16s
[17:15:12] skip: mouse_slow_drift (user interrupted)
[17:15:17] skip: mouse_slow_wide_drift (user interrupted)
[17:15:23] keyboard: key_hold(shift, (0.5, 1.2)) - 1m12s
[17:16:15] keyboard: key_hold(ctrl, (0.1, 0.4)) - 0m52s
[17:16:56] skip: key_alt_tab_bounce(8) (user interrupted)
[17:17:01] skip: key_double_tap(ctrl) (user interrupted)
[17:17:07] skip: mouse_slow_wide_drift (user interrupted)
[17:17:12] keyboard: key_hold(shiftright, (0.5, 1.2)) - 0m56s
[17:18:26] keyboard: key_hold(shiftleft, (0.5, 1.2)) - 1m14s
[17:19:24] skip: mouse (user active)
[17:19:29] skip: keyboard (user active)
[17:19:34] skip: keyboard (user active)
[17:19:39] skip: mouse (user active)
[17:19:44] skip: mouse (user active)
[17:19:49] skip: keyboard (user active)
[17:19:54] skip: mouse (user active)
[17:19:59] skip: keyboard (user active)
[17:20:04] skip: keyboard (user active)
[17:20:09] skip: key_sequential_tap(shift, ctrl) (user interrupted)
[17:20:14] skip: mouse_long_diagonal_sweep (user interrupted)
[17:20:19] skip: mouse_vertical_move (user interrupted)
[17:20:24] skip: mouse_zigzag_three_segments (user interrupted)
[17:20:30] skip: key_alt_tab_bounce(2) (user interrupted)
[17:20:35] keyboard: key_hold(ctrlright, (0.5, 1.2)) - 2m8s
[17:21:38] skip: mouse_curved_ease_in (user interrupted)
[17:21:43] skip: mouse_vertical_move (user interrupted)
[17:21:48] skip: mouse_curved_ease_out (user interrupted)
[17:21:53] skip: mouse_long_diagonal_sweep (user interrupted)
[17:21:58] skip: mouse_random_walk_chain (user interrupted)
[17:22:03] skip: mouse_vertical_move (user interrupted)
[17:22:08] skip: mouse_medium_move (user interrupted)
[17:22:13] skip: mouse_curved_ease_in_out (user interrupted)
[17:22:18] skip: mouse_curved_ease_out (user interrupted)
[17:22:23] skip: mouse_random_walk_chain (user interrupted)
[17:22:28] skip: mouse_curved_ease_in_out (user interrupted)
[17:22:33] skip: mouse_big_jump (user interrupted)
[17:22:38] skip: mouse_medium_move (user interrupted)
[17:22:43] skip: mouse_long_diagonal_sweep (user interrupted)
[17:22:48] skip: mouse_horizontal_move (user interrupted)
[17:22:53] skip: mouse_big_jump (user interrupted)
[17:22:59] skip: key_sequential_tap(ctrl, shift) (user interrupted)
[17:23:04] skip: mouse_medium_move (user interrupted)
[17:23:09] keyboard: key_hold(ctrlleft, (0.1, 0.4)) - 2m33s
[17:24:07] keyboard: key_hold(ctrlright, (0.1, 0.4)) - 0m58s
[17:24:48] skip: mouse_zigzag_three_segments (user interrupted)
[17:24:54] skip: key_alt_tab_bounce(8) (user interrupted)
[17:24:59] skip: mouse_curved_ease_in (user interrupted)
[17:25:04] skip: keyboard (user active)
[17:25:09] skip: keyboard (user active)
[17:25:14] skip: keyboard (user active)
[17:25:19] skip: mouse (user active)
[17:25:24] skip: keyboard (user active)
[17:25:29] skip: keyboard (user active)
[17:25:34] skip: key_sequential_tap(shift, ctrl) (user interrupted)
[17:25:39] skip: mouse_curved_ease_in (user interrupted)
[17:25:44] skip: key_double_tap(shiftright) (user interrupted)
[17:25:49] skip: mouse_long_move (user interrupted)
[17:25:54] skip: key_sequential_tap(shiftleft, ctrlright) (user interrupted)
[17:26:00] keyboard: key_hold(ctrlleft, (0.1, 0.4)) - 1m52s
[17:26:42] skip: mouse_medium_move (user interrupted)
[17:26:47] skip: mouse_curved_ease_in (user interrupted)
[17:26:52] skip: mouse_medium_move (user interrupted)
[17:26:57] skip: key_triple_tap(shift) (user interrupted)
[17:27:02] skip: mouse_diagonal_move (user interrupted)
[17:27:07] skip: mouse_zigzag_three_segments (user interrupted)
[17:27:12] skip: key_alt_tab_bounce(8) (user interrupted)
[17:27:18] skip: key_triple_tap(ctrl) (user interrupted)
[17:27:23] skip: key_alt_tab_bounce(8) (user interrupted)
[17:27:28] skip: mouse_diagonal_move (user interrupted)
[17:27:34] keyboard: key_hold(shiftleft, (0.1, 0.4)) - 1m33s
[17:28:49] skip: mouse_curved_ease_in_out (user interrupted)
[17:28:54] skip: mouse (user active)
[17:28:59] skip: mouse (user active)
[17:29:04] skip: mouse_slow_drift (user interrupted)
[17:29:09] skip: key_triple_tap(ctrlleft) (user interrupted)
[17:29:14] keyboard: key_hold(shiftleft, (0.5, 1.2)) - 1m40s
[17:30:24] skip: mouse_zigzag_three_segments (user interrupted)
[17:30:29] skip: mouse_vertical_move (user interrupted)
[17:30:34] skip: mouse_tiny_step (user interrupted)
[17:30:39] skip: mouse_reverse_curve (user interrupted)
[17:30:44] skip: key_double_tap(ctrlleft) (user interrupted)
[17:30:49] skip: mouse_zigzag_two_segments (user interrupted)
[17:30:55] skip: key_alt_tab_bounce(4) (user interrupted)
[17:31:00] skip: key_sequential_tap(shift, ctrl) (user interrupted)
[17:31:05] skip: mouse_horizontal_move (user interrupted)
[17:31:11] skip: key_double_tap(ctrlright) (user interrupted)
[17:31:16] keyboard: key_hold(ctrlright, (0.5, 1.2)) - 2m1s
[17:31:50] skip: key_alt_tab_bounce(4) (user interrupted)
[17:31:55] skip: mouse_horizontal_move (user interrupted)
[17:32:00] skip: key_triple_tap(shiftright) (user interrupted)
[17:32:05] skip: mouse_curved_ease_out (user interrupted)
[17:32:10] skip: mouse_zigzag_three_segments (user interrupted)
[17:32:16] skip: key_sequential_tap(shift, ctrl) (user interrupted)
[17:32:21] skip: key_triple_tap(shiftright) (user interrupted)
[17:32:26] skip: mouse_curved_ease_in_out (user interrupted)
[17:32:32] skip: key_alt_tab_bounce(10) (user interrupted)
[17:32:37] keyboard: key_hold(ctrl, (0.5, 1.2)) - 1m20s
[17:33:23] skip: key_double_tap(shiftleft) (user interrupted)
[17:33:28] skip: mouse_curved_ease_out (user interrupted)
[17:33:33] skip: mouse_vertical_move (user interrupted)
[17:33:38] skip: mouse_zigzag_three_segments (user interrupted)
[17:33:43] skip: mouse_long_diagonal_sweep (user interrupted)
[17:33:48] skip: key_lock_toggle(capslock, 2) (user interrupted)
[17:33:53] skip: mouse_tiny_step (user interrupted)
[17:33:58] skip: mouse_tiny_step (user interrupted)
[17:34:03] skip: mouse (user active)
[17:34:08] skip: mouse_slow_drift (user interrupted)
[17:34:14] skip: mouse_zigzag_two_segments (user interrupted)
[17:34:19] skip: mouse_zigzag_two_segments (user interrupted)
[17:34:24] skip: mouse_fast_flick (user interrupted)
[17:34:29] keyboard: key_tap(ctrl) - 1m51s
[17:35:02] skip: mouse_zigzag_three_segments (user interrupted)
[17:35:07] skip: mouse_horizontal_move (user interrupted)
[17:35:12] skip: mouse_fast_flick (user interrupted)
[17:35:17] keyboard: key_tap(shiftright) - 0m48s
[17:36:31] skip: key_double_tap(ctrlleft) (user interrupted)
[17:36:36] skip: mouse_zigzag_three_segments (user interrupted)
[17:36:41] skip: mouse_curved_ease_in_out (user interrupted)
[17:36:46] skip: mouse_curved_ease_in (user interrupted)
[17:36:51] keyboard: key_hold(shiftright, (0.5, 1.2)) - 1m34s
[17:38:03] skip: mouse_curved_ease_in (user interrupted)
[17:38:08] skip: mouse_curved_ease_in_out (user interrupted)
[17:38:13] keyboard: key_tap(ctrlleft) - 1m22s
[17:39:21] skip: mouse_zigzag_two_segments (user interrupted)
[17:39:27] skip: key_double_tap(ctrl) (user interrupted)
[17:39:32] keyboard: key_hold(ctrl, (0.5, 1.2)) - 1m18s
[17:40:18] skip: key_triple_tap(ctrlleft) (user interrupted)
[17:40:23] keyboard: key_tap(pause) - 0m51s
[17:41:15] skip: mouse_vertical_move (user interrupted)
[17:41:20] skip: key_modifier_medley(2) (user interrupted)
[17:41:25] skip: mouse_curved_ease_out (user interrupted)
[17:41:31] skip: key_double_tap(shiftright) (user interrupted)
[17:41:36] skip: mouse_random_walk_chain (user interrupted)
[17:41:41] skip: mouse_vertical_move (user interrupted)
[17:41:46] skip: mouse_big_jump (user interrupted)
[17:41:51] skip: key_sequential_tap(shiftright, ctrlleft) (user interrupted)
[17:41:56] skip: mouse_zigzag_three_segments (user interrupted)
[17:42:01] skip: key_lock_toggle(scrolllock, 2) (user interrupted)
[17:42:06] skip: mouse_random_walk_chain (user interrupted)
[17:42:11] skip: mouse_long_diagonal_sweep (user interrupted)
[17:42:17] skip: key_double_tap(ctrlleft) (user interrupted)
[17:42:22] keyboard: key_hold(ctrlleft, (0.1, 0.4)) - 1m58s
[17:43:00] skip: mouse_micro_jitter (user interrupted)
[17:43:05] skip: mouse_slow_wide_drift (user interrupted)
[17:43:10] skip: mouse_reverse_curve (user interrupted)
[17:43:15] keyboard: key_tap(shift) - 0m53s
[17:43:50] skip: keyboard (user active)
[17:43:55] keyboard: key_hold(ctrlleft, (0.1, 0.4)) - 0m40s
[17:45:09] skip: mouse (user active)
[17:45:14] skip: keyboard (user active)
[17:45:19] skip: mouse_long_diagonal_sweep (user interrupted)
[17:45:25] skip: key_double_tap(shift) (user interrupted)
[17:45:30] skip: key_sequential_tap(shift, ctrl) (user interrupted)
[17:45:35] keyboard: key_tap(ctrlright) - 1m39s
[17:46:29] skip: mouse (user active)
[17:46:34] keyboard: key_tap(ctrl) - 0m59s
[17:47:46] skip: mouse (user active)
[17:47:51] skip: mouse (user active)
[17:47:56] skip: mouse (user active)
[17:48:01] skip: mouse (user active)
[17:48:06] skip: mouse (user active)
[17:48:11] skip: mouse_slow_drift (user interrupted)
[17:48:16] skip: mouse_micro_jitter (user interrupted)
[17:48:21] skip: mouse_micro_jitter (user interrupted)
[17:48:26] skip: key_sequential_tap(ctrlleft, shiftright) (user interrupted)
[17:48:31] skip: mouse_vertical_move (user interrupted)
[17:48:36] skip: keyboard (user active)
[17:48:42] skip: key_triple_tap(shiftright) (user interrupted)
[17:48:47] skip: mouse_curved_ease_in (user interrupted)
[17:48:52] skip: key_double_tap(shiftleft) (user interrupted)
[17:48:57] skip: mouse (user active)
[17:49:02] skip: mouse (user active)
[17:49:07] skip: keyboard (user active)
[17:49:12] skip: mouse (user active)
[17:49:17] skip: keyboard (user active)
[17:49:22] skip: keyboard (user active)
[17:49:27] skip: mouse (user active)
[17:49:32] skip: keyboard (user active)
[17:49:37] skip: keyboard (user active)
[17:49:42] skip: mouse (user active)
[17:49:47] skip: mouse_slow_wide_drift (user interrupted)
[17:49:52] skip: mouse_long_move (user interrupted)
[17:49:57] skip: mouse_micro_jitter (user interrupted)
[17:50:02] skip: key_alt_tab_bounce(6) (user interrupted)
[17:50:07] skip: keyboard (user active)
[17:50:12] skip: keyboard (user active)
[17:50:17] skip: mouse_medium_move (user interrupted)
[17:50:22] skip: mouse_slow_drift (user interrupted)
[17:50:27] skip: mouse_diagonal_move (user interrupted)
[17:50:33] keyboard: key_tap(shiftleft) - 3m58s
[17:51:29] skip: mouse_curved_ease_in_out (user interrupted)
[17:51:34] skip: key_lock_toggle(capslock, 2) (user interrupted)
[17:51:39] skip: mouse_horizontal_move (user interrupted)
[17:51:44] keyboard: key_tap(ctrlright) - 1m11s
[17:52:18] skip: key_triple_tap(shiftleft) (user interrupted)
[17:52:23] skip: mouse_micro_jitter (user interrupted)
[17:52:28] skip: mouse_micro_jitter (user interrupted)
[17:52:33] skip: mouse_slow_drift (user interrupted)
[17:52:38] skip: mouse_random_walk_chain (user interrupted)
[17:52:43] skip: mouse_vertical_move (user interrupted)
[17:52:49] skip: key_sequential_tap(ctrlright, shiftleft) (user interrupted)
[17:52:54] skip: mouse (user active)
[17:52:59] skip: keyboard (user active)
[17:53:04] skip: mouse (user active)
[17:53:09] skip: keyboard (user active)
[17:53:14] keyboard: key_tap(ctrlleft) - 1m29s
[17:54:23] skip: key_alt_tab_bounce(10) (user interrupted)
[17:54:28] skip: mouse (user active)
[17:54:34] skip: key_lock_toggle(numlock, 4) (user interrupted)
[17:54:39] keyboard: key_hold(shiftright, (0.5, 1.2)) - 1m24s
[17:55:49] skip: mouse (user active)
[17:55:54] skip: mouse (user active)
[17:55:59] skip: keyboard (user active)
[17:56:04] skip: keyboard (user active)
[17:56:09] skip: mouse (user active)
[17:56:14] skip: mouse (user active)
[17:56:19] skip: mouse (user active)
[17:56:24] skip: mouse (user active)
[17:56:29] skip: mouse (user active)
[17:56:34] skip: mouse (user active)
[17:56:39] skip: mouse (user active)
[17:56:44] skip: keyboard (user active)
[17:56:49] skip: mouse (user active)
[17:56:54] skip: mouse (user active)
[17:56:59] skip: mouse (user active)
[17:57:04] skip: keyboard (user active)
[17:57:09] skip: key_lock_toggle(capslock, 2) (user interrupted)
[17:57:14] skip: mouse_slow_drift (user interrupted)
[17:57:19] skip: mouse_horizontal_move (user interrupted)
[17:57:24] skip: mouse_big_jump (user interrupted)
[17:57:29] skip: mouse_tiny_step (user interrupted)
[17:57:35] skip: key_triple_tap(shiftright) (user interrupted)
[17:57:40] keyboard: key_tap(shiftleft) - 3m0s
[17:58:11] skip: mouse_long_move (user interrupted)
[17:58:16] skip: mouse (user active)
[17:58:21] skip: mouse (user active)
[17:58:26] skip: mouse (user active)
[17:58:31] skip: mouse (user active)
[17:58:36] skip: keyboard (user active)
[17:58:41] skip: keyboard (user active)
[17:58:46] skip: mouse (user active)
[17:58:51] skip: keyboard (user active)
[17:58:56] skip: mouse (user active)
[17:59:01] skip: mouse_long_diagonal_sweep (user interrupted)
[17:59:06] skip: keyboard (user active)
[17:59:11] keyboard: key_hold(ctrl, (0.1, 0.4)) - 1m31s
[17:59:52] skip: mouse (user active)
[17:59:57] keyboard: key_tap(shift) - 0m46s
[18:00:38] skip: mouse_slow_drift (user interrupted)
[18:00:43] skip: mouse_reverse_curve (user interrupted)
[18:00:48] skip: mouse_reverse_curve (user interrupted)
[18:00:53] skip: key_lock_toggle(scrolllock, 2) (user interrupted)
[18:00:59] skip: key_double_tap(pause) (user interrupted)
[18:01:04] keyboard: key_tap(ctrl) - 1m6s
[18:01:39] keyboard: key_hold(shiftleft, (0.1, 0.4)) - 0m35s
[18:02:37] skip: mouse_long_move (user interrupted)
[18:02:42] skip: mouse_zigzag_two_segments (user interrupted)
[18:02:47] skip: key_double_tap(shiftright) (user interrupted)
[18:02:52] skip: mouse_medium_move (user interrupted)
[18:02:57] keyboard: key_tap(shift) - 1m18s
[18:03:40] skip: keyboard (user active)
[18:03:45] skip: mouse_diagonal_move (user interrupted)
[18:03:50] skip: mouse_medium_move (user interrupted)
[18:03:55] skip: key_double_tap(pause) (user interrupted)
[18:04:01] keyboard: key_tap(ctrlleft) - 1m3s
[18:04:47] skip: mouse_long_move (user interrupted)
[18:04:52] keyboard: key_hold(ctrlright, (0.5, 1.2)) - 0m51s
[18:05:50] keyboard: key_tap(shift) - 0m58s
[18:06:41] skip: key_triple_tap(shiftleft) (user interrupted)
[18:06:46] skip: key_lock_toggle(scrolllock, 2) (user interrupted)
[18:06:51] skip: mouse_zigzag_three_segments (user interrupted)
[18:06:56] skip: mouse_tiny_step (user interrupted)
[18:07:01] skip: mouse_long_move (user interrupted)
[18:07:07] skip: key_double_tap(shift) (user interrupted)
[18:07:12] skip: key_alt_tab_bounce(10) (user interrupted)
[18:07:17] skip: mouse_zigzag_two_segments (user interrupted)
[18:07:22] skip: mouse_medium_move (user interrupted)
[18:07:27] skip: mouse_short_move (user interrupted)
[18:07:32] skip: mouse_long_move (user interrupted)
[18:07:37] skip: mouse_curved_ease_in (user interrupted)
[18:07:42] keyboard: key_hold(ctrlleft, (0.5, 1.2)) - 1m52s
[18:08:44] skip: keyboard (user active)
[18:08:49] skip: keyboard (user active)
[18:08:54] skip: mouse (user active)
[18:08:59] skip: keyboard (user active)
[18:09:04] skip: keyboard (user active)
[18:09:09] skip: mouse (user active)
[18:09:14] skip: keyboard (user active)
[18:09:19] skip: mouse (user active)
[18:09:24] skip: keyboard (user active)
[18:09:29] skip: mouse (user active)
[18:09:34] skip: keyboard (user active)
[18:09:39] skip: keyboard (user active)
[18:09:44] skip: keyboard (user active)
[18:09:50] skip: key_lock_toggle(numlock, 2) (user interrupted)
[18:09:55] skip: keyboard (user active)
[18:10:00] skip: key_triple_tap(ctrlright) (user interrupted)
[18:10:05] skip: mouse (user active)
[18:10:10] skip: mouse (user active)
[18:10:15] skip: mouse (user active)
[18:10:20] skip: mouse_long_diagonal_sweep (user interrupted)
[18:10:25] skip: keyboard (user active)
[18:10:30] skip: keyboard (user active)
[18:10:35] skip: mouse (user active)
[18:10:40] skip: mouse_fast_flick (user interrupted)
[18:10:45] skip: mouse_curved_ease_out (user interrupted)
[18:10:50] skip: keyboard (user active)
[18:10:55] skip: key_sequential_tap(shift, ctrl) (user interrupted)
[18:11:01] skip: mouse_fast_flick (user interrupted)
[18:11:06] skip: mouse (user active)
[18:11:11] skip: keyboard (user active)
[18:11:16] skip: key_double_tap(ctrlright) (user interrupted)
[18:11:21] keyboard: key_tap(shift) - 3m38s
[18:11:58] keyboard: key_hold(shiftleft, (0.5, 1.2)) - 0m37s
[18:13:12] skip: mouse_long_move (user interrupted)
[18:13:17] skip: mouse_curved_ease_out (user interrupted)
[18:13:22] keyboard: key_tap(shiftright) - 1m24s
[18:14:09] skip: key_modifier_medley(4) (user interrupted)
[18:14:14] skip: mouse_curved_ease_in (user interrupted)
[18:14:20] skip: key_lock_toggle(capslock, 2) (user interrupted)
[18:14:25] skip: key_double_tap(ctrlright) (user interrupted)
[18:14:30] skip: mouse_tiny_step (user interrupted)
[18:14:35] skip: mouse_curved_ease_in (user interrupted)
[18:14:40] skip: mouse_tiny_step (user interrupted)
[18:14:45] skip: mouse_reverse_curve (user interrupted)
[18:14:51] skip: key_alt_tab_bounce(4) (user interrupted)
[18:14:56] skip: mouse_micro_jitter (user interrupted)
[18:15:01] skip: keyboard (user active)
[18:15:06] skip: mouse_tiny_step (user interrupted)
[18:15:11] skip: mouse_medium_move (user interrupted)
[18:15:16] skip: mouse_slow_wide_drift (user interrupted)
[18:15:21] skip: mouse_slow_drift (user interrupted)
[18:15:26] skip: mouse_zigzag_three_segments (user interrupted)
[18:15:31] skip: mouse_long_diagonal_sweep (user interrupted)
[18:15:36] skip: key_lock_toggle(numlock, 4) (user interrupted)
[18:15:41] skip: key_modifier_medley(4) (user interrupted)
[18:15:47] keyboard: key_hold(shiftleft, (0.1, 0.4)) - 2m24s
[18:16:44] skip: mouse_tiny_step (user interrupted)
[18:16:49] skip: key_triple_tap(shiftleft) (user interrupted)
[18:16:54] skip: key_sequential_tap(shiftleft, ctrlright) (user interrupted)
[18:16:59] skip: mouse_horizontal_move (user interrupted)
[18:17:04] skip: mouse_long_diagonal_sweep (user interrupted)
[18:17:09] skip: mouse_vertical_move (user interrupted)
[18:17:14] skip: mouse_diagonal_move (user interrupted)
[18:17:19] skip: key_triple_tap(shift) (user interrupted)
[18:17:25] keyboard: key_tap(ctrl) - 1m37s
[18:18:04] skip: mouse_horizontal_move (user interrupted)
[18:18:09] skip: mouse_curved_ease_out (user interrupted)
[18:18:14] skip: mouse_slow_drift (user interrupted)
[18:18:19] keyboard: key_hold(ctrlright, (0.1, 0.4)) - 0m54s
[18:18:55] skip: mouse_curved_ease_in_out (user interrupted)
[18:19:00] skip: mouse_short_move (user interrupted)
[18:19:05] skip: keyboard (user active)
[18:19:10] skip: keyboard (user active)
[18:19:15] keyboard: key_hold(ctrl, (0.1, 0.4)) - 0m56s
[18:20:11] skip: key_lock_toggle(capslock, 4) (user interrupted)
[18:20:16] skip: keyboard (user active)
[18:20:21] skip: mouse_curved_ease_in_out (user interrupted)
[18:20:26] skip: mouse_horizontal_move (user interrupted)
[18:20:31] skip: mouse_slow_drift (user interrupted)
[18:20:36] skip: mouse_curved_ease_in (user interrupted)
[18:20:41] skip: mouse_random_walk_chain (user interrupted)
[18:20:46] skip: mouse_micro_jitter (user interrupted)
[18:20:51] skip: keyboard (user active)
[18:20:56] skip: keyboard (user active)
[18:21:02] skip: key_sequential_tap(ctrl, shift) (user interrupted)
[18:21:07] skip: mouse_medium_move (user interrupted)
[18:21:12] skip: mouse_slow_wide_drift (user interrupted)
[18:21:17] skip: mouse_random_walk_chain (user interrupted)
[18:21:22] skip: mouse_big_jump (user interrupted)
[18:21:27] keyboard: key_tap(pause) - 2m11s
[18:22:17] skip: key_lock_toggle(capslock, 4) (user interrupted)
[18:22:22] skip: keyboard (user active)
[18:22:27] skip: keyboard (user active)
[18:22:32] skip: keyboard (user active)
[18:22:37] skip: keyboard (user active)
[18:22:42] skip: mouse (user active)
[18:22:47] skip: keyboard (user active)
[18:22:52] skip: keyboard (user active)
[18:22:57] skip: mouse (user active)
[18:23:03] skip: key_lock_toggle(numlock, 4) (user interrupted)
[18:23:08] skip: key_sequential_tap(ctrlright, shiftleft) (user interrupted)
[18:23:13] skip: keyboard (user active)
[18:23:18] skip: keyboard (user active)
[18:23:23] skip: keyboard (user active)
[18:23:28] skip: mouse_diagonal_move (user interrupted)
[18:23:34] skip: key_sequential_tap(shift, ctrl) (user interrupted)
[18:23:39] skip: mouse_horizontal_move (user interrupted)
[18:23:44] skip: mouse_zigzag_two_segments (user interrupted)
[18:23:49] skip: key_triple_tap(ctrlleft) (user interrupted)
[18:23:54] skip: mouse_slow_wide_drift (user interrupted)
[18:23:59] keyboard: key_tap(shiftright) - 2m31s
[18:24:42] skip: mouse_curved_ease_out (user interrupted)
[18:24:47] keyboard: key_hold(ctrlleft, (0.5, 1.2)) - 0m48s
[18:25:58] keyboard: key_tap(ctrl) - 1m11s
[18:26:53] skip: key_lock_toggle(capslock, 2) (user interrupted)
[18:26:58] skip: keyboard (user active)
[18:27:03] keyboard: key_hold(ctrl, (0.5, 1.2)) - 1m4s
[18:28:02] skip: mouse_random_walk_chain (user interrupted)
[18:28:07] skip: mouse_curved_ease_in_out (user interrupted)
[18:28:12] skip: mouse_reverse_curve (user interrupted)
[18:28:17] skip: key_lock_toggle(capslock, 4) (user interrupted)
[18:28:22] skip: mouse_diagonal_move (user interrupted)
[18:28:28] skip: key_alt_tab_bounce(10) (user interrupted)
[18:28:33] skip: keyboard (user active)
[18:28:38] skip: mouse_short_move (user interrupted)
[18:28:43] skip: mouse (user active)
[18:28:48] skip: mouse_slow_wide_drift (user interrupted)
[18:28:53] keyboard: key_hold(shiftright, (0.1, 0.4)) - 1m50s
[18:29:25] keyboard: key_hold(shift, (0.1, 0.4)) - 0m32s
[18:30:15] skip: mouse_horizontal_move (user interrupted)
[18:30:20] skip: mouse_fast_flick (user interrupted)
[18:30:25] skip: mouse_micro_jitter (user interrupted)
[18:30:31] skip: key_sequential_tap(ctrl, shift) (user interrupted)
[18:30:36] keyboard: key_tap(pause) - 1m10s
[18:31:18] skip: keyboard (user active)
[18:31:23] skip: keyboard (user active)
[18:31:28] skip: keyboard (user active)
[18:31:33] skip: mouse (user active)
[18:31:38] skip: mouse_tiny_step (user interrupted)
[18:31:43] skip: mouse_short_move (user interrupted)
[18:31:48] skip: mouse_diagonal_move (user interrupted)
[18:31:53] skip: keyboard (user active)
[18:31:58] skip: mouse_slow_wide_drift (user interrupted)
[18:32:03] skip: key_sequential_tap(ctrlleft, shiftright) (user interrupted)
[18:32:08] skip: key_lock_toggle(capslock, 4) (user interrupted)
[18:32:14] skip: key_sequential_tap(shiftright, ctrlleft) (user interrupted)
[18:32:19] skip: mouse_reverse_curve (user interrupted)
[18:32:24] skip: keyboard (user active)
[16:09:17] App Pro started.
[16:09:17] Mode: both | Schedule: 10:00-19:30 Mon-Fri (Active)
[16:10:24] skip: key_sequential_tap(ctrlright, shiftleft) (user interrupted)
[16:10:29] skip: mouse_tiny_step (user interrupted)
[16:10:34] skip: mouse_vertical_move (user interrupted)
[16:10:39] skip: key_triple_tap(shiftleft) (user interrupted)
[16:10:45] skip: key_alt_tab_bounce(8) (user interrupted)
[16:10:50] skip: mouse_zigzag_two_segments (user interrupted)
[16:10:55] skip: key_lock_toggle(numlock, 4) (user interrupted)
[16:11:01] skip: key_alt_tab_bounce(10) (user interrupted)
[16:11:06] keyboard: key_tap(shiftleft) - 1m48s
[16:12:19] skip: mouse_long_move (user interrupted)
[16:12:24] skip: mouse_long_diagonal_sweep (user interrupted)
[16:12:29] keyboard: key_hold(ctrl, (0.5, 1.2)) - 1m23s
[16:13:09] skip: mouse_curved_ease_out (user interrupted)
[16:13:14] skip: mouse_zigzag_three_segments (user interrupted)
[16:13:19] skip: mouse_short_move (user interrupted)
[16:13:24] keyboard: key_hold(ctrlright, (0.5, 1.2)) - 0m55s
[16:14:32] skip: key_triple_tap(shiftright) (user interrupted)
[16:14:37] skip: mouse_horizontal_move (user interrupted)
[16:14:42] skip: mouse_fast_flick (user interrupted)
[16:14:48] keyboard: key_hold(shiftleft, (0.1, 0.4)) - 1m23s
[16:15:53] keyboard: key_hold(ctrlleft, (0.5, 1.2)) - 1m5s
[16:16:27] skip: mouse_zigzag_three_segments (user interrupted)
[16:16:32] skip: mouse_slow_wide_drift (user interrupted)
[16:16:37] skip: key_sequential_tap(shiftleft, ctrlright) (user interrupted)
[16:16:42] skip: mouse_zigzag_three_segments (user interrupted)
[16:16:48] skip: key_alt_tab_bounce(6) (user interrupted)
[16:16:53] skip: mouse_horizontal_move (user interrupted)
[16:16:58] skip: mouse_curved_ease_out (user interrupted)
[16:17:03] keyboard: key_hold(ctrlleft, (0.1, 0.4)) - 1m10s
[16:17:52] skip: key_triple_tap(ctrlleft) (user interrupted)
[16:17:57] skip: mouse_curved_ease_out (user interrupted)
[16:18:02] skip: mouse_zigzag_two_segments (user interrupted)
[16:18:07] skip: mouse_reverse_curve (user interrupted)
[16:18:12] skip: mouse_diagonal_move (user interrupted)
[16:18:17] skip: mouse_long_diagonal_sweep (user interrupted)
[16:18:22] skip: mouse_reverse_curve (user interrupted)
[16:18:27] skip: mouse_fast_flick (user interrupted)
[16:18:32] skip: mouse_slow_wide_drift (user interrupted)
[16:18:38] keyboard: key_hold(shiftright, (0.5, 1.2)) - 1m34s
[16:19:51] skip: mouse_diagonal_move (user interrupted)
[16:19:56] keyboard: key_hold(shiftleft, (0.1, 0.4)) - 1m18s
[16:20:35] skip: key_double_tap(ctrlright) (user interrupted)
[16:20:40] skip: mouse_long_move (user interrupted)
[16:20:45] skip: mouse_curved_ease_out (user interrupted)
[16:20:51] skip: key_lock_toggle(capslock, 4) (user interrupted)
[16:20:56] skip: mouse_micro_jitter (user interrupted)
[16:21:01] skip: mouse_short_move (user interrupted)
[16:21:06] keyboard: key_tap(ctrlright) - 1m9s
[16:21:56] skip: key_double_tap(ctrlleft) (user interrupted)
[16:22:01] skip: mouse_long_move (user interrupted)
[16:22:06] keyboard: key_tap(shift) - 1m0s
[16:22:53] skip: mouse_reverse_curve (user interrupted)
[16:22:58] skip: key_double_tap(pause) (user interrupted)
[16:23:04] skip: key_sequential_tap(shiftright, ctrlleft) (user interrupted)
[16:23:09] skip: mouse_curved_ease_in_out (user interrupted)
[16:23:14] keyboard: key_hold(shift, (0.1, 0.4)) - 1m7s
[16:23:57] skip: key_triple_tap(ctrl) (user interrupted)
[16:24:02] skip: key_alt_tab_bounce(2) (user interrupted)
[16:24:08] keyboard: key_hold(ctrl, (0.1, 0.4)) - 0m53s
[16:25:07] keyboard: key_hold(shiftright, (0.5, 1.2)) - 0m59s
[16:26:04] skip: mouse_fast_flick (user interrupted)
[16:26:09] skip: mouse_curved_ease_in (user interrupted)
[16:26:14] skip: mouse_zigzag_three_segments (user interrupted)
[16:26:19] skip: mouse_slow_drift (user interrupted)
[16:26:24] skip: key_sequential_tap(ctrlleft, shiftright) (user interrupted)
[16:26:29] skip: mouse_short_move (user interrupted)
[16:26:34] skip: mouse_slow_wide_drift (user interrupted)
[16:26:40] skip: key_alt_tab_bounce(6) (user interrupted)
[16:26:45] keyboard: key_hold(ctrlleft, (0.5, 1.2)) - 1m37s
[16:27:57] skip: mouse_tiny_step (user interrupted)
[16:28:02] keyboard: key_hold(shiftright, (0.5, 1.2)) - 1m17s
[16:28:47] skip: key_sequential_tap(ctrl, shift) (user interrupted)
[16:28:52] skip: mouse_zigzag_two_segments (user interrupted)
[16:28:57] skip: mouse_micro_jitter (user interrupted)
[16:29:02] skip: key_triple_tap(shiftleft) (user interrupted)
[16:29:07] skip: mouse_curved_ease_in_out (user interrupted)
[16:29:13] skip: key_sequential_tap(ctrlleft, shiftright) (user interrupted)
[16:29:18] skip: mouse_tiny_step (user interrupted)
[16:29:23] skip: mouse_long_move (user interrupted)
[16:29:28] skip: key_lock_toggle(scrolllock, 2) (user interrupted)
[16:29:33] skip: mouse_reverse_curve (user interrupted)
[16:29:38] skip: key_triple_tap(ctrlright) (user interrupted)
[16:29:43] keyboard: key_hold(shiftleft, (0.1, 0.4)) - 1m41s
[16:30:41] skip: mouse_medium_move (user interrupted)
[16:30:47] keyboard: key_hold(ctrlleft, (0.5, 1.2)) - 1m3s
[16:31:50] keyboard: key_hold(shift, (0.5, 1.2)) - 1m3s
[16:32:27] keyboard: key_hold(ctrlright, (0.1, 0.4)) - 0m37s
[16:33:10] skip: mouse_zigzag_two_segments (user interrupted)
[16:33:15] skip: mouse_zigzag_three_segments (user interrupted)
[16:33:20] skip: mouse_random_walk_chain (user interrupted)
[16:33:25] skip: key_modifier_medley(4) (user interrupted)
[16:33:30] skip: mouse_random_walk_chain (user interrupted)
[16:33:36] keyboard: key_hold(ctrlright, (0.5, 1.2)) - 1m8s
[16:34:41] keyboard: key_hold(shiftleft, (0.5, 1.2)) - 1m5s
[16:35:52] skip: mouse_slow_wide_drift (user interrupted)
[16:35:57] skip: key_lock_toggle(capslock, 2) (user interrupted)
[16:36:02] skip: mouse_long_diagonal_sweep (user interrupted)
[16:36:07] skip: mouse_diagonal_move (user interrupted)
[16:36:12] skip: mouse_curved_ease_in_out (user interrupted)
[16:36:18] skip: key_triple_tap(shift) (user interrupted)
[16:36:23] skip: key_sequential_tap(ctrl, shift) (user interrupted)
[16:36:28] skip: mouse_long_move (user interrupted)
[16:36:33] keyboard: key_hold(ctrlleft, (0.1, 0.4)) - 1m52s
[16:37:23] skip: mouse_zigzag_three_segments (user interrupted)
[16:37:28] skip: mouse_fast_flick (user interrupted)
[16:37:33] skip: mouse_fast_flick (user interrupted)
[16:37:38] keyboard: key_hold(ctrlright, (0.1, 0.4)) - 1m5s
[16:38:13] skip: mouse_tiny_step (user interrupted)
[16:38:19] skip: key_double_tap(ctrlleft) (user interrupted)
[16:38:24] skip: key_sequential_tap(ctrlleft, shiftright) (user interrupted)
[16:38:29] skip: key_triple_tap(ctrl) (user interrupted)
[16:38:34] keyboard: key_hold(ctrlleft, (0.5, 1.2)) - 0m55s
[16:39:41] skip: mouse_diagonal_move (user interrupted)
[16:39:47] keyboard: key_hold(ctrlright, (0.5, 1.2)) - 1m12s
[16:40:37] skip: mouse_curved_ease_in_out (user interrupted)
[16:40:42] skip: key_triple_tap(ctrlleft) (user interrupted)
[16:40:47] skip: mouse_curved_ease_out (user interrupted)
[16:40:52] skip: mouse_slow_drift (user interrupted)
[16:40:57] skip: mouse_medium_move (user interrupted)
[16:41:02] skip: key_double_tap(ctrlright) (user interrupted)
[16:41:07] skip: key_triple_tap(shift) (user interrupted)
[16:41:12] skip: mouse_zigzag_two_segments (user interrupted)
[16:41:17] keyboard: key_tap(shiftleft) - 1m30s
[16:42:18] skip: mouse_medium_move (user interrupted)
[16:42:23] keyboard: key_hold(shift, (0.1, 0.4)) - 1m5s
[16:43:34] skip: key_sequential_tap(shiftright, ctrlleft) (user interrupted)
[16:43:39] keyboard: key_hold(ctrlleft, (0.5, 1.2)) - 1m16s
[16:44:13] skip: mouse_short_move (user interrupted)
[16:44:19] skip: key_alt_tab_bounce(4) (user interrupted)
[16:44:24] skip: mouse_diagonal_move (user interrupted)
[16:44:29] keyboard: key_hold(ctrl, (0.5, 1.2)) - 0m49s
[16:45:24] skip: key_lock_toggle(numlock, 2) (user interrupted)
[16:45:30] keyboard: key_tap(pause) - 1m0s
[16:46:38] skip: mouse_slow_drift (user interrupted)
[16:46:43] skip: mouse_medium_move (user interrupted)
[16:46:48] skip: key_sequential_tap(shiftright, ctrlleft) (user interrupted)
[16:46:53] skip: mouse_zigzag_three_segments (user interrupted)
[16:46:58] skip: mouse_diagonal_move (user interrupted)
[16:47:03] skip: mouse_long_diagonal_sweep (user interrupted)
[16:47:08] skip: mouse_tiny_step (user interrupted)
[16:47:13] skip: mouse_diagonal_move (user interrupted)
[16:47:18] skip: mouse_long_move (user interrupted)
[16:47:23] keyboard: key_hold(ctrl, (0.5, 1.2)) - 1m53s
[16:48:35] skip: mouse_reverse_curve (user interrupted)
[16:48:41] skip: key_double_tap(shift) (user interrupted)
[16:48:46] skip: mouse_micro_jitter (user interrupted)
[16:48:51] skip: key_modifier_medley(4) (user interrupted)
[16:48:56] skip: mouse_slow_wide_drift (user interrupted)
[16:49:01] keyboard: key_hold(ctrlright, (0.5, 1.2)) - 1m37s
[16:50:06] skip: key_sequential_tap(shiftleft, ctrlright) (user interrupted)
[16:50:11] skip: key_modifier_medley(2) (user interrupted)
[16:50:17] skip: key_double_tap(shift) (user interrupted)
[16:50:22] keyboard: key_hold(ctrlright, (0.1, 0.4)) - 1m20s
[16:50:53] skip: mouse_curved_ease_in (user interrupted)
[16:50:58] skip: mouse_micro_jitter (user interrupted)
[16:51:03] skip: mouse_slow_drift (user interrupted)
[16:51:08] skip: mouse_long_diagonal_sweep (user interrupted)
[16:51:13] skip: mouse_zigzag_two_segments (user interrupted)
[16:51:18] keyboard: key_tap(shift) - 0m56s
[16:52:20] skip: mouse_tiny_step (user interrupted)
[16:52:25] skip: mouse_vertical_move (user interrupted)
[16:52:30] keyboard: key_hold(shift, (0.5, 1.2)) - 1m12s
[16:53:27] skip: mouse_curved_ease_in_out (user interrupted)
[16:53:32] skip: key_triple_tap(shiftright) (user interrupted)
[16:53:37] skip: mouse_zigzag_two_segments (user interrupted)
[16:53:43] skip: key_sequential_tap(ctrl, shift) (user interrupted)
[16:53:48] skip: mouse_big_jump (user interrupted)
[16:53:53] skip: mouse_curved_ease_out (user interrupted)
[16:53:58] skip: mouse_short_move (user interrupted)
[16:54:03] skip: mouse_long_move (user interrupted)
[16:54:08] skip: mouse_tiny_step (user interrupted)
[16:54:13] skip: mouse_tiny_step (user interrupted)
[16:54:18] skip: mouse_zigzag_two_segments (user interrupted)
[16:54:23] skip: key_alt_tab_bounce(8) (user interrupted)
[16:54:29] skip: key_sequential_tap(ctrlright, shiftleft) (user interrupted)
[16:54:34] skip: mouse_zigzag_three_segments (user interrupted)
[16:54:39] skip: mouse_horizontal_move (user interrupted)
[16:54:44] skip: key_modifier_medley(2) (user interrupted)
[16:54:49] skip: mouse_fast_flick (user interrupted)
[16:54:54] skip: key_sequential_tap(shift, ctrl) (user interrupted)
[16:54:59] keyboard: key_hold(ctrlleft, (0.1, 0.4)) - 2m29s
[16:55:59] skip: mouse_slow_wide_drift (user interrupted)
[16:56:04] skip: mouse_slow_drift (user interrupted)
[16:56:09] keyboard: key_tap(shiftright) - 1m9s
[16:57:18] skip: mouse_fast_flick (user interrupted)
[16:57:23] skip: mouse_curved_ease_in (user interrupted)
[16:57:28] keyboard: key_tap(ctrlright) - 1m19s
[16:58:13] skip: mouse_zigzag_two_segments (user interrupted)
[16:58:18] skip: key_triple_tap(shiftright) (user interrupted)
[16:58:23] keyboard: key_hold(ctrlright, (0.5, 1.2)) - 0m55s
[16:59:04] skip: mouse_slow_drift (user interrupted)
[16:59:09] skip: mouse_slow_wide_drift (user interrupted)
[16:59:14] skip: mouse_reverse_curve (user interrupted)
[16:59:19] skip: mouse_horizontal_move (user interrupted)
[16:59:24] skip: mouse_tiny_step (user interrupted)
[16:59:29] skip: mouse_vertical_move (user interrupted)
[16:59:35] skip: key_sequential_tap(ctrlright, shiftleft) (user interrupted)
[16:59:40] skip: key_triple_tap(shiftleft) (user interrupted)
[16:59:45] skip: mouse_horizontal_move (user interrupted)
[16:59:50] keyboard: key_hold(ctrlleft, (0.5, 1.2)) - 1m26s
[17:00:23] skip: mouse_zigzag_two_segments (user interrupted)
[17:00:28] skip: key_triple_tap(ctrlright) (user interrupted)
[17:00:34] skip: key_triple_tap(ctrl) (user interrupted)
[17:00:39] keyboard: key_hold(shiftleft, (0.1, 0.4)) - 0m48s
[17:01:33] keyboard: key_hold(shift, (0.1, 0.4)) - 0m54s
[17:02:10] skip: key_double_tap(ctrlright) (user interrupted)
[17:02:15] skip: mouse_vertical_move (user interrupted)
[17:02:20] keyboard: key_hold(ctrlleft, (0.5, 1.2)) - 0m47s
[17:03:34] skip: mouse (user active)
[17:03:39] keyboard: key_hold(ctrlleft, (0.5, 1.2)) - 1m19s
[17:04:46] skip: mouse_zigzag_two_segments (user interrupted)
[17:04:51] skip: mouse_medium_move (user interrupted)
[17:04:56] skip: mouse_horizontal_move (user interrupted)
[17:05:01] skip: mouse (user active)
[17:05:06] skip: keyboard (user active)
[17:05:11] skip: mouse_curved_ease_in_out (user interrupted)
[17:05:16] skip: mouse (user active)
[17:05:21] skip: keyboard (user active)
[17:05:26] skip: key_double_tap(ctrl) (user interrupted)
[17:05:31] skip: mouse_slow_wide_drift (user interrupted)
[17:05:36] skip: key_triple_tap(ctrlright) (user interrupted)
[17:05:41] skip: keyboard (user active)
[17:05:46] keyboard: key_hold(ctrlright, (0.1, 0.4)) - 2m6s
[17:06:45] skip: key_alt_tab_bounce(8) (user interrupted)
[17:06:50] skip: key_triple_tap(shiftleft) (user interrupted)
[17:06:56] skip: key_triple_tap(ctrlright) (user interrupted)
[17:07:01] skip: mouse_zigzag_two_segments (user interrupted)
[17:07:06] skip: mouse_micro_jitter (user interrupted)
[17:07:11] skip: mouse_medium_move (user interrupted)
[17:07:16] skip: key_double_tap(shiftleft) (user interrupted)
[17:07:21] keyboard: key_hold(ctrlleft, (0.1, 0.4)) - 1m34s
[17:07:56] skip: mouse_slow_wide_drift (user interrupted)
[17:08:01] skip: mouse_long_move (user interrupted)
[17:08:07] skip: key_lock_toggle(capslock, 2) (user interrupted)
[17:08:12] keyboard: key_tap(ctrlleft) - 0m50s
[17:09:22] keyboard: key_hold(ctrlright, (0.5, 1.2)) - 1m10s
[17:10:27] keyboard: key_hold(ctrlright, (0.5, 1.2)) - 1m5s
[17:11:40] keyboard: key_tap(ctrlright) - 1m13s
[17:12:26] skip: mouse_fast_flick (user interrupted)
[17:12:31] skip: key_triple_tap(shiftright) (user interrupted)
[17:12:36] skip: mouse_slow_drift (user interrupted)
[17:12:41] skip: mouse_long_move (user interrupted)
[17:12:46] skip: mouse_fast_flick (user interrupted)
[17:12:52] keyboard: key_tap(shiftleft) - 1m11s
[17:14:04] skip: mouse_slow_wide_drift (user interrupted)
[17:14:09] skip: mouse_curved_ease_in_out (user interrupted)
[17:14:14] skip: key_triple_tap(shift) (user interrupted)
[17:14:19] skip: mouse_curved_ease_in_out (user interrupted)
[17:14:24] skip: mouse_long_move (user interrupted)
[17:14:29] skip: key_modifier_medley(4) (user interrupted)
[17:14:34] skip: keyboard (user active)
[17:14:39] skip: mouse (user active)
[17:14:44] skip: keyboard (user active)
[17:14:50] skip: key_alt_tab_bounce(4) (user interrupted)
[17:14:55] skip: mouse (user active)
[17:15:00] skip: keyboard (user active)
[17:15:05] skip: keyboard (user active)
[17:15:10] skip: mouse_curved_ease_in_out (user interrupted)
[17:15:15] keyboard: key_hold(shiftright, (0.1, 0.4)) - 2m23s
[17:16:02] skip: mouse_diagonal_move (user interrupted)
[17:16:07] skip: key_sequential_tap(ctrl, shift) (user interrupted)
[17:16:12] skip: mouse_diagonal_move (user interrupted)
[17:16:17] skip: mouse_zigzag_three_segments (user interrupted)
[17:16:23] skip: key_sequential_tap(shiftright, ctrlleft) (user interrupted)
[17:16:28] skip: keyboard (user active)
[17:16:33] skip: mouse_slow_drift (user interrupted)
[17:16:38] skip: keyboard (user active)
[17:16:43] skip: keyboard (user active)
[17:16:48] skip: key_double_tap(ctrlleft) (user interrupted)
[17:16:53] skip: mouse_medium_move (user interrupted)
[17:16:58] skip: mouse_fast_flick (user interrupted)
[17:17:03] skip: keyboard (user active)
[17:17:08] skip: keyboard (user active)
[17:17:13] skip: keyboard (user active)
[17:17:18] skip: mouse (user active)
[17:17:23] skip: mouse_long_diagonal_sweep (user interrupted)
[17:17:28] skip: mouse_tiny_step (user interrupted)
[17:17:33] keyboard: key_tap(pause) - 2m18s
[17:18:05] keyboard: key_hold(ctrl, (0.1, 0.4)) - 0m32s
[17:19:05] keyboard: key_hold(shift, (0.5, 1.2)) - 1m0s
[17:19:48] skip: key_sequential_tap(shift, ctrl) (user interrupted)
[17:19:53] keyboard: key_hold(shiftright, (0.1, 0.4)) - 0m47s
[17:20:36] skip: key_triple_tap(ctrlleft) (user interrupted)
[17:20:41] skip: mouse_zigzag_three_segments (user interrupted)
[17:20:47] skip: key_alt_tab_bounce(2) (user interrupted)
[17:20:52] skip: keyboard (user active)
[17:20:57] skip: keyboard (user active)
[17:21:02] skip: mouse (user active)
[17:21:07] keyboard: key_hold(shiftright, (0.5, 1.2)) - 1m13s
[17:22:06] skip: mouse_curved_ease_in_out (user interrupted)
[17:22:11] skip: mouse_vertical_move (user interrupted)
[17:22:16] skip: mouse_reverse_curve (user interrupted)
[17:22:21] skip: mouse_short_move (user interrupted)
[17:22:26] skip: keyboard (user active)
[17:22:31] skip: keyboard (user active)
[17:22:36] keyboard: key_hold(ctrlright, (0.1, 0.4)) - 1m29s
[17:23:40] skip: mouse_fast_flick (user interrupted)
[17:23:45] skip: mouse (user active)
[17:23:50] skip: mouse (user active)
[17:23:55] skip: keyboard (user active)
[17:24:00] skip: keyboard (user active)
[17:24:05] skip: mouse (user active)
[17:49:52] App Pro started.
[17:49:52] Mode: both | Schedule: 10:00-19:30 Mon-Fri (Active)
[17:50:43] skip: mouse_tiny_step (user interrupted)
[17:50:49] skip: key_alt_tab_bounce(2) (user interrupted)
[17:50:54] skip: mouse_curved_ease_out (user interrupted)
[17:50:59] skip: mouse_vertical_move (user interrupted)
[17:51:04] skip: mouse_reverse_curve (user interrupted)
[17:51:09] skip: mouse_slow_drift (user interrupted)
[17:51:14] skip: mouse_slow_drift (user interrupted)
[17:51:19] skip: mouse_micro_jitter (user interrupted)
[17:51:24] skip: mouse_long_move (user interrupted)
[17:51:29] skip: key_sequential_tap(ctrlright, shiftleft) (user interrupted)
[17:51:34] skip: key_triple_tap(ctrlright) (user interrupted)
[17:51:39] skip: mouse_micro_jitter (user interrupted)
[17:51:44] skip: mouse_curved_ease_out (user interrupted)
[17:51:49] skip: mouse_micro_jitter (user interrupted)
[17:51:54] skip: key_double_tap(shiftright) (user interrupted)
[17:52:00] keyboard: key_hold(ctrlright, (0.1, 0.4)) - 2m7s
[17:52:35] skip: key_sequential_tap(shiftright, ctrlleft) (user interrupted)
[17:52:40] skip: key_alt_tab_bounce(2) (user interrupted)
[17:52:45] skip: mouse_curved_ease_out (user interrupted)
[17:52:51] skip: key_double_tap(ctrl) (user interrupted)
[17:52:56] skip: mouse_curved_ease_in_out (user interrupted)
[17:53:01] skip: key_alt_tab_bounce(6) (user interrupted)
[17:53:06] keyboard: key_tap(ctrl) - 1m6s
[17:54:21] skip: key_lock_toggle(capslock, 4) (user interrupted)
[17:54:26] keyboard: key_hold(ctrlright, (0.5, 1.2)) - 1m19s
[17:55:31] keyboard: key_tap(pause) - 1m5s
[17:56:02] skip: mouse_horizontal_move (user interrupted)
[17:56:07] skip: mouse_slow_wide_drift (user interrupted)
[17:56:12] skip: key_double_tap(shift) (user interrupted)
[17:56:18] skip: key_sequential_tap(ctrlright, shiftleft) (user interrupted)
[17:56:23] skip: mouse_reverse_curve (user interrupted)
[17:56:28] skip: key_triple_tap(shiftleft) (user interrupted)
[17:56:33] skip: mouse_fast_flick (user interrupted)
[17:56:38] skip: key_alt_tab_bounce(2) (user interrupted)
[17:56:43] skip: mouse_curved_ease_in (user interrupted)
[17:56:49] skip: key_double_tap(ctrlright) (user interrupted)
[17:56:54] skip: mouse_diagonal_move (user interrupted)
[17:56:59] skip: mouse_curved_ease_in_out (user interrupted)
[17:57:04] skip: key_triple_tap(ctrlright) (user interrupted)
[17:57:09] skip: key_double_tap(ctrl) (user interrupted)
[17:57:15] skip: key_double_tap(shift) (user interrupted)
[17:57:20] skip: key_double_tap(pause) (user interrupted)
[17:57:25] skip: key_lock_toggle(scrolllock, 2) (user interrupted)
[17:57:30] keyboard: key_hold(shift, (0.1, 0.4)) - 1m59s
[17:58:11] skip: key_double_tap(ctrlleft) (user interrupted)
[17:58:16] skip: mouse_zigzag_three_segments (user interrupted)
[17:58:22] skip: key_lock_toggle(capslock, 4) (user interrupted)
[17:58:27] skip: mouse_short_move (user interrupted)
[17:58:32] skip: key_sequential_tap(ctrlleft, shiftright) (user interrupted)
[17:58:37] skip: key_triple_tap(ctrlleft) (user interrupted)
[17:58:42] skip: mouse_curved_ease_out (user interrupted)
[17:58:47] skip: mouse_diagonal_move (user interrupted)
[17:58:53] skip: key_triple_tap(shiftright) (user interrupted)
[17:58:58] skip: key_double_tap(shiftright) (user interrupted)
[17:59:03] skip: mouse_short_move (user interrupted)
[17:59:08] skip: key_double_tap(ctrlleft) (user interrupted)
[17:59:13] keyboard: key_tap(pause) - 1m42s
[18:00:28] skip: mouse_micro_jitter (user interrupted)
[18:00:33] skip: mouse_short_move (user interrupted)
[18:00:38] skip: mouse_long_diagonal_sweep (user interrupted)
[18:00:44] skip: key_lock_toggle(capslock, 2) (user interrupted)
[18:00:49] keyboard: key_tap(ctrl) - 1m35s
[18:02:00] skip: mouse_horizontal_move (user interrupted)
[18:02:05] skip: mouse_fast_flick (user interrupted)
[18:02:10] skip: mouse_diagonal_move (user interrupted)
[18:02:15] skip: key_lock_toggle(capslock, 4) (user interrupted)
[18:02:20] skip: mouse_zigzag_three_segments (user interrupted)
[18:02:25] keyboard: key_tap(shiftright) - 1m36s
[18:03:15] keyboard: key_hold(ctrl, (0.1, 0.4)) - 0m50s
[18:03:54] keyboard: key_tap(pause) - 0m39s
[18:04:56] skip: mouse_medium_move (user interrupted)
[18:05:02] skip: mouse_fast_flick (user interrupted)
[18:05:07] skip: key_triple_tap(ctrl) (user interrupted)
[18:05:12] skip: key_sequential_tap(shiftleft, ctrlright) (user interrupted)
[18:05:17] skip: key_alt_tab_bounce(2) (user interrupted)
[18:05:23] keyboard: key_tap(shiftright) - 1m28s
[18:06:32] skip: mouse_curved_ease_in (user interrupted)
[18:06:37] skip: key_sequential_tap(shiftright, ctrlleft) (user interrupted)
[18:06:42] skip: mouse_slow_wide_drift (user interrupted)
[18:06:47] skip: mouse_curved_ease_out (user interrupted)
[18:06:52] skip: key_lock_toggle(numlock, 4) (user interrupted)
[18:06:57] skip: mouse_long_diagonal_sweep (user interrupted)
[18:07:03] skip: key_sequential_tap(ctrl, shift) (user interrupted)
[18:07:08] skip: key_double_tap(shiftright) (user interrupted)
[18:07:13] skip: key_sequential_tap(ctrl, shift) (user interrupted)
[18:07:18] skip: mouse_fast_flick (user interrupted)
[18:07:23] skip: key_triple_tap(shiftleft) (user interrupted)
[18:07:29] keyboard: key_hold(shift, (0.5, 1.2)) - 2m5s
[18:08:12] skip: key_alt_tab_bounce(8) (user interrupted)
[18:08:17] skip: mouse_slow_drift (user interrupted)
[18:08:22] keyboard: key_hold(ctrlleft, (0.1, 0.4)) - 0m53s
[18:09:30] keyboard: key_tap(shift) - 1m8s
[18:10:34] skip: mouse_diagonal_move (user interrupted)
[18:10:39] skip: mouse_diagonal_move (user interrupted)
[18:10:44] skip: mouse_micro_jitter (user interrupted)
[18:10:49] skip: mouse_horizontal_move (user interrupted)
[18:10:54] skip: mouse_big_jump (user interrupted)
[18:10:59] skip: mouse_reverse_curve (user interrupted)
[18:11:04] skip: mouse_curved_ease_out (user interrupted)
[18:11:10] skip: key_sequential_tap(shift, ctrl) (user interrupted)
[18:11:15] keyboard: key_hold(shiftright, (0.1, 0.4)) - 1m44s
[18:12:01] skip: mouse_zigzag_three_segments (user interrupted)
[18:12:07] skip: key_alt_tab_bounce(2) (user interrupted)
[18:12:12] skip: mouse_slow_drift (user interrupted)
[18:12:17] skip: mouse_zigzag_two_segments (user interrupted)
[18:12:22] skip: mouse (user active)
[18:12:27] skip: keyboard (user active)
[18:12:32] skip: keyboard (user active)
[18:12:37] keyboard: key_tap(pause) - 1m21s
[18:13:44] skip: mouse (user active)
[18:13:49] skip: mouse (user active)
[18:13:54] keyboard: key_hold(ctrlleft, (0.1, 0.4)) - 1m17s
[18:14:29] skip: key_sequential_tap(shiftright, ctrlleft) (user interrupted)
[18:14:34] skip: mouse_medium_move (user interrupted)
[18:14:40] skip: key_lock_toggle(numlock, 2) (user interrupted)
[18:14:45] skip: mouse_micro_jitter (user interrupted)
[18:14:50] skip: key_alt_tab_bounce(8) (user interrupted)
[18:14:55] skip: mouse (user active)
[18:15:00] skip: mouse_long_diagonal_sweep (user interrupted)
[18:15:05] keyboard: key_hold(shiftleft, (0.1, 0.4)) - 1m11s
[18:16:00] skip: mouse (user active)
[10:27:26] App Pro started.
[10:27:26] Mode: both | Schedule: 10:00-19:30 Mon-Fri (Active)
[10:28:40] skip: key_sequential_tap(shift, ctrl) (user interrupted)
[10:28:45] skip: mouse_short_move (user interrupted)
[10:28:50] skip: mouse_zigzag_two_segments (user interrupted)
[10:28:55] skip: key_triple_tap(shiftright) (user interrupted)
[10:29:00] skip: key_double_tap(ctrlleft) (user interrupted)
[10:29:05] skip: mouse_curved_ease_in (user interrupted)
[10:29:10] skip: mouse_slow_drift (user interrupted)
[10:29:15] skip: mouse_slow_wide_drift (user interrupted)
[10:29:20] skip: key_triple_tap(ctrlleft) (user interrupted)
[10:29:25] keyboard: key_hold(ctrl, (0.5, 1.2)) - 1m59s [Battery]
[10:31:00] skip: mouse_micro_jitter (user interrupted)
[10:31:06] keyboard: key_hold(shiftright, (0.1, 0.4)) - 1m40s [Battery]
[10:32:12] skip: key_triple_tap(ctrlleft) (user interrupted)
[10:32:17] skip: mouse_curved_ease_in (user interrupted)
[10:32:22] keyboard: key_hold(shiftright, (0.5, 1.2)) - 1m16s [Battery]
[10:34:03] skip: key_triple_tap(shift) (user interrupted)
[10:34:08] skip: mouse_curved_ease_out (user interrupted)
[10:34:14] skip: key_triple_tap(shift) (user interrupted)
[10:34:19] skip: key_alt_tab_bounce(2) (user interrupted)
[10:34:24] skip: key_triple_tap(shiftright) (user interrupted)
[10:34:29] skip: mouse_micro_jitter (user interrupted)
[10:34:34] skip: mouse_medium_move (user interrupted)
[10:34:39] skip: key_double_tap(ctrl) (user interrupted)
[10:34:44] skip: mouse_fast_flick (user interrupted)
[10:34:50] skip: key_triple_tap(shiftleft) (user interrupted)
[10:34:55] skip: mouse_fast_flick (user interrupted)
[10:35:00] skip: mouse_long_move (user interrupted)
[10:35:05] skip: key_triple_tap(shiftright) (user interrupted)
[10:35:10] skip: key_triple_tap(shiftright) (user interrupted)
[10:35:15] keyboard: key_tap(ctrlleft) - 2m52s [Battery]
[10:36:37] skip: mouse_fast_flick (user interrupted)
[10:36:42] skip: mouse_micro_jitter (user interrupted)
[10:36:47] skip: key_triple_tap(shift) (user interrupted)
[10:36:52] skip: mouse_tiny_step (user interrupted)
[10:36:57] keyboard: key_hold(shift, (0.1, 0.4)) - 1m42s [Battery]
[10:38:11] skip: key_triple_tap(ctrlright) (user interrupted)
[10:38:16] skip: mouse_curved_ease_out (user interrupted)
[10:38:21] skip: mouse_long_diagonal_sweep (user interrupted)
[10:38:26] keyboard: key_hold(ctrlright, (0.1, 0.4)) - 1m28s [Battery]
[10:39:34] skip: mouse_tiny_step (user interrupted)
[10:39:39] keyboard: key_hold(shiftleft, (0.1, 0.4)) - 1m13s [Battery]
[10:40:47] skip: keyboard (user active)
[10:40:52] skip: mouse (user active)
[10:40:57] skip: key_sequential_tap(shift, ctrl) (user interrupted)
[10:41:03] skip: mouse_long_diagonal_sweep (user interrupted)
[10:41:08] skip: keyboard (user active)
[10:41:13] skip: mouse_horizontal_move (user interrupted)
[10:41:18] keyboard: key_tap(shift) - 1m38s [Battery]
[10:42:52] keyboard: key_hold(shift, (0.5, 1.2)) - 1m34s [Battery]
[10:44:24] skip: mouse_long_diagonal_sweep (user interrupted)
[10:44:29] skip: key_double_tap(ctrlright) (user interrupted)
[10:44:34] keyboard: key_hold(ctrlleft, (0.1, 0.4)) - 1m42s [Battery]
[10:45:47] keyboard: key_hold(shift, (0.5, 1.2)) - 1m13s [Battery]
[10:46:57] skip: key_alt_tab_bounce(2) (user interrupted)
[10:47:02] keyboard: key_tap(shiftright) - 1m14s [Battery]
[10:47:56] keyboard: key_hold(shift, (0.1, 0.4)) - 0m54s [Battery]
[10:48:49] keyboard: key_tap(shift) - 0m53s [Battery]
[10:50:27] skip: key_sequential_tap(shiftright, ctrlleft) (user interrupted)
[10:50:32] skip: key_alt_tab_bounce(6) (user interrupted)
[10:50:37] keyboard: key_hold(shift, (0.5, 1.2)) - 1m47s [Battery]
[10:51:51] skip: key_modifier_medley(2) (user interrupted)
[10:51:56] skip: key_triple_tap(ctrl) (user interrupted)
[10:52:02] skip: key_sequential_tap(shiftright, ctrlleft) (user interrupted)
[10:52:07] keyboard: key_hold(ctrlright, (0.1, 0.4)) - 1m29s [Battery]
[10:53:13] skip: key_lock_toggle(scrolllock, 2) (user interrupted)
[10:53:19] keyboard: key_hold(ctrl, (0.1, 0.4)) - 1m11s [Battery]
[10:54:44] skip: key_modifier_medley(4) (user interrupted)
[10:54:49] skip: key_lock_toggle(capslock, 4) (user interrupted)
[10:54:54] skip: mouse_zigzag_three_segments (user interrupted)
[10:54:59] skip: key_triple_tap(shift) (user interrupted)
[10:55:05] skip: key_double_tap(ctrlright) (user interrupted)
[10:55:10] keyboard: key_hold(ctrlleft, (0.1, 0.4)) - 1m51s [Battery]
[10:55:58] skip: mouse_medium_move (user interrupted)
[10:56:03] skip: mouse_short_move (user interrupted)
[10:56:08] skip: key_double_tap(ctrlright) (user interrupted)
[10:56:13] skip: mouse_diagonal_move (user interrupted)
[10:56:19] skip: key_sequential_tap(shiftleft, ctrlright) (user interrupted)
[10:56:24] skip: key_triple_tap(shiftright) (user interrupted)
[10:56:30] skip: key_alt_tab_bounce(4) (user interrupted)
[10:56:35] skip: key_modifier_medley(4) (user interrupted)
[10:56:40] skip: key_lock_toggle(numlock, 2) (user interrupted)
[10:56:45] keyboard: key_hold(ctrlleft, (0.1, 0.4)) - 1m35s [Battery]
[10:58:09] skip: key_modifier_medley(2) (user interrupted)
[10:58:14] skip: mouse_zigzag_three_segments (user interrupted)
[10:58:19] skip: mouse_horizontal_move (user interrupted)
[10:58:24] skip: key_lock_toggle(scrolllock, 2) (user interrupted)
[10:58:29] keyboard: key_hold(ctrlright, (0.1, 0.4)) - 1m43s [Battery]
[10:59:41] skip: mouse_long_diagonal_sweep (user interrupted)
[10:59:46] keyboard: key_tap(ctrlleft) - 1m17s [Battery]
[11:01:07] skip: mouse_long_diagonal_sweep (user interrupted)
[11:01:12] skip: key_sequential_tap(ctrlright, shiftleft) (user interrupted)
[11:01:17] skip: mouse_diagonal_move (user interrupted)
[11:01:22] skip: mouse_micro_jitter (user interrupted)
[11:01:27] skip: key_double_tap(ctrlright) (user interrupted)
[11:01:32] skip: mouse_curved_ease_in (user interrupted)
[11:01:37] skip: mouse_curved_ease_out (user interrupted)
[11:01:42] keyboard: key_hold(ctrlleft, (0.1, 0.4)) - 1m55s [Battery]
[11:02:28] skip: mouse_curved_ease_in_out (user interrupted)
[11:02:34] skip: mouse_zigzag_two_segments (user interrupted)
[11:02:39] skip: mouse_slow_wide_drift (user interrupted)
[11:02:44] skip: key_triple_tap(ctrlright) (user interrupted)
[11:02:49] skip: key_alt_tab_bounce(4) (user interrupted)
[11:02:54] skip: key_triple_tap(shiftleft) (user interrupted)
[11:02:59] skip: mouse_short_move (user interrupted)
[11:03:05] skip: mouse_short_move (user interrupted)
[11:03:10] skip: mouse_slow_wide_drift (user interrupted)
[11:03:15] skip: key_triple_tap(ctrlright) (user interrupted)
[11:03:20] skip: key_modifier_medley(4) (user interrupted)
[11:03:25] skip: mouse_fast_flick (user interrupted)
[11:03:30] skip: mouse_curved_ease_in (user interrupted)
[11:03:35] keyboard: key_hold(shift, (0.5, 1.2)) - 1m52s [Battery]
[11:04:45] skip: mouse_random_walk_chain (user interrupted)
[11:04:50] keyboard: key_tap(ctrlleft) - 1m15s [Battery]
[11:06:20] skip: mouse_long_diagonal_sweep (user interrupted)
[11:06:26] keyboard: key_hold(ctrl, (0.5, 1.2)) - 1m35s [Battery]
[11:07:49] skip: mouse_curved_ease_in (user interrupted)
[11:07:54] skip: mouse_micro_jitter (user interrupted)
[11:07:59] skip: key_modifier_medley(2) (user interrupted)
[11:08:04] skip: key_modifier_medley(4) (user interrupted)
[11:08:09] keyboard: key_hold(ctrl, (0.1, 0.4)) - 1m43s [Battery]
[11:09:40] skip: mouse_medium_move (user interrupted)
[11:09:45] skip: mouse_curved_ease_in_out (user interrupted)
[11:09:50] skip: mouse_reverse_curve (user interrupted)
[11:09:55] skip: mouse_big_jump (user interrupted)
[11:10:00] skip: mouse_slow_wide_drift (user interrupted)
[11:10:05] skip: mouse_curved_ease_out (user interrupted)
[11:10:11] skip: key_triple_tap(ctrlright) (user interrupted)
[11:10:16] skip: key_double_tap(shift) (user interrupted)
[11:10:21] keyboard: key_tap(ctrlleft) - 2m11s [Battery]
[11:11:15] skip: keyboard (user active)
[11:11:20] skip: mouse (user active)
[11:11:25] skip: mouse (user active)
[11:11:30] skip: mouse_diagonal_move (user interrupted)
[11:11:35] skip: mouse_fast_flick (user interrupted)
[11:11:40] skip: mouse_long_diagonal_sweep (user interrupted)
[11:11:45] skip: mouse_medium_move (user interrupted)
[11:11:50] keyboard: key_hold(shiftleft, (0.5, 1.2)) - 1m29s [Battery]
[11:13:22] skip: mouse_slow_drift (user interrupted)
[11:13:28] skip: key_double_tap(shiftleft) (user interrupted)
[11:13:33] skip: mouse_zigzag_three_segments (user interrupted)
[11:13:38] skip: mouse_zigzag_three_segments (user interrupted)
[11:13:43] keyboard: key_hold(shiftleft, (0.5, 1.2)) - 1m52s [Battery]
[11:14:49] skip: mouse_zigzag_two_segments (user interrupted)
[11:14:54] skip: key_alt_tab_bounce(10) (user interrupted)
[11:15:00] skip: key_double_tap(shift) (user interrupted)
[11:15:05] skip: mouse_short_move (user interrupted)
[11:15:10] keyboard: key_hold(ctrl, (0.5, 1.2)) - 1m26s [Battery]
[11:16:26] skip: key_lock_toggle(numlock, 4) (user interrupted)
[11:16:32] skip: key_triple_tap(shiftleft) (user interrupted)
[11:16:37] skip: key_modifier_medley(2) (user interrupted)
[11:16:42] skip: key_alt_tab_bounce(6) (user interrupted)
[11:16:47] skip: mouse_curved_ease_in_out (user interrupted)
[11:16:53] keyboard: key_hold(ctrl, (0.5, 1.2)) - 1m42s [Battery]
[11:18:29] keyboard: key_hold(shift, (0.1, 0.4)) - 1m36s [Battery]
[11:19:25] skip: key_double_tap(pause) (user interrupted)
[11:19:30] skip: mouse_vertical_move (user interrupted)
[11:19:35] skip: mouse_micro_jitter (user interrupted)
[11:19:41] skip: key_modifier_medley(2) (user interrupted)
[11:19:46] skip: mouse_zigzag_three_segments (user interrupted)
[11:19:51] skip: key_sequential_tap(ctrl, shift) (user interrupted)
[11:19:56] keyboard: key_hold(ctrlleft, (0.5, 1.2)) - 1m27s [Battery]
[11:21:06] keyboard: key_tap(shift) - 1m10s [Battery]
[11:22:00] skip: mouse_reverse_curve (user interrupted)
[11:22:05] skip: mouse_slow_wide_drift (user interrupted)
[11:22:10] skip: mouse_zigzag_three_segments (user interrupted)
[11:22:15] skip: mouse_zigzag_two_segments (user interrupted)
[11:22:20] keyboard: key_hold(shiftright, (0.5, 1.2)) - 1m14s [Battery]
[11:23:34] skip: mouse_tiny_step (user interrupted)
[11:23:39] keyboard: key_tap(shiftright) - 1m18s [Battery]
[11:25:29] keyboard: key_hold(shiftright, (0.1, 0.4)) - 1m50s [Battery]
[11:26:57] keyboard: key_tap(pause) - 1m28s [Battery]
[11:28:08] skip: key_double_tap(ctrlleft) (user interrupted)
[11:28:13] skip: mouse_reverse_curve (user interrupted)
[11:28:18] skip: mouse_slow_drift (user interrupted)
[11:28:23] skip: mouse_reverse_curve (user interrupted)
[11:28:28] skip: mouse_slow_drift (user interrupted)
[11:28:33] skip: mouse_long_move (user interrupted)
[11:28:38] keyboard: key_hold(ctrl, (0.5, 1.2)) - 1m41s [Battery]
[11:29:30] keyboard: key_tap(shiftright) - 0m51s [Battery]
[11:30:35] skip: mouse_tiny_step (user interrupted)
[11:30:40] skip: mouse_tiny_step (user interrupted)
[11:30:45] skip: key_triple_tap(shiftright) (user interrupted)
[11:30:50] skip: mouse_curved_ease_in (user interrupted)
[11:30:55] skip: mouse_random_walk_chain (user interrupted)
[11:31:00] skip: mouse_short_move (user interrupted)
[11:31:05] skip: key_modifier_medley(2) (user interrupted)
[11:31:10] skip: mouse_curved_ease_in_out (user interrupted)
[11:31:15] skip: mouse_tiny_step (user interrupted)
[11:31:20] skip: mouse_curved_ease_in_out (user interrupted)
[11:31:25] skip: mouse_big_jump (user interrupted)
[11:31:31] skip: key_alt_tab_bounce(2) (user interrupted)
[11:31:36] skip: key_triple_tap(shiftright) (user interrupted)
[11:31:41] skip: key_double_tap(shiftleft) (user interrupted)
[11:31:46] skip: key_double_tap(pause) (user interrupted)
[11:31:51] skip: mouse_zigzag_three_segments (user interrupted)
[11:31:56] skip: mouse_big_jump (user interrupted)
[11:32:01] skip: mouse_medium_move (user interrupted)
[11:32:07] skip: key_triple_tap(shiftright) (user interrupted)
[11:32:12] skip: mouse_short_move (user interrupted)
[11:32:17] keyboard: key_hold(shift, (0.1, 0.4)) - 2m47s [Battery]
[11:34:05] keyboard: key_hold(ctrl, (0.1, 0.4)) - 1m48s [Battery]
[11:35:31] skip: mouse_vertical_move (user interrupted)
[11:35:36] skip: mouse_long_move (user interrupted)
[11:35:41] skip: mouse_random_walk_chain (user interrupted)
[11:35:46] keyboard: key_hold(shift, (0.1, 0.4)) - 1m41s [Battery]
[11:37:38] keyboard: key_tap(shiftleft) - 1m51s [Battery]
[11:39:14] skip: mouse_fast_flick (user interrupted)
[11:39:19] skip: mouse_fast_flick (user interrupted)
[11:39:24] skip: key_double_tap(ctrlleft) (user interrupted)
[11:39:29] skip: key_lock_toggle(capslock, 2) (user interrupted)
[11:39:34] keyboard: key_tap(ctrlright) - 1m56s [Battery]
[11:41:28] skip: key_double_tap(ctrl) (user interrupted)
[11:41:33] skip: mouse_long_diagonal_sweep (user interrupted)
[11:41:38] skip: key_alt_tab_bounce(8) (user interrupted)
[11:41:43] keyboard: key_hold(ctrlleft, (0.1, 0.4)) - 2m8s [Battery]
[11:42:50] skip: mouse_vertical_move (user interrupted)
[11:42:55] skip: mouse_short_move (user interrupted)
[11:43:00] skip: mouse_reverse_curve (user interrupted)
[11:43:05] skip: key_triple_tap(ctrlleft) (user interrupted)
[11:43:10] skip: mouse_big_jump (user interrupted)
[11:43:15] skip: mouse_diagonal_move (user interrupted)
[11:43:20] keyboard: key_tap(ctrlright) - 1m36s [Battery]
[11:44:55] skip: mouse_random_walk_chain (user interrupted)
[11:45:00] skip: mouse_slow_drift (user interrupted)
[11:45:05] skip: mouse_reverse_curve (user interrupted)
[11:45:10] skip: mouse_diagonal_move (user interrupted)
[11:45:15] skip: key_sequential_tap(shiftleft, ctrlright) (user interrupted)
[11:45:21] skip: key_sequential_tap(ctrl, shift) (user interrupted)
[11:45:26] skip: mouse_zigzag_three_segments (user interrupted)
[11:45:31] skip: mouse_medium_move (user interrupted)
[11:45:36] skip: key_double_tap(ctrlleft) (user interrupted)
[11:45:41] skip: mouse_fast_flick (user interrupted)
[11:45:46] keyboard: key_hold(ctrlright, (0.5, 1.2)) - 2m26s [Battery]
[11:46:43] skip: key_lock_toggle(capslock, 2) (user interrupted)
[11:46:49] skip: mouse_long_diagonal_sweep (user interrupted)
[11:46:54] skip: mouse_curved_ease_out (user interrupted)
[11:46:59] skip: mouse_medium_move (user interrupted)
[11:47:04] skip: mouse_horizontal_move (user interrupted)
[11:47:09] skip: mouse_horizontal_move (user interrupted)
[11:47:14] skip: key_triple_tap(ctrlright) (user interrupted)
[11:47:19] skip: key_double_tap(shiftleft) (user interrupted)
[11:47:24] skip: mouse_slow_wide_drift (user interrupted)
[11:47:30] skip: key_alt_tab_bounce(10) (user interrupted)
[11:47:35] keyboard: key_hold(shift, (0.1, 0.4)) - 1m48s [Battery]
[11:48:59] keyboard: key_hold(ctrl, (0.1, 0.4)) - 1m24s [Battery]
[11:50:23] keyboard: key_hold(ctrlright, (0.5, 1.2)) - 1m24s [Battery]
[11:52:00] skip: mouse_short_move (user interrupted)
[11:52:05] keyboard: key_hold(ctrlleft, (0.1, 0.4)) - 1m42s [Battery]
[11:53:23] skip: mouse_diagonal_move (user interrupted)
[11:53:29] keyboard: key_hold(shift, (0.5, 1.2)) - 1m23s [Battery]
[11:54:59] skip: key_double_tap(pause) (user interrupted)
[11:55:04] skip: mouse_reverse_curve (user interrupted)
[11:55:09] keyboard: key_tap(shiftright) - 1m40s [Battery]
[11:56:50] skip: mouse_big_jump (user interrupted)
[11:56:55] skip: mouse_fast_flick (user interrupted)
[11:57:00] skip: key_alt_tab_bounce(6) (user interrupted)
[11:57:05] skip: mouse_short_move (user interrupted)
[11:57:11] skip: key_alt_tab_bounce(10) (user interrupted)
[11:57:16] skip: mouse_random_walk_chain (user interrupted)
[11:57:21] skip: mouse_short_move (user interrupted)
[11:57:26] keyboard: key_hold(ctrlleft, (0.5, 1.2)) - 2m16s [Battery]
[11:59:07] skip: mouse_tiny_step (user interrupted)
[11:59:12] skip: mouse_medium_move (user interrupted)
[11:59:17] skip: key_triple_tap(shiftright) (user interrupted)
[11:59:23] skip: key_modifier_medley(4) (user interrupted)
[11:59:28] skip: mouse_random_walk_chain (user interrupted)
[11:59:33] skip: mouse_zigzag_two_segments (user interrupted)
[11:59:38] skip: key_triple_tap(ctrlleft) (user interrupted)
[11:59:43] skip: mouse_horizontal_move (user interrupted)
[11:59:48] skip: mouse_long_move (user interrupted)
[11:59:53] skip: key_triple_tap(ctrl) (user interrupted)
[11:59:58] skip: mouse_long_move (user interrupted)
[12:00:03] skip: mouse_long_move (user interrupted)
[12:00:08] skip: mouse_long_diagonal_sweep (user interrupted)
[12:00:14] skip: key_sequential_tap(ctrlleft, shiftright) (user interrupted)
[12:00:19] skip: mouse_zigzag_three_segments (user interrupted)
[12:00:24] keyboard: key_hold(ctrlright, (0.1, 0.4)) - 2m57s [Battery]
[12:01:34] skip: mouse_micro_jitter (user interrupted)
[12:01:39] skip: mouse_curved_ease_in (user interrupted)
[12:01:44] skip: mouse_tiny_step (user interrupted)
[12:01:49] skip: mouse_slow_drift (user interrupted)
[12:01:54] skip: mouse_diagonal_move (user interrupted)
[12:01:59] skip: mouse_short_move (user interrupted)
[12:02:04] skip: mouse_tiny_step (user interrupted)
[12:02:10] skip: key_sequential_tap(ctrlright, shiftleft) (user interrupted)
[12:02:15] skip: mouse_tiny_step (user interrupted)
[12:02:20] keyboard: key_hold(ctrlright, (0.1, 0.4)) - 1m55s [Battery]
[12:03:36] keyboard: key_tap(pause) - 1m16s [Battery]
[12:05:16] skip: mouse_reverse_curve (user interrupted)
[12:05:21] keyboard: key_tap(ctrl) - 1m45s [Battery]
[12:06:53] keyboard: key_hold(shiftleft, (0.5, 1.2)) - 1m32s [Battery]
[12:08:24] skip: mouse_curved_ease_in_out (user interrupted)
[12:08:29] keyboard: key_hold(ctrl, (0.5, 1.2)) - 1m36s [Battery]
[12:10:20] skip: mouse_medium_move (user interrupted)
[12:10:26] skip: key_lock_toggle(capslock, 2) (user interrupted)
[12:10:32] skip: key_alt_tab_bounce(10) (user interrupted)
[12:10:37] skip: key_double_tap(ctrlleft) (user interrupted)
[12:10:42] skip: mouse_reverse_curve (user interrupted)
[12:10:47] keyboard: key_tap(ctrlleft) - 2m17s [Battery]
[12:12:27] skip: mouse_horizontal_move (user interrupted)
[12:12:32] skip: key_sequential_tap(ctrlleft, shiftright) (user interrupted)
[12:12:37] skip: mouse_fast_flick (user interrupted)
[12:12:43] skip: key_double_tap(shift) (user interrupted)
[12:12:48] skip: key_alt_tab_bounce(2) (user interrupted)
[12:12:53] skip: mouse_big_jump (user interrupted)
[12:12:58] skip: mouse_slow_drift (user interrupted)
[12:13:03] skip: mouse_slow_drift (user interrupted)
[12:13:08] skip: mouse_long_diagonal_sweep (user interrupted)
[12:13:14] skip: key_lock_toggle(scrolllock, 2) (user interrupted)
[12:13:19] keyboard: key_hold(shift, (0.5, 1.2)) - 2m31s [Battery]
[12:14:54] skip: mouse_zigzag_two_segments (user interrupted)
[12:14:59] skip: key_alt_tab_bounce(10) (user interrupted)
[12:15:04] skip: mouse_long_diagonal_sweep (user interrupted)
[12:15:09] skip: mouse_tiny_step (user interrupted)
[12:15:14] skip: mouse_short_move (user interrupted)
[12:15:19] skip: mouse_micro_jitter (user interrupted)
[12:15:25] keyboard: key_hold(ctrlright, (0.1, 0.4)) - 2m5s
[12:16:09] skip: key_lock_toggle(numlock, 4) (user interrupted)
[12:16:14] keyboard: key_hold(ctrlright, (0.1, 0.4)) - 0m49s
[12:17:19] keyboard: key_hold(ctrlleft, (0.5, 1.2)) - 1m5s
[12:17:58] skip: key_alt_tab_bounce(8) (user interrupted)
[12:18:03] keyboard: key_hold(shiftright, (0.5, 1.2)) - 0m43s
[12:19:01] skip: mouse_long_move (user interrupted)
[12:19:06] keyboard: key_hold(shiftright, (0.1, 0.4)) - 1m3s
[12:19:54] skip: mouse_long_diagonal_sweep (user interrupted)
[12:20:00] skip: key_double_tap(ctrlright) (user interrupted)
[12:20:05] skip: key_triple_tap(ctrlright) (user interrupted)
[12:20:10] skip: mouse_tiny_step (user interrupted)
[12:20:15] skip: mouse_zigzag_two_segments (user interrupted)
[12:20:20] keyboard: key_hold(shiftright, (0.1, 0.4)) - 1m13s
[12:21:29] skip: mouse_curved_ease_out (user interrupted)
[12:21:34] skip: key_triple_tap(shift) (user interrupted)
[12:21:39] skip: mouse_long_diagonal_sweep (user interrupted)
[12:21:44] skip: mouse_zigzag_two_segments (user interrupted)
[12:21:50] skip: key_double_tap(shiftright) (user interrupted)
[12:21:55] skip: key_modifier_medley(2) (user interrupted)
[12:22:00] skip: mouse_long_diagonal_sweep (user interrupted)
[12:22:05] skip: key_double_tap(ctrl) (user interrupted)
[12:22:10] skip: mouse_curved_ease_out (user interrupted)
[12:22:16] skip: key_lock_toggle(numlock, 2) (user interrupted)
[12:22:21] keyboard: key_tap(shift) - 2m0s
[12:23:09] skip: mouse_vertical_move (user interrupted)
[12:23:14] keyboard: key_tap(ctrlright) - 0m53s
[12:24:05] skip: key_alt_tab_bounce(10) (user interrupted)
[12:24:10] skip: mouse_short_move (user interrupted)
[12:24:15] skip: mouse_big_jump (user interrupted)
[12:24:21] keyboard: key_hold(shift, (0.5, 1.2)) - 1m6s
[12:25:14] skip: key_double_tap(ctrl) (user interrupted)
[12:25:19] keyboard: key_hold(ctrlright, (0.5, 1.2)) - 0m58s
[12:26:07] skip: mouse_horizontal_move (user interrupted)
[12:26:12] skip: mouse_curved_ease_in (user interrupted)
[12:26:17] skip: key_triple_tap(shift) (user interrupted)
[12:26:22] keyboard: key_tap(shift) - 1m3s
[12:27:33] keyboard: key_hold(shiftright, (0.5, 1.2)) - 1m11s
[12:28:29] skip: mouse_zigzag_three_segments (user interrupted)
[12:28:35] skip: key_triple_tap(ctrlright) (user interrupted)
[12:28:40] skip: key_lock_toggle(capslock, 2) (user interrupted)
[12:28:45] skip: key_triple_tap(shiftleft) (user interrupted)
[12:28:50] skip: mouse_slow_drift (user interrupted)
[12:28:56] keyboard: key_tap(ctrlleft) - 1m22s
[12:29:58] skip: key_double_tap(ctrl) (user interrupted)
[12:30:03] skip: key_lock_toggle(capslock, 4) (user interrupted)
[12:30:08] keyboard: key_hold(shiftleft, (0.5, 1.2)) - 1m12s
[12:31:19] skip: mouse_micro_jitter (user interrupted)
[12:31:25] skip: key_triple_tap(shiftleft) (user interrupted)
[12:31:30] keyboard: key_hold(shiftright, (0.1, 0.4)) - 1m21s
[12:32:11] skip: mouse_curved_ease_out (user interrupted)
[12:32:16] skip: mouse_zigzag_three_segments (user interrupted)
[12:32:21] skip: key_double_tap(ctrlright) (user interrupted)
[12:32:26] skip: key_double_tap(ctrlleft) (user interrupted)
[12:32:31] skip: mouse_micro_jitter (user interrupted)
[12:32:36] skip: mouse_slow_drift (user interrupted)
[12:32:41] skip: mouse_long_diagonal_sweep (user interrupted)
[12:32:47] skip: key_sequential_tap(shiftleft, ctrlright) (user interrupted)
[12:32:52] skip: mouse_horizontal_move (user interrupted)
[12:32:57] skip: key_lock_toggle(capslock, 4) (user interrupted)
[12:33:03] skip: key_triple_tap(ctrlright) (user interrupted)
[12:33:08] skip: mouse_long_diagonal_sweep (user interrupted)
[12:33:13] keyboard: key_tap(shiftright) - 1m42s
[12:34:05] skip: mouse_reverse_curve (user interrupted)
[12:34:10] keyboard: key_hold(shiftleft, (0.1, 0.4)) - 0m57s
[12:34:50] skip: mouse_short_move (user interrupted)
[12:34:55] skip: key_modifier_medley(4) (user interrupted)
[12:35:00] skip: key_double_tap(shift) (user interrupted)
[12:35:06] skip: key_triple_tap(ctrlright) (user interrupted)
[12:35:11] keyboard: key_tap(shiftright) - 1m0s
[12:35:52] skip: key_double_tap(ctrlright) (user interrupted)
[12:35:57] skip: mouse_vertical_move (user interrupted)
[12:36:02] skip: mouse_big_jump (user interrupted)
[12:36:07] skip: mouse_micro_jitter (user interrupted)
[12:36:12] skip: key_lock_toggle(capslock, 2) (user interrupted)
[12:36:17] skip: mouse_curved_ease_out (user interrupted)
[12:36:23] skip: key_double_tap(ctrl) (user interrupted)
[12:36:28] skip: key_sequential_tap(shiftright, ctrlleft) (user interrupted)
[12:36:33] skip: mouse_tiny_step (user interrupted)
[12:36:38] skip: mouse_random_walk_chain (user interrupted)
[12:36:43] skip: mouse_big_jump (user interrupted)
[12:36:48] skip: key_triple_tap(ctrlright) (user interrupted)
[12:36:53] skip: key_modifier_medley(2) (user interrupted)
[12:36:58] keyboard: key_tap(shift) - 1m47s
[12:37:52] skip: mouse_slow_wide_drift (user interrupted)
[12:37:57] skip: mouse_big_jump (user interrupted)
[12:38:03] keyboard: key_hold(ctrlleft, (0.5, 1.2)) - 1m4s
[12:38:48] skip: key_sequential_tap(shift, ctrl) (user interrupted)
[12:38:53] skip: mouse_diagonal_move (user interrupted)
[12:38:58] skip: key_double_tap(shiftleft) (user interrupted)
[12:39:03] skip: mouse_vertical_move (user interrupted)
[12:39:08] skip: key_double_tap(ctrlright) (user interrupted)
[12:39:14] skip: mouse_diagonal_move (user interrupted)
[12:39:19] keyboard: key_hold(ctrlright, (0.5, 1.2)) - 1m15s
[12:40:17] skip: mouse_slow_drift (user interrupted)
[12:40:22] skip: mouse_long_diagonal_sweep (user interrupted)
[12:40:27] skip: mouse_curved_ease_in (user interrupted)
[12:40:32] skip: mouse_random_walk_chain (user interrupted)
[12:40:37] keyboard: key_hold(ctrlright, (0.1, 0.4)) - 1m18s
[12:41:15] skip: mouse_medium_move (user interrupted)
[12:41:20] skip: key_triple_tap(ctrl) (user interrupted)
[12:41:25] skip: mouse_micro_jitter (user interrupted)
[12:41:30] skip: mouse_medium_move (user interrupted)
[12:41:35] keyboard: key_hold(shiftleft, (0.1, 0.4)) - 0m58s
[12:42:38] skip: key_lock_toggle(capslock, 2) (user interrupted)
[12:42:43] keyboard: key_hold(ctrl, (0.5, 1.2)) - 1m7s
[12:43:14] skip: mouse_horizontal_move (user interrupted)
[12:43:19] keyboard: key_tap(shiftleft) - 0m36s
[12:44:00] skip: mouse_fast_flick (user interrupted)
[12:44:05] skip: key_sequential_tap(ctrlleft, shiftright) (user interrupted)
[12:44:11] skip: key_lock_toggle(numlock, 4) (user interrupted)
[12:44:16] skip: mouse_micro_jitter (user interrupted)
[12:44:21] skip: mouse_micro_jitter (user interrupted)
[12:44:26] keyboard: key_hold(shiftright, (0.1, 0.4)) - 1m6s
[12:45:00] skip: mouse_medium_move (user interrupted)
[12:45:05] skip: mouse_vertical_move (user interrupted)
[12:45:10] skip: key_lock_toggle(capslock, 4) (user interrupted)
[12:45:15] skip: mouse_slow_wide_drift (user interrupted)
[12:45:20] skip: mouse_curved_ease_out (user interrupted)
[12:45:26] keyboard: key_hold(shiftright, (0.1, 0.4)) - 0m59s
[12:46:21] skip: mouse_curved_ease_in (user interrupted)
[12:46:26] skip: key_double_tap(shiftright) (user interrupted)
[12:46:31] skip: mouse_tiny_step (user interrupted)
[12:46:36] skip: key_sequential_tap(shiftright, ctrlleft) (user interrupted)
[12:46:41] skip: key_triple_tap(ctrlleft) (user interrupted)
[12:46:46] keyboard: key_hold(ctrlright, (0.1, 0.4)) - 1m20s
[12:47:20] skip: mouse_slow_wide_drift (user interrupted)
[12:47:25] skip: mouse_slow_drift (user interrupted)
[12:47:30] skip: mouse_horizontal_move (user interrupted)
[12:47:36] skip: mouse_zigzag_three_segments (user interrupted)
[12:47:41] skip: key_double_tap(shift) (user interrupted)
[12:47:46] keyboard: key_hold(shiftright, (0.5, 1.2)) - 0m59s
[12:48:56] skip: mouse_tiny_step (user interrupted)
[12:49:01] keyboard: key_hold(ctrlright, (0.5, 1.2)) - 1m15s
[12:50:05] skip: mouse_horizontal_move (user interrupted)
[12:50:10] skip: mouse_medium_move (user interrupted)
[12:50:15] skip: mouse_tiny_step (user interrupted)
[12:50:21] skip: key_alt_tab_bounce(10) (user interrupted)
[12:50:26] keyboard: key_hold(ctrlleft, (0.5, 1.2)) - 1m24s
[12:51:13] skip: mouse_fast_flick (user interrupted)
[12:51:18] skip: mouse_medium_move (user interrupted)
[12:51:23] skip: key_alt_tab_bounce(4) (user interrupted)
[12:51:29] skip: key_lock_toggle(scrolllock, 2) (user interrupted)
[12:51:34] skip: key_sequential_tap(shift, ctrl) (user interrupted)
[12:51:39] skip: mouse_medium_move (user interrupted)
[12:51:44] skip: key_double_tap(ctrl) (user interrupted)
[12:51:49] skip: mouse_long_diagonal_sweep (user interrupted)
[12:51:55] keyboard: key_tap(ctrl) - 1m28s
[12:53:00] skip: key_sequential_tap(ctrlleft, shiftright) (user interrupted)
[12:53:05] skip: mouse_curved_ease_in_out (user interrupted)
[12:53:10] skip: key_alt_tab_bounce(6) (user interrupted)
[12:53:15] keyboard: key_tap(shiftleft) - 1m20s
[12:54:20] skip: key_lock_toggle(capslock, 2) (user interrupted)
[12:54:25] skip: mouse_curved_ease_out (user interrupted)
[12:54:30] keyboard: key_hold(shiftright, (0.5, 1.2)) - 1m14s
[12:55:13] skip: key_alt_tab_bounce(10) (user interrupted)
[12:55:18] skip: mouse_slow_wide_drift (user interrupted)
[12:55:23] skip: key_sequential_tap(shift, ctrl) (user interrupted)
[12:55:28] skip: mouse_fast_flick (user interrupted)
[12:55:33] skip: mouse_long_diagonal_sweep (user interrupted)
[12:55:38] skip: key_double_tap(shift) (user interrupted)
[12:55:44] skip: key_sequential_tap(ctrlleft, shiftright) (user interrupted)
[12:55:49] skip: key_alt_tab_bounce(8) (user interrupted)
[12:55:54] keyboard: key_hold(ctrlright, (0.5, 1.2)) - 1m23s
[12:56:29] skip: key_sequential_tap(shift, ctrl) (user interrupted)
[12:56:34] skip: mouse_tiny_step (user interrupted)
[12:56:40] skip: mouse_curved_ease_in (user interrupted)
[12:56:45] skip: key_triple_tap(ctrl) (user interrupted)
[12:56:50] skip: key_lock_toggle(capslock, 4) (user interrupted)
[12:56:55] skip: mouse_zigzag_two_segments (user interrupted)
[12:57:00] keyboard: key_hold(shiftleft, (0.1, 0.4)) - 1m5s
[12:58:02] skip: mouse_long_diagonal_sweep (user interrupted)
[12:58:08] skip: key_lock_toggle(scrolllock, 2) (user interrupted)
[12:58:13] skip: key_alt_tab_bounce(2) (user interrupted)
[12:58:18] skip: key_double_tap(ctrlleft) (user interrupted)
[12:58:23] skip: mouse_long_move (user interrupted)
[12:58:28] skip: mouse_curved_ease_in_out (user interrupted)
[12:58:34] skip: key_alt_tab_bounce(6) (user interrupted)
[12:58:39] skip: key_triple_tap(shiftright) (user interrupted)
[12:58:44] skip: mouse_slow_drift (user interrupted)
[12:58:49] skip: mouse_curved_ease_in_out (user interrupted)
[12:58:54] skip: mouse_zigzag_two_segments (user interrupted)
[12:58:59] skip: mouse_slow_drift (user interrupted)
[12:59:04] keyboard: key_hold(shift, (0.1, 0.4)) - 2m3s
[12:59:37] skip: mouse_reverse_curve (user interrupted)
[12:59:42] skip: mouse_short_move (user interrupted)
[12:59:47] skip: mouse_zigzag_two_segments (user interrupted)
[12:59:52] keyboard: key_hold(shiftleft, (0.1, 0.4)) - 0m48s
[13:00:42] skip: key_lock_toggle(numlock, 4) (user interrupted)
[13:00:47] skip: key_triple_tap(ctrl) (user interrupted)
[13:00:52] keyboard: key_tap(ctrlright) - 0m59s
[13:01:52] skip: mouse_curved_ease_in_out (user interrupted)
[13:01:57] keyboard: key_tap(shiftleft) - 1m5s
[13:03:10] skip: key_sequential_tap(shiftright, ctrlleft) (user interrupted)
[13:03:15] skip: key_double_tap(shiftright) (user interrupted)
[13:03:20] keyboard: key_tap(pause) - 1m22s
[13:04:24] skip: key_sequential_tap(ctrl, shift) (user interrupted)
[13:04:30] skip: key_double_tap(shiftleft) (user interrupted)
[13:04:35] keyboard: key_hold(ctrlleft, (0.5, 1.2)) - 1m14s
[13:05:34] skip: key_triple_tap(shiftleft) (user interrupted)
[13:05:39] keyboard: key_tap(ctrlright) - 1m4s
[13:06:38] skip: key_lock_toggle(scrolllock, 2) (user interrupted)
[13:06:44] keyboard: key_tap(ctrl) - 1m4s
[13:07:27] skip: key_triple_tap(ctrl) (user interrupted)
[13:07:32] skip: mouse_short_move (user interrupted)
[13:07:37] skip: mouse_zigzag_three_segments (user interrupted)
[13:07:42] skip: mouse_slow_wide_drift (user interrupted)
[13:07:47] skip: mouse_tiny_step (user interrupted)
[13:07:52] skip: mouse_curved_ease_out (user interrupted)
[13:07:57] skip: mouse_vertical_move (user interrupted)
[13:08:02] skip: mouse_big_jump (user interrupted)
[13:08:07] skip: key_sequential_tap(shift, ctrl) (user interrupted)
[13:08:12] skip: mouse_big_jump (user interrupted)
[13:08:17] keyboard: key_hold(shift, (0.5, 1.2)) - 1m33s
[13:50:57] App Pro started.
[13:50:57] Mode: both | Schedule: 10:00-19:30 Mon-Fri (Active)
[13:51:46] skip: mouse_curved_ease_out (user interrupted)
[13:51:51] skip: mouse_zigzag_two_segments (user interrupted)
[13:51:56] skip: mouse_diagonal_move (user interrupted)
[13:52:01] skip: mouse_random_walk_chain (user interrupted)
[13:52:06] skip: key_sequential_tap(shiftright, ctrlleft) (user interrupted)
[13:52:11] skip: key_double_tap(shift) (user interrupted)
[13:52:16] skip: mouse_reverse_curve (user interrupted)
[13:52:21] skip: mouse_medium_move (user interrupted)
[13:52:27] skip: key_sequential_tap(shiftleft, ctrlright) (user interrupted)
[13:52:32] skip: mouse_slow_wide_drift (user interrupted)
[13:52:37] skip: mouse_zigzag_three_segments (user interrupted)
[13:52:42] skip: mouse_diagonal_move (user interrupted)
[13:52:47] skip: mouse_diagonal_move (user interrupted)
[13:52:52] skip: mouse_reverse_curve (user interrupted)
[13:52:57] skip: mouse_long_diagonal_sweep (user interrupted)
[13:53:02] skip: key_double_tap(shiftright) (user interrupted)
[13:53:07] skip: mouse_short_move (user interrupted)
[13:53:12] keyboard: key_hold(shiftright, (0.5, 1.2)) - 2m15s [Battery]
[13:54:39] skip: mouse_diagonal_move (user interrupted)
[13:54:44] skip: mouse_tiny_step (user interrupted)
[13:54:50] skip: key_sequential_tap(shiftleft, ctrlright) (user interrupted)
[13:54:55] skip: mouse_curved_ease_in_out (user interrupted)
[13:55:00] skip: key_sequential_tap(ctrl, shift) (user interrupted)
[13:55:05] skip: key_double_tap(shift) (user interrupted)
[13:55:11] skip: key_lock_toggle(numlock, 2) (user interrupted)
[13:55:16] skip: mouse_medium_move (user interrupted)
[13:55:21] skip: key_triple_tap(ctrlleft) (user interrupted)
[13:55:26] skip: mouse_reverse_curve (user interrupted)
[13:55:31] skip: mouse_vertical_move (user interrupted)
[13:55:36] skip: key_alt_tab_bounce(6) (user interrupted)
[13:55:41] skip: mouse_curved_ease_in_out (user interrupted)
[13:55:47] skip: key_double_tap(shift) (user interrupted)
[13:55:52] skip: key_alt_tab_bounce(4) (user interrupted)
[13:55:57] skip: key_double_tap(ctrlleft) (user interrupted)
[13:56:02] skip: mouse_medium_move (user interrupted)
[13:56:07] keyboard: key_tap(shift) - 2m55s [Battery]
[13:57:25] skip: key_triple_tap(shiftleft) (user interrupted)
[13:57:30] skip: mouse_medium_move (user interrupted)
[13:57:35] skip: mouse_horizontal_move (user interrupted)
[13:57:40] skip: mouse_vertical_move (user interrupted)
[13:57:45] skip: mouse_vertical_move (user interrupted)
[13:57:50] skip: mouse_curved_ease_in_out (user interrupted)
[13:57:55] keyboard: key_tap(pause) - 1m47s [Battery]
[14:12:12] skip: mouse_slow_wide_drift (user interrupted)
[14:12:17] skip: mouse_zigzag_three_segments (user interrupted)
[14:12:22] skip: mouse_tiny_step (user interrupted)
[14:12:27] skip: mouse_short_move (user interrupted)
[14:12:32] skip: mouse_reverse_curve (user interrupted)
[14:12:37] keyboard: key_tap(shiftleft) - 14m41s [Battery]
[14:14:09] keyboard: key_hold(shift, (0.1, 0.4)) - 1m32s [Battery]
[14:15:14] skip: mouse_curved_ease_in_out (user interrupted)
[14:15:19] skip: key_alt_tab_bounce(8) (user interrupted)
[14:15:24] skip: mouse_long_move (user interrupted)
[14:15:29] skip: mouse_vertical_move (user interrupted)
[14:15:35] skip: mouse_tiny_step (user interrupted)
[14:15:40] keyboard: key_tap(ctrl) - 1m30s [Battery]
[14:17:21] keyboard: key_tap(shift) - 1m41s [Battery]
[14:18:33] skip: key_sequential_tap(ctrlleft, shiftright) (user interrupted)
[14:18:39] skip: key_alt_tab_bounce(4) (user interrupted)
[14:18:44] skip: key_alt_tab_bounce(10) (user interrupted)
[14:18:49] skip: mouse_vertical_move (user interrupted)
[14:18:54] keyboard: key_tap(pause) - 1m33s [Battery]
[14:20:34] skip: key_triple_tap(shiftleft) (user interrupted)
[14:20:39] skip: key_triple_tap(shiftright) (user interrupted)
[14:20:44] skip: mouse_reverse_curve (user interrupted)
[14:20:49] skip: mouse_curved_ease_in_out (user interrupted)
[14:20:55] keyboard: key_tap(ctrlright) - 2m0s [Battery]
[14:22:39] skip: mouse_long_move (user interrupted)
[14:22:44] skip: mouse_long_diagonal_sweep (user interrupted)
[14:22:49] skip: mouse_vertical_move (user interrupted)
[14:22:54] skip: mouse_curved_ease_out (user interrupted)
[14:22:59] keyboard: key_hold(shift, (0.1, 0.4)) - 2m4s [Battery]
[14:24:35] keyboard: key_hold(shift, (0.1, 0.4)) - 1m36s [Battery]
[14:26:05] skip: mouse_vertical_move (user interrupted)
[14:26:10] skip: key_sequential_tap(ctrlleft, shiftright) (user interrupted)
[14:26:15] skip: mouse_fast_flick (user interrupted)
[14:26:20] skip: mouse_tiny_step (user interrupted)
[14:26:25] keyboard: key_tap(shiftright) - 1m50s [Battery]
[14:27:26] skip: key_double_tap(shift) (user interrupted)
[14:27:31] skip: mouse_horizontal_move (user interrupted)
[14:27:36] skip: key_double_tap(shiftleft) (user interrupted)
[14:27:41] keyboard: key_hold(shift, (0.5, 1.2)) - 1m15s [Battery]
[14:28:27] skip: mouse_vertical_move (user interrupted)
[14:28:32] keyboard: key_hold(shiftright, (0.1, 0.4)) - 0m51s [Battery]
[14:29:28] skip: mouse_horizontal_move (user interrupted)
[14:29:33] skip: mouse_slow_wide_drift (user interrupted)
[14:29:38] skip: mouse_zigzag_three_segments (user interrupted)
[14:29:43] keyboard: key_tap(shiftleft) - 1m11s [Battery]
[14:31:06] skip: mouse_tiny_step (user interrupted)
[14:31:11] skip: mouse_long_move (user interrupted)
[14:31:17] skip: key_double_tap(pause) (user interrupted)
[14:31:22] skip: key_triple_tap(shift) (user interrupted)
[14:31:27] skip: mouse_tiny_step (user interrupted)
[14:31:33] skip: key_lock_toggle(capslock, 4) (user interrupted)
[14:31:38] skip: key_double_tap(shiftright) (user interrupted)
[14:31:43] skip: mouse_short_move (user interrupted)
[14:31:48] skip: mouse_curved_ease_in (user interrupted)
[14:31:53] skip: key_lock_toggle(scrolllock, 2) (user interrupted)
[14:31:58] skip: mouse_zigzag_two_segments (user interrupted)
[14:32:04] skip: key_modifier_medley(2) (user interrupted)
[14:32:09] skip: key_triple_tap(ctrl) (user interrupted)
[14:32:14] skip: mouse_big_jump (user interrupted)
[14:32:19] skip: key_alt_tab_bounce(4) (user interrupted)
[14:32:25] skip: key_alt_tab_bounce(2) (user interrupted)
[14:32:30] skip: mouse_vertical_move (user interrupted)
[14:32:35] skip: key_lock_toggle(capslock, 4) (user interrupted)
[14:32:41] skip: key_alt_tab_bounce(2) (user interrupted)
[14:32:46] skip: key_double_tap(shiftright) (user interrupted)
[14:32:51] skip: mouse_random_walk_chain (user interrupted)
[14:32:57] skip: key_alt_tab_bounce(8) (user interrupted)
[14:33:02] skip: mouse_random_walk_chain (user interrupted)
[14:33:07] skip: mouse_micro_jitter (user interrupted)
[14:33:12] skip: mouse_long_move (user interrupted)
[14:33:17] skip: key_sequential_tap(shift, ctrl) (user interrupted)
[14:33:22] skip: mouse_zigzag_two_segments (user interrupted)
[14:33:28] skip: key_lock_toggle(numlock, 2) (user interrupted)
[14:33:33] skip: mouse_short_move (user interrupted)
[14:33:38] skip: mouse_curved_ease_out (user interrupted)
[14:33:43] skip: mouse_vertical_move (user interrupted)
[14:33:48] skip: key_double_tap(ctrl) (user interrupted)
[14:33:53] keyboard: key_tap(shiftleft) - 4m9s [Battery]
[14:34:39] skip: key_triple_tap(ctrlleft) (user interrupted)
[14:34:44] skip: key_double_tap(ctrlright) (user interrupted)
[14:34:49] skip: mouse_slow_wide_drift (user interrupted)
[14:34:55] skip: key_double_tap(pause) (user interrupted)
[14:35:00] skip: key_triple_tap(shift) (user interrupted)
[14:35:05] skip: key_lock_toggle(numlock, 4) (user interrupted)
[14:35:10] skip: mouse_fast_flick (user interrupted)
[14:35:15] skip: mouse_tiny_step (user interrupted)
[14:35:20] keyboard: key_hold(shiftright, (0.1, 0.4)) - 1m27s [Battery]
[14:37:00] skip: key_sequential_tap(shiftleft, ctrlright) (user interrupted)
[14:37:05] skip: mouse_vertical_move (user interrupted)
[14:37:10] skip: mouse_curved_ease_out (user interrupted)
[14:37:16] skip: key_alt_tab_bounce(6) (user interrupted)
[14:37:21] keyboard: key_hold(ctrlright, (0.5, 1.2)) - 2m0s
[14:38:17] skip: mouse_curved_ease_in_out (user interrupted)
[14:38:22] skip: mouse_zigzag_three_segments (user interrupted)
[14:38:27] skip: mouse_reverse_curve (user interrupted)
[14:38:32] skip: mouse_long_diagonal_sweep (user interrupted)
[14:38:37] keyboard: key_hold(shift, (0.5, 1.2)) - 1m16s
[14:39:40] skip: mouse_short_move (user interrupted)
[14:39:45] skip: mouse_slow_wide_drift (user interrupted)
[14:39:50] skip: key_lock_toggle(capslock, 2) (user interrupted)
[14:39:55] skip: mouse_long_move (user interrupted)
[14:40:00] skip: mouse_reverse_curve (user interrupted)
[14:40:06] keyboard: key_hold(ctrlleft, (0.5, 1.2)) - 1m28s
[14:40:55] keyboard: key_hold(shiftleft, (0.5, 1.2)) - 0m49s
[14:41:36] keyboard: key_tap(shiftright) - 0m41s
[14:42:07] skip: mouse_diagonal_move (user interrupted)
[14:42:12] skip: mouse_horizontal_move (user interrupted)
[14:42:17] skip: mouse_micro_jitter (user interrupted)
[14:42:22] skip: mouse_medium_move (user interrupted)
[14:42:27] skip: mouse_curved_ease_in_out (user interrupted)
[14:42:32] skip: mouse_medium_move (user interrupted)
[14:42:37] skip: mouse_curved_ease_in (user interrupted)
[14:42:42] keyboard: key_tap(pause) - 1m6s
[14:43:23] skip: mouse_medium_move (user interrupted)
[14:43:28] skip: mouse_tiny_step (user interrupted)
[14:43:33] skip: mouse_short_move (user interrupted)
[14:43:39] skip: key_lock_toggle(numlock, 2) (user interrupted)
[14:43:44] skip: mouse_big_jump (user interrupted)
[14:43:49] skip: key_sequential_tap(shift, ctrl) (user interrupted)
[14:43:54] skip: mouse_curved_ease_in_out (user interrupted)
[14:43:59] skip: mouse_tiny_step (user interrupted)
[14:44:04] keyboard: key_hold(shiftright, (0.5, 1.2)) - 1m21s
[14:44:47] keyboard: key_tap(shift) - 0m43s
[14:45:19] skip: mouse_long_diagonal_sweep (user interrupted)
[14:45:24] skip: key_triple_tap(ctrl) (user interrupted)
[14:45:30] skip: key_alt_tab_bounce(8) (user interrupted)
[14:45:35] keyboard: key_hold(shiftleft, (0.5, 1.2)) - 0m47s
[14:46:14] skip: key_double_tap(shiftright) (user interrupted)
[14:46:20] skip: key_double_tap(ctrl) (user interrupted)
[14:46:25] skip: mouse_fast_flick (user interrupted)
[14:46:30] skip: mouse_slow_wide_drift (user interrupted)
[14:46:35] skip: mouse_curved_ease_out (user interrupted)
[14:46:40] skip: key_double_tap(ctrlleft) (user interrupted)
[14:46:45] keyboard: key_hold(ctrlleft, (0.5, 1.2)) - 1m9s
[14:47:25] skip: mouse_slow_drift (user interrupted)
[14:47:30] skip: mouse_random_walk_chain (user interrupted)
[14:47:35] skip: mouse_micro_jitter (user interrupted)
[14:47:41] skip: key_lock_toggle(numlock, 2) (user interrupted)
[14:47:46] skip: mouse_big_jump (user interrupted)
[14:47:51] skip: key_triple_tap(shift) (user interrupted)
[14:47:56] skip: key_modifier_medley(2) (user interrupted)
[14:48:02] skip: key_lock_toggle(scrolllock, 2) (user interrupted)
[14:48:07] skip: mouse_zigzag_two_segments (user interrupted)
[14:48:12] skip: mouse_slow_wide_drift (user interrupted)
[14:48:17] keyboard: key_hold(shiftleft, (0.5, 1.2)) - 1m31s
[14:49:01] skip: mouse_slow_wide_drift (user interrupted)
[14:49:06] keyboard: key_tap(ctrlright) - 0m49s
[14:50:10] skip: mouse_fast_flick (user interrupted)
[14:50:15] skip: key_sequential_tap(ctrl, shift) (user interrupted)
[14:50:20] skip: mouse_medium_move (user interrupted)
[14:50:26] skip: key_sequential_tap(shift, ctrl) (user interrupted)
[14:50:31] keyboard: key_tap(shiftright) - 1m24s
[14:51:39] skip: mouse_fast_flick (user interrupted)
[14:51:44] skip: mouse (user active)
[14:51:49] keyboard: key_hold(ctrl, (0.5, 1.2)) - 1m18s
[14:52:31] skip: mouse_reverse_curve (user interrupted)
[14:52:36] skip: key_alt_tab_bounce(6) (user interrupted)
[14:52:41] keyboard: key_tap(ctrlright) - 0m52s
[14:53:54] keyboard: key_hold(shiftright, (0.1, 0.4)) - 1m13s
[14:54:51] skip: key_alt_tab_bounce(10) (user interrupted)
[14:54:56] skip: key_sequential_tap(ctrlright, shiftleft) (user interrupted)
[14:55:01] skip: mouse_fast_flick (user interrupted)
[14:55:06] skip: mouse_micro_jitter (user interrupted)
[14:55:12] keyboard: key_hold(shiftright, (0.1, 0.4)) - 1m16s
[14:56:06] skip: mouse_reverse_curve (user interrupted)
[14:56:11] skip: mouse_curved_ease_out (user interrupted)
[14:56:16] skip: mouse_curved_ease_out (user interrupted)
[14:56:21] skip: mouse_fast_flick (user interrupted)
[14:56:26] keyboard: key_tap(ctrlright) - 1m14s
[14:57:27] skip: mouse_zigzag_three_segments (user interrupted)
[14:57:32] keyboard: key_hold(shiftleft, (0.1, 0.4)) - 1m6s
[14:58:06] keyboard: key_hold(shift, (0.1, 0.4)) - 0m34s
[14:58:57] skip: mouse_slow_wide_drift (user interrupted)
[14:59:02] skip: key_triple_tap(shiftleft) (user interrupted)
[14:59:07] keyboard: key_tap(shift) - 1m1s
[15:00:15] skip: key_triple_tap(shiftleft) (user interrupted)
[15:00:20] skip: mouse_reverse_curve (user interrupted)
[15:00:25] skip: key_triple_tap(ctrl) (user interrupted)
[15:00:30] keyboard: key_hold(ctrlleft, (0.5, 1.2)) - 1m22s
[15:01:46] skip: key_alt_tab_bounce(2) (user interrupted)
[15:01:51] skip: key_double_tap(shiftleft) (user interrupted)
[15:01:56] skip: key_double_tap(shiftright) (user interrupted)
[15:02:01] keyboard: key_tap(pause) - 1m31s
[15:03:13] skip: key_sequential_tap(ctrl, shift) (user interrupted)
[15:03:18] skip: mouse_vertical_move (user interrupted)
[15:03:24] skip: key_alt_tab_bounce(2) (user interrupted)
[15:03:29] keyboard: key_tap(shiftleft) - 1m27s
[15:04:12] skip: key_double_tap(ctrl) (user interrupted)
[15:04:17] skip: mouse_zigzag_three_segments (user interrupted)
[15:04:22] keyboard: key_tap(ctrl) - 0m53s
[15:05:27] skip: mouse_curved_ease_out (user interrupted)
[15:05:32] skip: mouse_micro_jitter (user interrupted)
[15:05:38] skip: key_double_tap(ctrlright) (user interrupted)
[15:05:43] skip: key_triple_tap(shiftright) (user interrupted)
[15:05:48] skip: key_double_tap(ctrlright) (user interrupted)
[15:05:53] skip: mouse_slow_wide_drift (user interrupted)
[15:05:58] skip: mouse_micro_jitter (user interrupted)
[15:06:03] skip: mouse_long_diagonal_sweep (user interrupted)
[15:06:09] skip: key_triple_tap(shiftright) (user interrupted)
[15:06:14] skip: mouse_vertical_move (user interrupted)
[15:06:19] skip: mouse_curved_ease_out (user interrupted)
[15:06:24] skip: mouse_zigzag_three_segments (user interrupted)
[15:06:29] skip: mouse_curved_ease_in_out (user interrupted)
[15:06:34] skip: mouse_medium_move (user interrupted)
[15:06:39] skip: mouse_zigzag_three_segments (user interrupted)
[15:06:44] keyboard: key_hold(ctrlleft, (0.5, 1.2)) - 2m21s
[15:07:16] keyboard: key_hold(ctrl, (0.5, 1.2)) - 0m32s
[15:08:30] skip: mouse_curved_ease_out (user interrupted)
[15:08:35] skip: mouse_long_diagonal_sweep (user interrupted)
[15:08:40] skip: key_double_tap(pause) (user interrupted)
[15:08:45] skip: mouse_curved_ease_out (user interrupted)
[15:08:51] skip: key_double_tap(ctrlleft) (user interrupted)
[15:08:56] skip: mouse_reverse_curve (user interrupted)
[15:09:01] keyboard: key_hold(ctrlleft, (0.5, 1.2)) - 1m44s
[15:10:05] skip: key_sequential_tap(shiftleft, ctrlright) (user interrupted)
[15:10:10] skip: mouse_slow_wide_drift (user interrupted)
[15:10:15] skip: mouse_medium_move (user interrupted)
[15:10:21] skip: key_alt_tab_bounce(6) (user interrupted)
[15:10:26] skip: key_double_tap(shiftright) (user interrupted)
[15:10:31] skip: mouse_zigzag_two_segments (user interrupted)
[15:10:36] keyboard: key_tap(ctrlleft) - 1m35s
[15:11:28] keyboard: key_tap(ctrlleft) - 0m52s
[15:12:01] keyboard: key_hold(shift, (0.1, 0.4)) - 0m32s
[15:12:44] skip: key_alt_tab_bounce(10) (user interrupted)
[15:12:50] skip: key_alt_tab_bounce(8) (user interrupted)
[15:12:55] skip: key_triple_tap(ctrlright) (user interrupted)
[15:13:00] skip: mouse_long_diagonal_sweep (user interrupted)
[15:13:05] skip: mouse_medium_move (user interrupted)
[15:13:10] skip: mouse_zigzag_three_segments (user interrupted)
[15:13:15] skip: mouse_curved_ease_in (user interrupted)
[15:13:20] skip: key_lock_toggle(numlock, 4) (user interrupted)
[15:13:26] keyboard: key_hold(ctrlleft, (0.1, 0.4)) - 1m24s
[15:14:04] keyboard: key_hold(shift, (0.5, 1.2)) - 0m38s
[15:14:44] keyboard: key_hold(ctrlright, (0.1, 0.4)) - 0m40s
[15:15:44] skip: mouse_diagonal_move (user interrupted)
[15:15:49] keyboard: key_hold(shiftleft, (0.1, 0.4)) - 1m5s
[15:16:28] skip: mouse_curved_ease_in (user interrupted)
[15:16:33] skip: mouse_big_jump (user interrupted)
[15:16:38] skip: mouse_slow_wide_drift (user interrupted)
[15:16:43] skip: mouse_micro_jitter (user interrupted)
[15:16:49] skip: key_lock_toggle(scrolllock, 2) (user interrupted)
[15:16:54] skip: key_double_tap(shift) (user interrupted)
[15:16:59] skip: mouse_zigzag_two_segments (user interrupted)
[15:17:04] skip: mouse_vertical_move (user interrupted)
[15:17:09] skip: mouse_big_jump (user interrupted)
[15:17:14] keyboard: key_tap(shift) - 1m24s
[15:18:23] keyboard: key_hold(shift, (0.5, 1.2)) - 1m9s
[15:19:22] skip: mouse_zigzag_two_segments (user interrupted)
[15:19:28] skip: key_lock_toggle(capslock, 2) (user interrupted)
[15:19:33] skip: mouse_curved_ease_out (user interrupted)
[15:19:38] skip: mouse_curved_ease_in_out (user interrupted)
[15:19:43] skip: key_sequential_tap(shiftleft, ctrlright) (user interrupted)
[15:19:48] skip: key_sequential_tap(ctrl, shift) (user interrupted)
[15:19:53] skip: mouse_long_diagonal_sweep (user interrupted)
[15:19:59] skip: key_lock_toggle(numlock, 2) (user interrupted)
[15:20:04] keyboard: key_tap(pause) - 1m40s
[15:21:13] skip: mouse_micro_jitter (user interrupted)
[15:21:18] keyboard: key_hold(shift, (0.5, 1.2)) - 1m14s
[15:22:18] skip: key_alt_tab_bounce(10) (user interrupted)
[15:22:23] skip: mouse_big_jump (user interrupted)
[15:22:28] skip: mouse_curved_ease_out (user interrupted)
[15:22:34] skip: key_double_tap(pause) (user interrupted)
[15:22:39] skip: mouse_curved_ease_in (user interrupted)
[15:22:44] skip: key_double_tap(shiftright) (user interrupted)
[15:22:49] skip: key_double_tap(pause) (user interrupted)
[15:22:54] skip: key_triple_tap(shift) (user interrupted)
[15:22:59] skip: mouse_zigzag_three_segments (user interrupted)
[15:23:05] skip: key_sequential_tap(ctrlleft, shiftright) (user interrupted)
[15:23:10] skip: key_sequential_tap(shiftright, ctrlleft) (user interrupted)
[15:23:15] keyboard: key_hold(ctrlright, (0.1, 0.4)) - 1m56s
[15:23:57] skip: key_lock_toggle(capslock, 2) (user interrupted)
[15:24:02] skip: mouse_zigzag_two_segments (user interrupted)
[15:24:07] skip: mouse_zigzag_three_segments (user interrupted)
[15:24:13] skip: key_alt_tab_bounce(10) (user interrupted)
[15:24:18] skip: key_triple_tap(shiftleft) (user interrupted)
[15:24:23] skip: mouse_slow_wide_drift (user interrupted)
[15:24:28] keyboard: key_tap(pause) - 1m13s
[15:25:14] skip: mouse_vertical_move (user interrupted)
[15:25:20] skip: key_triple_tap(ctrl) (user interrupted)
[15:25:25] keyboard: key_tap(shiftright) - 0m56s
[15:26:28] keyboard: key_hold(shiftright, (0.5, 1.2)) - 1m3s
[15:27:07] skip: mouse_big_jump (user interrupted)
[15:27:12] skip: mouse_zigzag_three_segments (user interrupted)
[15:27:17] skip: mouse_curved_ease_in (user interrupted)
[15:27:22] skip: mouse_diagonal_move (user interrupted)
[15:27:27] keyboard: key_hold(shiftleft, (0.5, 1.2)) - 0m59s
[15:28:23] keyboard: key_hold(ctrlleft, (0.5, 1.2)) - 0m56s
[15:29:11] skip: mouse_medium_move (user interrupted)
[15:29:16] skip: mouse_curved_ease_out (user interrupted)
[15:29:22] keyboard: key_hold(shift, (0.1, 0.4)) - 0m58s
[15:30:03] keyboard: key_tap(ctrlleft) - 0m41s
[15:31:17] skip: key_sequential_tap(shift, ctrl) (user interrupted)
[15:31:22] skip: mouse_slow_wide_drift (user interrupted)
[15:31:27] skip: mouse_micro_jitter (user interrupted)
[15:31:32] skip: mouse_horizontal_move (user interrupted)
[15:31:37] skip: mouse_random_walk_chain (user interrupted)
[15:31:42] skip: mouse_horizontal_move (user interrupted)
[15:31:47] skip: key_triple_tap(ctrlright) (user interrupted)
[15:31:52] skip: mouse_diagonal_move (user interrupted)
[15:31:57] skip: mouse_zigzag_two_segments (user interrupted)
[15:32:02] skip: mouse_short_move (user interrupted)
[15:32:08] keyboard: key_tap(shift) - 2m4s
[15:32:51] skip: mouse_zigzag_three_segments (user interrupted)
[15:32:56] skip: mouse_slow_drift (user interrupted)
[15:33:01] skip: mouse_tiny_step (user interrupted)
[15:33:06] skip: key_triple_tap(ctrlright) (user interrupted)
[15:33:11] skip: mouse_long_move (user interrupted)
[15:33:16] skip: key_double_tap(shift) (user interrupted)
[15:33:21] skip: mouse_vertical_move (user interrupted)
[15:33:26] skip: mouse_tiny_step (user interrupted)
[15:33:31] skip: mouse_long_move (user interrupted)
[15:33:36] keyboard: key_tap(pause) - 1m28s
[15:34:21] skip: mouse_slow_drift (user interrupted)
[15:34:26] skip: mouse_random_walk_chain (user interrupted)
[15:34:31] keyboard: key_hold(ctrlleft, (0.1, 0.4)) - 0m55s
[15:35:24] keyboard: key_hold(shiftright, (0.5, 1.2)) - 0m53s
[15:36:20] keyboard: key_hold(ctrl, (0.1, 0.4)) - 0m55s
[15:37:27] keyboard: key_tap(shiftright) - 1m7s
[15:38:07] skip: mouse_curved_ease_in (user interrupted)
[15:38:12] keyboard: key_hold(ctrlright, (0.5, 1.2)) - 0m45s
[15:39:09] keyboard: key_hold(shiftleft, (0.1, 0.4)) - 0m57s
[15:40:04] keyboard: key_tap(ctrlright) - 0m55s
[15:41:05] keyboard: key_hold(ctrlright, (0.5, 1.2)) - 1m1s
[15:41:41] skip: mouse_curved_ease_in_out (user interrupted)
[15:41:46] skip: mouse_fast_flick (user interrupted)
[15:41:52] keyboard: key_hold(ctrl, (0.5, 1.2)) - 0m46s
[15:42:28] keyboard: key_tap(shift) - 0m36s
[15:43:34] skip: mouse_zigzag_two_segments (user interrupted)
[15:43:39] keyboard: key_hold(ctrl, (0.1, 0.4)) - 1m11s
[15:44:37] skip: mouse_curved_ease_in_out (user interrupted)
[15:44:42] skip: key_sequential_tap(ctrlleft, shiftright) (user interrupted)
[15:44:47] keyboard: key_hold(ctrl, (0.5, 1.2)) - 1m8s
[15:45:31] skip: mouse_diagonal_move (user interrupted)
[15:45:36] skip: mouse_curved_ease_in_out (user interrupted)
[15:45:42] skip: key_triple_tap(ctrl) (user interrupted)
[15:45:47] skip: key_sequential_tap(shift, ctrl) (user interrupted)
[15:45:52] skip: mouse_horizontal_move (user interrupted)
[15:45:57] skip: key_double_tap(ctrl) (user interrupted)
[15:46:02] skip: key_double_tap(ctrl) (user interrupted)
[15:46:08] keyboard: key_hold(ctrlright, (0.1, 0.4)) - 1m20s
[15:47:20] skip: mouse_slow_wide_drift (user interrupted)
[15:47:25] skip: key_double_tap(ctrl) (user interrupted)
[15:47:30] skip: mouse_slow_drift (user interrupted)
[15:47:35] skip: key_lock_toggle(numlock, 2) (user interrupted)
[15:47:41] keyboard: key_hold(shiftright, (0.5, 1.2)) - 1m32s
[15:48:29] skip: key_sequential_tap(shiftleft, ctrlright) (user interrupted)
[15:48:34] skip: mouse_medium_move (user interrupted)
[15:48:39] skip: mouse_big_jump (user interrupted)
[15:48:44] skip: mouse_curved_ease_out (user interrupted)
[15:48:50] skip: key_alt_tab_bounce(6) (user interrupted)
[15:48:55] skip: mouse_tiny_step (user interrupted)
[15:49:00] skip: mouse_random_walk_chain (user interrupted)
[15:49:05] skip: mouse_zigzag_three_segments (user interrupted)
[15:49:10] skip: mouse_tiny_step (user interrupted)
[15:49:15] skip: mouse_slow_drift (user interrupted)
[15:49:20] skip: mouse_long_diagonal_sweep (user interrupted)
[15:49:25] skip: mouse_slow_drift (user interrupted)
[15:49:30] skip: mouse_micro_jitter (user interrupted)
[15:49:35] skip: mouse_curved_ease_in (user interrupted)
[15:49:40] skip: mouse_zigzag_three_segments (user interrupted)
[15:49:45] skip: mouse_big_jump (user interrupted)
[15:49:50] skip: mouse_reverse_curve (user interrupted)
[15:49:55] keyboard: key_hold(ctrlleft, (0.1, 0.4)) - 2m14s
[15:50:54] skip: key_sequential_tap(ctrlleft, shiftright) (user interrupted)
[15:50:59] skip: mouse_tiny_step (user interrupted)
[15:51:04] keyboard: key_tap(pause) - 1m9s
[15:51:55] skip: key_sequential_tap(ctrl, shift) (user interrupted)
[15:52:00] skip: mouse_curved_ease_out (user interrupted)
[15:52:05] keyboard: key_hold(shift, (0.5, 1.2)) - 1m0s
[15:52:43] keyboard: key_tap(shift) - 0m38s
[15:53:29] skip: mouse_curved_ease_out (user interrupted)
[15:53:34] skip: key_double_tap(shift) (user interrupted)
[15:53:39] skip: key_double_tap(pause) (user interrupted)
[15:53:45] skip: key_triple_tap(ctrlleft) (user interrupted)
[15:53:50] skip: key_triple_tap(shift) (user interrupted)
[15:53:55] skip: key_double_tap(shiftright) (user interrupted)
[15:54:00] skip: key_triple_tap(shiftright) (user interrupted)
[15:54:06] skip: key_sequential_tap(shiftleft, ctrlright) (user interrupted)
[15:54:11] keyboard: key_tap(shiftleft) - 1m27s
[15:54:44] skip: key_lock_toggle(numlock, 4) (user interrupted)
[15:54:49] skip: mouse_curved_ease_in (user interrupted)
[15:54:54] keyboard: key_hold(shiftleft, (0.1, 0.4)) - 0m43s
[15:56:06] skip: mouse_reverse_curve (user interrupted)
[15:56:11] skip: mouse_fast_flick (user interrupted)
[15:56:16] keyboard: key_hold(ctrlleft, (0.5, 1.2)) - 1m22s
[15:57:20] skip: mouse_zigzag_two_segments (user interrupted)
[15:57:26] skip: key_triple_tap(ctrl) (user interrupted)
[15:57:31] skip: key_triple_tap(ctrlright) (user interrupted)
[15:57:36] skip: mouse_random_walk_chain (user interrupted)
[15:57:41] skip: mouse_long_move (user interrupted)
[15:57:46] skip: key_sequential_tap(shiftright, ctrlleft) (user interrupted)
[15:57:51] skip: mouse_long_diagonal_sweep (user interrupted)
[15:57:56] skip: mouse_slow_wide_drift (user interrupted)
[15:58:01] skip: mouse_reverse_curve (user interrupted)
[15:58:06] skip: mouse_zigzag_three_segments (user interrupted)
[15:58:11] skip: mouse_fast_flick (user interrupted)
[15:58:16] skip: mouse_curved_ease_out (user interrupted)
[15:58:21] skip: mouse_zigzag_three_segments (user interrupted)
[15:58:27] keyboard: key_hold(shiftleft, (0.1, 0.4)) - 2m9s
[15:59:38] skip: key_triple_tap(shiftleft) (user interrupted)
[15:59:43] skip: key_double_tap(shiftleft) (user interrupted)
[15:59:48] skip: mouse_big_jump (user interrupted)
[15:59:53] skip: mouse_fast_flick (user interrupted)
[15:59:59] skip: key_alt_tab_bounce(8) (user interrupted)
[16:00:04] keyboard: key_hold(ctrlleft, (0.5, 1.2)) - 1m37s
[16:01:15] skip: key_triple_tap(ctrlright) (user interrupted)
[16:01:20] keyboard: key_tap(shiftright) - 1m16s
[16:02:24] skip: mouse_fast_flick (user interrupted)
[16:02:29] skip: key_triple_tap(shift) (user interrupted)
[16:02:35] skip: key_sequential_tap(shift, ctrl) (user interrupted)
[16:02:40] skip: key_modifier_medley(4) (user interrupted)
[16:02:45] skip: key_sequential_tap(shift, ctrl) (user interrupted)
[16:02:50] keyboard: key_hold(ctrl, (0.1, 0.4)) - 1m30s
[16:03:59] skip: key_triple_tap(ctrlright) (user interrupted)
[16:04:04] skip: key_double_tap(ctrlleft) (user interrupted)
[16:04:09] skip: mouse_horizontal_move (user interrupted)
[16:04:14] skip: mouse_long_move (user interrupted)
[16:04:19] skip: key_double_tap(shift) (user interrupted)
[16:04:24] keyboard: key_tap(ctrlright) - 1m33s
[16:05:14] skip: key_double_tap(shiftleft) (user interrupted)
[16:05:19] skip: mouse_tiny_step (user interrupted)
[16:05:24] skip: key_alt_tab_bounce(10) (user interrupted)
[16:05:29] skip: mouse_slow_wide_drift (user interrupted)
[16:05:34] skip: mouse_slow_drift (user interrupted)
[16:05:39] skip: key_lock_toggle(numlock, 4) (user interrupted)
[16:05:45] skip: key_lock_toggle(numlock, 4) (user interrupted)
[16:05:50] skip: mouse_slow_wide_drift (user interrupted)
[16:05:55] keyboard: key_hold(ctrl, (0.5, 1.2)) - 1m30s
[16:06:36] skip: mouse_horizontal_move (user interrupted)
[16:06:41] skip: key_double_tap(ctrlleft) (user interrupted)
[16:06:46] skip: key_triple_tap(ctrlright) (user interrupted)
[16:06:52] skip: key_alt_tab_bounce(6) (user interrupted)
[16:06:57] keyboard: key_tap(ctrl) - 1m2s
[16:08:04] skip: key_double_tap(ctrl) (user interrupted)
[16:08:09] skip: mouse_tiny_step (user interrupted)
[16:08:15] keyboard: key_hold(shiftright, (0.5, 1.2)) - 1m17s
[16:09:16] skip: mouse_curved_ease_out (user interrupted)
[16:09:21] skip: key_sequential_tap(ctrl, shift) (user interrupted)
[16:09:26] skip: mouse_curved_ease_in (user interrupted)
[16:09:31] skip: mouse_long_move (user interrupted)
[16:09:36] skip: mouse_curved_ease_in_out (user interrupted)
[16:09:41] skip: mouse_zigzag_three_segments (user interrupted)
[16:09:46] keyboard: key_tap(shift) - 1m31s
[16:10:57] skip: mouse_horizontal_move (user interrupted)
[16:11:02] keyboard: key_tap(shiftright) - 1m16s
[16:12:10] skip: mouse_random_walk_chain (user interrupted)
[16:12:15] skip: mouse_zigzag_three_segments (user interrupted)
[16:12:20] skip: mouse_reverse_curve (user interrupted)
[16:12:26] skip: key_double_tap(shift) (user interrupted)
[16:12:31] keyboard: key_hold(shift, (0.5, 1.2)) - 1m28s
[16:13:19] keyboard: key_tap(shiftleft) - 0m48s
[16:13:52] skip: key_double_tap(shiftright) (user interrupted)
[16:13:57] skip: mouse_medium_move (user interrupted)
[16:14:02] skip: mouse_slow_wide_drift (user interrupted)
[16:14:07] keyboard: key_tap(ctrlleft) - 0m48s
[16:14:38] skip: mouse_micro_jitter (user interrupted)
[16:14:44] skip: key_double_tap(shift) (user interrupted)
[16:14:49] skip: mouse_long_diagonal_sweep (user interrupted)
[16:14:54] skip: mouse_reverse_curve (user interrupted)
[16:14:59] keyboard: key_hold(ctrlright, (0.1, 0.4)) - 0m51s
[16:16:00] keyboard: key_tap(shiftright) - 1m1s
[16:16:59] skip: key_modifier_medley(4) (user interrupted)
[16:17:04] skip: mouse_fast_flick (user interrupted)
[16:17:09] skip: mouse_zigzag_two_segments (user interrupted)
[16:17:15] skip: key_lock_toggle(numlock, 4) (user interrupted)
[16:17:20] skip: key_sequential_tap(ctrl, shift) (user interrupted)
[16:17:25] skip: mouse_medium_move (user interrupted)
[16:17:30] skip: mouse_short_move (user interrupted)
[16:17:35] skip: mouse_tiny_step (user interrupted)
[16:17:40] keyboard: key_hold(shiftright, (0.1, 0.4)) - 1m40s
[16:18:16] skip: mouse_slow_wide_drift (user interrupted)
[16:18:21] keyboard: key_hold(ctrlright, (0.1, 0.4)) - 0m41s
[16:18:54] skip: key_modifier_medley(4) (user interrupted)
[16:18:59] skip: mouse_big_jump (user interrupted)
[16:19:04] skip: mouse_random_walk_chain (user interrupted)
[16:19:09] skip: mouse_curved_ease_out (user interrupted)
[16:19:14] skip: key_alt_tab_bounce(8) (user interrupted)
[16:19:19] skip: mouse_big_jump (user interrupted)
[16:19:24] skip: mouse_long_move (user interrupted)
[16:19:29] skip: key_triple_tap(shiftright) (user interrupted)
[16:19:35] keyboard: key_hold(shiftright, (0.1, 0.4)) - 1m13s
[16:20:34] skip: mouse_curved_ease_in_out (user interrupted)
[16:20:39] skip: mouse_reverse_curve (user interrupted)
[16:20:44] skip: key_sequential_tap(shiftleft, ctrlright) (user interrupted)
[16:20:49] skip: mouse_short_move (user interrupted)
[16:20:54] skip: key_lock_toggle(capslock, 2) (user interrupted)
[16:20:59] skip: mouse_curved_ease_in_out (user interrupted)
[16:21:04] skip: mouse_vertical_move (user interrupted)
[16:21:09] skip: mouse_curved_ease_in_out (user interrupted)
[16:21:15] skip: key_double_tap(pause) (user interrupted)
[16:21:20] skip: mouse_random_walk_chain (user interrupted)
[16:21:25] skip: mouse_micro_jitter (user interrupted)
[16:21:30] keyboard: key_hold(shift, (0.5, 1.2)) - 1m55s
[16:22:18] skip: key_lock_toggle(numlock, 4) (user interrupted)
[16:22:24] skip: key_triple_tap(shiftright) (user interrupted)
[16:22:29] skip: key_triple_tap(shiftright) (user interrupted)
[16:22:34] skip: key_lock_toggle(scrolllock, 2) (user interrupted)
[16:22:40] skip: key_lock_toggle(capslock, 2) (user interrupted)
[16:22:45] skip: key_double_tap(ctrl) (user interrupted)
[16:22:50] skip: key_lock_toggle(numlock, 2) (user interrupted)
[16:22:55] skip: mouse_zigzag_three_segments (user interrupted)
[16:23:01] skip: key_lock_toggle(capslock, 4) (user interrupted)
[16:23:06] skip: mouse_horizontal_move (user interrupted)
[16:23:11] keyboard: key_hold(ctrl, (0.5, 1.2)) - 1m40s
[16:24:14] keyboard: key_hold(shiftright, (0.5, 1.2)) - 1m3s
[16:24:50] skip: mouse_zigzag_three_segments (user interrupted)
[16:24:55] keyboard: key_hold(ctrlleft, (0.5, 1.2)) - 0m41s
[16:25:26] skip: key_double_tap(shiftleft) (user interrupted)
[16:25:31] keyboard: key_tap(shiftright) - 0m36s
[16:26:14] skip: mouse_curved_ease_out (user interrupted)
[16:26:19] skip: mouse_micro_jitter (user interrupted)
[16:26:24] skip: key_double_tap(shiftright) (user interrupted)
[16:26:29] skip: key_double_tap(ctrl) (user interrupted)
[16:26:34] skip: mouse_medium_move (user interrupted)
[16:26:39] skip: mouse_random_walk_chain (user interrupted)
[16:26:44] skip: mouse_zigzag_three_segments (user interrupted)
[16:26:49] keyboard: key_hold(ctrlright, (0.1, 0.4)) - 1m17s
[16:27:44] skip: key_double_tap(shiftleft) (user interrupted)
[16:27:49] keyboard: key_hold(shiftleft, (0.5, 1.2)) - 0m59s
[16:29:01] skip: key_alt_tab_bounce(2) (user interrupted)
[16:29:06] skip: mouse_horizontal_move (user interrupted)
[16:29:11] skip: mouse_horizontal_move (user interrupted)
[16:29:17] skip: key_lock_toggle(numlock, 2) (user interrupted)
[16:29:22] skip: key_double_tap(shiftright) (user interrupted)
[16:29:27] skip: mouse_zigzag_three_segments (user interrupted)
[16:29:32] skip: key_alt_tab_bounce(6) (user interrupted)
[16:29:38] skip: key_alt_tab_bounce(2) (user interrupted)
[16:29:43] skip: mouse_short_move (user interrupted)
[16:29:48] skip: mouse_medium_move (user interrupted)
[16:29:53] skip: mouse_big_jump (user interrupted)
[16:29:58] skip: mouse_long_move (user interrupted)
[16:30:03] skip: key_double_tap(shift) (user interrupted)
[16:30:08] keyboard: key_tap(ctrl) - 2m19s
[16:31:00] skip: key_double_tap(ctrlleft) (user interrupted)
[16:31:06] skip: key_modifier_medley(4) (user interrupted)
[16:31:11] keyboard: key_hold(shift, (0.1, 0.4)) - 1m2s
[16:31:57] skip: mouse_slow_wide_drift (user interrupted)
[16:32:02] skip: mouse_tiny_step (user interrupted)
[16:32:07] keyboard: key_hold(ctrl, (0.5, 1.2)) - 0m56s
[16:32:38] skip: key_lock_toggle(scrolllock, 2) (user interrupted)
[16:32:44] skip: key_sequential_tap(shift, ctrl) (user interrupted)
[16:32:49] skip: mouse_medium_move (user interrupted)
[16:32:54] skip: key_lock_toggle(scrolllock, 2) (user interrupted)
[16:32:59] keyboard: key_hold(shiftleft, (0.1, 0.4)) - 0m52s
[16:33:56] skip: mouse_vertical_move (user interrupted)
[16:34:01] skip: mouse_slow_wide_drift (user interrupted)
[16:34:07] skip: key_lock_toggle(numlock, 2) (user interrupted)
[16:34:12] skip: mouse_zigzag_two_segments (user interrupted)
[16:34:17] skip: mouse_slow_wide_drift (user interrupted)
[16:34:22] keyboard: key_tap(pause) - 1m22s
[16:35:08] skip: key_double_tap(pause) (user interrupted)
[16:35:13] skip: mouse_slow_wide_drift (user interrupted)
[16:35:19] keyboard: key_hold(shiftright, (0.1, 0.4)) - 0m56s
[16:36:12] skip: mouse_curved_ease_out (user interrupted)
[16:36:17] keyboard: key_hold(ctrlleft, (0.5, 1.2)) - 0m58s
[16:37:31] skip: key_triple_tap(shift) (user interrupted)
[16:37:36] skip: mouse_fast_flick (user interrupted)
[16:37:42] skip: key_alt_tab_bounce(2) (user interrupted)
[16:37:47] skip: key_triple_tap(ctrl) (user interrupted)
[16:37:52] skip: mouse_curved_ease_out (user interrupted)
[16:37:57] skip: key_sequential_tap(shift, ctrl) (user interrupted)
[16:38:02] skip: mouse_zigzag_three_segments (user interrupted)
[16:38:07] keyboard: key_hold(shiftleft, (0.5, 1.2)) - 1m50s
[16:38:56] keyboard: key_tap(shiftright) - 0m49s
[16:39:34] skip: key_modifier_medley(2) (user interrupted)
[16:39:39] skip: mouse_tiny_step (user interrupted)
[16:39:44] skip: key_double_tap(shift) (user interrupted)
[16:39:49] skip: key_lock_toggle(capslock, 4) (user interrupted)
[16:39:54] keyboard: key_hold(shiftright, (0.1, 0.4)) - 0m57s
[16:41:08] keyboard: key_tap(ctrlleft) - 1m13s
[16:42:07] skip: key_double_tap(ctrl) (user interrupted)
[16:42:12] skip: key_alt_tab_bounce(6) (user interrupted)
[16:42:17] skip: mouse_long_diagonal_sweep (user interrupted)
[16:42:22] skip: key_double_tap(shift) (user interrupted)
[16:42:27] skip: mouse_curved_ease_out (user interrupted)
[16:42:32] keyboard: key_tap(shiftright) - 1m24s
[16:43:13] skip: mouse_zigzag_three_segments (user interrupted)
[16:43:18] skip: mouse_random_walk_chain (user interrupted)
[16:43:23] keyboard: key_hold(shiftright, (0.5, 1.2)) - 0m50s
[16:44:30] keyboard: key_hold(shiftright, (0.1, 0.4)) - 1m7s
[16:45:45] keyboard: key_hold(shift, (0.1, 0.4)) - 1m15s
[16:46:59] skip: mouse_curved_ease_in (user interrupted)
[16:47:04] skip: mouse_zigzag_three_segments (user interrupted)
[16:47:09] skip: key_alt_tab_bounce(6) (user interrupted)
[16:47:15] skip: key_sequential_tap(ctrl, shift) (user interrupted)
[16:47:20] skip: mouse_zigzag_three_segments (user interrupted)
[16:47:25] skip: key_double_tap(shiftleft) (user interrupted)
[16:47:30] keyboard: key_hold(shiftleft, (0.5, 1.2)) - 1m45s
[16:48:33] skip: mouse_fast_flick (user interrupted)
[16:48:38] keyboard: key_tap(shiftright) - 1m8s
[16:49:35] keyboard: key_tap(shiftright) - 0m57s
[16:50:20] skip: key_double_tap(shiftright) (user interrupted)
[16:50:25] keyboard: key_hold(ctrlleft, (0.1, 0.4)) - 0m49s
[16:51:33] skip: mouse_zigzag_three_segments (user interrupted)
[16:51:38] skip: mouse_diagonal_move (user interrupted)
[16:51:43] skip: key_sequential_tap(ctrlright, shiftleft) (user interrupted)
[16:51:49] skip: key_alt_tab_bounce(10) (user interrupted)
[16:51:54] skip: mouse_micro_jitter (user interrupted)
[16:51:59] skip: mouse_vertical_move (user interrupted)
[16:52:04] skip: mouse_short_move (user interrupted)
[16:52:09] skip: key_alt_tab_bounce(4) (user interrupted)
[16:52:15] keyboard: key_hold(ctrlright, (0.5, 1.2)) - 1m49s
[16:52:59] skip: key_alt_tab_bounce(4) (user interrupted)
[16:53:04] skip: mouse_fast_flick (user interrupted)
[16:53:09] skip: key_sequential_tap(ctrlleft, shiftright) (user interrupted)
[16:53:14] skip: mouse_long_move (user interrupted)
[16:53:19] skip: mouse_horizontal_move (user interrupted)
[16:53:24] keyboard: key_tap(ctrl) - 1m9s
[16:54:25] keyboard: key_tap(shiftright) - 1m0s
[16:54:56] skip: mouse_curved_ease_out (user interrupted)
[16:55:01] skip: mouse_vertical_move (user interrupted)
[16:55:06] keyboard: key_hold(shiftright, (0.5, 1.2)) - 0m41s [Battery]
[16:56:43] skip: mouse_vertical_move (user interrupted)
[16:56:48] keyboard: key_hold(ctrlright, (0.1, 0.4)) - 1m42s [Battery]
[16:57:56] skip: mouse_tiny_step (user interrupted)
[16:58:01] skip: key_modifier_medley(2) (user interrupted)
[16:58:06] keyboard: key_hold(ctrlleft, (0.1, 0.4)) - 1m18s [Battery]
[16:59:15] skip: key_lock_toggle(capslock, 2) (user interrupted)
[16:59:20] keyboard: key_tap(pause) - 1m13s [Battery]
[17:01:01] skip: mouse_horizontal_move (user interrupted)
[17:01:06] skip: mouse_diagonal_move (user interrupted)
[17:01:11] skip: key_lock_toggle(scrolllock, 2) (user interrupted)
[17:01:16] skip: mouse_medium_move (user interrupted)
[17:01:22] keyboard: key_tap(ctrl) - 2m1s [Battery]
[17:02:32] skip: mouse_tiny_step (user interrupted)
[17:02:37] keyboard: key_tap(shiftleft) - 1m15s [Battery]
[17:04:26] skip: key_double_tap(shiftright) (user interrupted)
[17:04:31] skip: mouse_micro_jitter (user interrupted)
[17:04:36] skip: mouse_fast_flick (user interrupted)
[17:04:41] skip: mouse_fast_flick (user interrupted)
[17:04:46] skip: mouse_slow_drift (user interrupted)
[17:04:52] skip: key_alt_tab_bounce(10) (user interrupted)
[17:04:57] skip: mouse_fast_flick (user interrupted)
[17:05:02] skip: mouse_micro_jitter (user interrupted)
[17:05:07] keyboard: key_tap(shiftleft) - 2m30s [Battery]
[17:06:00] keyboard: key_tap(pause) - 0m53s [Battery]
[17:07:11] skip: key_double_tap(ctrlleft) (user interrupted)
[17:07:16] skip: mouse_short_move (user interrupted)
[17:07:21] skip: mouse_diagonal_move (user interrupted)
[17:07:27] skip: key_alt_tab_bounce(10) (user interrupted)
[17:07:32] skip: key_double_tap(shift) (user interrupted)
[17:07:37] skip: key_triple_tap(shiftleft) (user interrupted)
[17:07:42] keyboard: key_tap(shiftleft) - 1m42s [Battery]
[17:09:13] keyboard: key_hold(ctrlright, (0.5, 1.2)) - 1m31s [Battery]
[17:10:53] skip: key_double_tap(pause) (user interrupted)
[17:10:58] skip: mouse_horizontal_move (user interrupted)
[17:11:03] keyboard: key_hold(shiftleft, (0.1, 0.4)) - 1m49s [Battery]
[17:12:09] skip: key_alt_tab_bounce(8) (user interrupted)
[17:12:15] skip: key_sequential_tap(ctrlleft, shiftright) (user interrupted)
[17:12:20] skip: mouse_slow_wide_drift (user interrupted)
[17:12:25] skip: mouse_short_move (user interrupted)
[17:12:30] skip: mouse_curved_ease_in_out (user interrupted)
[17:12:35] keyboard: key_hold(shiftright, (0.5, 1.2)) - 1m31s [Battery]
[17:13:54] skip: mouse_zigzag_two_segments (user interrupted)
[17:13:59] skip: mouse_curved_ease_in_out (user interrupted)
[17:14:04] skip: mouse_long_move (user interrupted)
[17:14:09] skip: mouse_slow_wide_drift (user interrupted)
[17:14:14] skip: mouse_vertical_move (user interrupted)
[17:14:19] skip: mouse_micro_jitter (user interrupted)
[17:14:24] skip: mouse_slow_drift (user interrupted)
[17:14:29] keyboard: key_hold(ctrlright, (0.5, 1.2)) - 1m54s [Battery]
[17:15:52] skip: key_lock_toggle(numlock, 4) (user interrupted)
[17:15:57] skip: key_double_tap(shiftleft) (user interrupted)
[17:16:02] skip: key_modifier_medley(4) (user interrupted)
[17:16:07] keyboard: key_tap(ctrlright) - 1m38s [Battery]
[17:17:35] skip: mouse_slow_drift (user interrupted)
[17:17:40] keyboard: key_tap(ctrlright) - 1m33s [Battery]
[17:18:42] skip: mouse_long_move (user interrupted)
[17:18:47] skip: mouse_zigzag_three_segments (user interrupted)
[17:18:52] skip: mouse_big_jump (user interrupted)
[17:18:57] keyboard: key_tap(shiftright) - 1m17s [Battery]
[17:19:47] skip: key_double_tap(shiftleft) (user interrupted)
[17:19:52] skip: mouse_slow_drift (user interrupted)
[17:19:57] keyboard: key_hold(ctrl, (0.1, 0.4)) - 0m59s [Battery]
[17:20:46] skip: mouse_curved_ease_in_out (user interrupted)
[17:20:51] keyboard: key_hold(shift, (0.5, 1.2)) - 0m54s [Battery]
[17:22:05] skip: mouse_micro_jitter (user interrupted)
[17:22:10] skip: mouse_zigzag_three_segments (user interrupted)
[17:22:15] skip: key_lock_toggle(numlock, 2) (user interrupted)
[17:22:21] skip: key_triple_tap(shiftright) (user interrupted)
[17:22:26] keyboard: key_tap(pause) - 1m34s [Battery]
[17:23:26] skip: key_sequential_tap(shift, ctrl) (user interrupted)
[17:23:31] skip: mouse_vertical_move (user interrupted)
[17:23:36] skip: mouse_fast_flick (user interrupted)
[17:23:41] skip: mouse_big_jump (user interrupted)
[17:23:46] skip: mouse_medium_move (user interrupted)
[17:23:51] keyboard: key_tap(shiftright) - 1m25s [Battery]
[17:25:28] skip: mouse_curved_ease_in (user interrupted)
[17:25:34] skip: key_double_tap(shift) (user interrupted)
[17:25:39] skip: mouse_horizontal_move (user interrupted)
[17:25:44] keyboard: key_hold(ctrlleft, (0.1, 0.4)) - 1m52s [Battery]
[17:27:27] keyboard: key_hold(ctrlleft, (0.1, 0.4)) - 1m43s [Battery]
[17:29:12] skip: mouse_tiny_step (user interrupted)
[17:29:17] keyboard: key_hold(ctrl, (0.5, 1.2)) - 1m50s [Battery]
[17:30:38] keyboard: key_hold(ctrlright, (0.1, 0.4)) - 1m20s [Battery]
[17:32:19] skip: key_lock_toggle(numlock, 2) (user interrupted)
[17:32:24] skip: mouse_random_walk_chain (user interrupted)
[17:32:29] keyboard: key_tap(shiftright) - 1m51s [Battery]
[17:33:39] skip: key_sequential_tap(shiftright, ctrlleft) (user interrupted)
[17:33:45] skip: key_triple_tap(ctrlright) (user interrupted)
[17:33:50] skip: mouse_curved_ease_in_out (user interrupted)
[17:33:55] keyboard: key_tap(ctrlright) - 1m25s [Battery]
[17:35:01] keyboard: key_hold(ctrlright, (0.5, 1.2)) - 1m6s [Battery]
[17:36:11] skip: mouse_curved_ease_in_out (user interrupted)
[17:36:16] skip: mouse_diagonal_move (user interrupted)
[17:36:21] skip: mouse_zigzag_two_segments (user interrupted)
[17:36:26] skip: mouse_random_walk_chain (user interrupted)
[17:36:31] skip: mouse_horizontal_move (user interrupted)
[17:36:36] skip: mouse_random_walk_chain (user interrupted)
[17:36:41] skip: mouse_long_move (user interrupted)
[17:36:46] skip: mouse_short_move (user interrupted)
[17:36:51] keyboard: key_hold(ctrlleft, (0.5, 1.2)) - 1m50s [Battery]
[17:38:31] keyboard: key_hold(shiftleft, (0.5, 1.2)) - 1m40s [Battery]
[17:39:19] skip: mouse_big_jump (user interrupted)
[17:39:24] keyboard: key_tap(shift) - 0m52s [Battery]
[17:40:16] skip: key_triple_tap(shiftleft) (user interrupted)
[17:40:21] skip: mouse_random_walk_chain (user interrupted)
[17:40:26] keyboard: key_tap(pause) - 1m2s [Battery]
[17:42:09] keyboard: key_tap(pause) - 1m43s [Battery]
[17:43:39] keyboard: key_hold(shiftright, (0.1, 0.4)) - 1m30s [Battery]
[17:45:22] skip: mouse_fast_flick (user interrupted)
[17:45:27] skip: mouse_slow_wide_drift (user interrupted)
[17:45:33] skip: key_triple_tap(shiftleft) (user interrupted)
[17:45:38] skip: mouse_reverse_curve (user interrupted)
[17:45:43] skip: key_alt_tab_bounce(10) (user interrupted)
[17:45:48] keyboard: key_hold(ctrlright, (0.5, 1.2)) - 2m8s
[17:46:44] skip: key_triple_tap(shiftleft) (user interrupted)
[17:46:49] skip: mouse_long_move (user interrupted)
[17:46:54] skip: key_double_tap(shift) (user interrupted)
[17:46:59] skip: key_modifier_medley(2) (user interrupted)
[17:47:04] skip: mouse_slow_wide_drift (user interrupted)
[17:47:09] skip: key_lock_toggle(capslock, 2) (user interrupted)
[17:47:14] skip: mouse_micro_jitter (user interrupted)
[17:47:19] keyboard: key_tap(shiftright) - 1m31s
[17:47:54] skip: mouse_long_move (user interrupted)
[17:47:59] skip: mouse_random_walk_chain (user interrupted)
[17:48:05] skip: mouse_long_diagonal_sweep (user interrupted)
[17:48:10] skip: mouse_tiny_step (user interrupted)
[17:48:15] skip: mouse_horizontal_move (user interrupted)
[17:48:20] skip: mouse_diagonal_move (user interrupted)
[17:48:25] skip: key_double_tap(ctrlleft) (user interrupted)
[17:48:30] skip: mouse_micro_jitter (user interrupted)
[17:48:35] skip: key_alt_tab_bounce(10) (user interrupted)
[17:48:40] keyboard: key_tap(ctrlright) - 1m20s
[17:49:13] keyboard: key_hold(shiftleft, (0.1, 0.4)) - 0m32s
[17:50:20] skip: key_triple_tap(ctrlright) (user interrupted)
[17:50:25] skip: key_modifier_medley(2) (user interrupted)
[17:50:30] skip: key_double_tap(shiftright) (user interrupted)
[17:50:35] skip: mouse_big_jump (user interrupted)
[17:50:40] skip: mouse_zigzag_two_segments (user interrupted)
[17:50:46] skip: key_sequential_tap(ctrlright, shiftleft) (user interrupted)
[17:50:51] skip: mouse_horizontal_move (user interrupted)
[17:50:56] skip: mouse_zigzag_three_segments (user interrupted)
[17:51:01] skip: key_triple_tap(shift) (user interrupted)
[17:51:07] skip: key_alt_tab_bounce(4) (user interrupted)
[17:51:12] skip: mouse_micro_jitter (user interrupted)
[17:51:17] skip: mouse_curved_ease_in_out (user interrupted)
[17:51:22] skip: key_triple_tap(shift) (user interrupted)
[17:51:27] skip: mouse_short_move (user interrupted)
[17:51:32] skip: mouse_curved_ease_in (user interrupted)
[17:51:37] keyboard: key_hold(shiftright, (0.5, 1.2)) - 2m24s
[17:52:17] keyboard: key_hold(shiftright, (0.5, 1.2)) - 0m40s
[17:53:26] skip: key_double_tap(ctrl) (user interrupted)
[17:53:31] skip: key_alt_tab_bounce(10) (user interrupted)
[17:53:36] skip: key_double_tap(ctrlleft) (user interrupted)
[17:53:41] skip: mouse_micro_jitter (user interrupted)
[17:53:46] skip: mouse_short_move (user interrupted)
[17:53:51] skip: mouse_big_jump (user interrupted)
[17:53:57] skip: key_lock_toggle(capslock, 2) (user interrupted)
[17:54:02] keyboard: key_tap(ctrlleft) - 1m44s
[17:54:53] skip: mouse_zigzag_three_segments (user interrupted)
[17:54:58] skip: mouse_horizontal_move (user interrupted)
[17:55:03] skip: mouse_horizontal_move (user interrupted)
[17:55:08] skip: mouse_big_jump (user interrupted)
[17:55:13] skip: key_lock_toggle(capslock, 2) (user interrupted)
[17:55:18] keyboard: key_hold(shift, (0.5, 1.2)) - 1m16s
[17:56:27] skip: mouse_fast_flick (user interrupted)
[17:56:33] keyboard: key_tap(shiftleft) - 1m14s
[17:57:33] skip: key_triple_tap(ctrlleft) (user interrupted)
[17:57:38] skip: mouse_slow_drift (user interrupted)
[17:57:43] skip: mouse_micro_jitter (user interrupted)
[17:57:48] skip: mouse_zigzag_three_segments (user interrupted)
[17:57:53] skip: mouse_fast_flick (user interrupted)
[17:57:58] skip: key_double_tap(ctrlright) (user interrupted)
[17:58:04] skip: key_lock_toggle(capslock, 2) (user interrupted)
[17:58:09] keyboard: key_hold(ctrlright, (0.1, 0.4)) - 1m36s
[17:58:58] skip: key_triple_tap(ctrlright) (user interrupted)
[17:59:03] keyboard: key_hold(shift, (0.1, 0.4)) - 0m54s
[17:59:36] keyboard: key_tap(shiftright) - 0m33s
[18:00:51] skip: mouse_short_move (user interrupted)
[18:00:57] skip: key_alt_tab_bounce(2) (user interrupted)
[18:01:02] skip: key_double_tap(shiftright) (user interrupted)
[18:01:08] skip: key_alt_tab_bounce(4) (user interrupted)
[18:01:13] skip: mouse_zigzag_three_segments (user interrupted)
[18:01:18] keyboard: key_hold(ctrl, (0.5, 1.2)) - 1m41s
[18:02:23] skip: mouse_random_walk_chain (user interrupted)
[18:02:28] skip: mouse_short_move (user interrupted)
[18:02:33] skip: mouse_big_jump (user interrupted)
[18:02:38] skip: mouse_fast_flick (user interrupted)
[18:02:43] skip: mouse_random_walk_chain (user interrupted)
[18:02:48] skip: mouse_curved_ease_in_out (user interrupted)
[18:02:53] skip: mouse_slow_drift (user interrupted)
[18:02:58] skip: mouse_zigzag_three_segments (user interrupted)
[18:03:03] skip: key_triple_tap(shiftright) (user interrupted)
[18:03:08] skip: key_sequential_tap(ctrlright, shiftleft) (user interrupted)
[18:03:13] skip: mouse_big_jump (user interrupted)
[18:03:19] skip: key_triple_tap(ctrlleft) (user interrupted)
[18:03:24] keyboard: key_hold(ctrlright, (0.1, 0.4)) - 2m5s
[18:04:15] keyboard: key_tap(ctrlright) - 0m51s
[18:04:46] skip: key_alt_tab_bounce(10) (user interrupted)
[18:04:51] skip: mouse_horizontal_move (user interrupted)
[18:04:56] skip: key_sequential_tap(shift, ctrl) (user interrupted)
[18:05:01] skip: mouse_tiny_step (user interrupted)
[18:05:07] skip: key_alt_tab_bounce(6) (user interrupted)
[18:05:12] skip: mouse_fast_flick (user interrupted)
[18:05:18] skip: key_alt_tab_bounce(10) (user interrupted)
[18:05:23] skip: mouse_curved_ease_out (user interrupted)
[18:05:28] skip: mouse_diagonal_move (user interrupted)
[18:05:33] keyboard: key_hold(ctrlright, (0.1, 0.4)) - 1m17s
[18:06:04] skip: key_alt_tab_bounce(2) (user interrupted)
[18:06:09] skip: key_double_tap(pause) (user interrupted)
[18:06:14] skip: mouse_reverse_curve (user interrupted)
[18:06:20] skip: key_sequential_tap(ctrlleft, shiftright) (user interrupted)
[18:06:25] skip: mouse_horizontal_move (user interrupted)
[18:06:30] skip: mouse_long_move (user interrupted)
[18:06:35] keyboard: key_hold(ctrlright, (0.1, 0.4)) - 1m2s
[18:07:24] skip: key_alt_tab_bounce(10) (user interrupted)
[18:07:29] skip: mouse_vertical_move (user interrupted)
[18:07:34] skip: mouse_micro_jitter (user interrupted)
[18:07:40] skip: key_alt_tab_bounce(8) (user interrupted)
[18:07:45] keyboard: key_tap(ctrl) - 1m9s
[18:08:30] skip: key_sequential_tap(ctrlleft, shiftright) (user interrupted)
[18:08:35] skip: mouse_medium_move (user interrupted)
[18:08:40] skip: mouse_tiny_step (user interrupted)
[18:08:46] skip: key_double_tap(shiftright) (user interrupted)
[18:08:51] skip: mouse_zigzag_three_segments (user interrupted)
[18:08:56] skip: key_triple_tap(shift) (user interrupted)
[18:09:01] skip: mouse_fast_flick (user interrupted)
[18:09:06] skip: mouse_curved_ease_out (user interrupted)
[18:09:11] skip: mouse_fast_flick (user interrupted)
[18:09:16] skip: mouse_horizontal_move (user interrupted)
[18:09:21] skip: mouse_big_jump (user interrupted)
[18:09:26] skip: mouse_vertical_move (user interrupted)
[18:09:31] skip: mouse_diagonal_move (user interrupted)
[18:09:36] skip: mouse_zigzag_three_segments (user interrupted)
[18:09:41] skip: key_triple_tap(shiftleft) (user interrupted)
[18:09:46] skip: mouse_big_jump (user interrupted)
[18:09:51] keyboard: key_tap(ctrlleft) - 2m6s
[18:10:24] skip: key_triple_tap(shiftleft) (user interrupted)
[18:10:29] skip: key_triple_tap(ctrl) (user interrupted)
[18:10:34] skip: key_double_tap(shiftleft) (user interrupted)
[18:10:39] keyboard: key_hold(ctrl, (0.5, 1.2)) - 0m47s
[18:11:19] skip: key_lock_toggle(capslock, 2) (user interrupted)
[18:11:24] skip: mouse_slow_wide_drift (user interrupted)
[18:11:29] skip: key_alt_tab_bounce(8) (user interrupted)
[18:11:34] skip: mouse_diagonal_move (user interrupted)
[18:11:39] skip: mouse_short_move (user interrupted)
[18:11:44] skip: mouse_medium_move (user interrupted)
[18:11:49] skip: mouse_medium_move (user interrupted)
[18:11:54] skip: mouse_tiny_step (user interrupted)
[18:11:59] skip: key_triple_tap(ctrlleft) (user interrupted)
[18:12:05] skip: key_double_tap(pause) (user interrupted)
[18:12:10] skip: key_sequential_tap(shiftleft, ctrlright) (user interrupted)
[18:12:15] skip: key_modifier_medley(2) (user interrupted)
[18:12:21] skip: key_alt_tab_bounce(8) (user interrupted)
[18:12:26] skip: mouse_big_jump (user interrupted)
[18:12:31] skip: mouse_zigzag_two_segments (user interrupted)
[18:12:36] skip: key_modifier_medley(4) (user interrupted)
[18:12:41] skip: mouse_zigzag_two_segments (user interrupted)
[18:12:46] skip: mouse_slow_wide_drift (user interrupted)
[18:12:51] skip: mouse_curved_ease_out (user interrupted)
[18:12:56] skip: mouse_horizontal_move (user interrupted)
[18:13:01] keyboard: key_tap(ctrlright) - 2m21s
[18:14:02] skip: key_triple_tap(shiftright) (user interrupted)
[18:14:07] keyboard: key_hold(shift, (0.1, 0.4)) - 1m6s
